2026-05-13T23:32:26  Watcher active. Source='C:\Users\loganf\Downloads\Phone Link' Target='C:\Users\loganf\Documents\IDAHO-VAULT'
2026-05-17T02:45:33  MOVED: 2026-05-17-CODEX-REPORT_Obsidian_MCP.md -> C:\Users\loganf\Documents\IDAHO-VAULT\2026-05-17-CODEX-REPORT_Obsidian_MCP.md
2026-05-17T02:45:33  MOVED: Screenshot 2026-05-12 153213.jpg -> C:\Users\loganf\Documents\IDAHO-VAULT\Screenshot 2026-05-12 153213.jpg
2026-05-17T02:45:33  MOVED: RESUME.pdf -> C:\Users\loganf\Documents\IDAHO-VAULT\RESUME.pdf
2026-05-17T02:45:33  MOVED: compass_artifact_wf-81de83e7-662e-4f70-87f3-ffe5a9658003_text_markdown.md -> C:\Users\loganf\Documents\IDAHO-VAULT\compass_artifact_wf-81de83e7-662e-4f70-87f3-ffe5a9658003_text_markdown.md
2026-05-17T02:45:33  MOVED: Carmelita-and-the-Librarian.png -> C:\Users\loganf\Documents\IDAHO-VAULT\Carmelita-and-the-Librarian.png
2026-05-17T15:30:53  MOVED: The Hand.txt -> C:\Users\loganf\Documents\IDAHO-VAULT\The Hand.txt
2026-05-17T23:22:08  MOVED: Screenshot 2026-05-17 232147.jpg -> C:\Users\loganf\Documents\IDAHO-VAULT\Screenshot 2026-05-17 232147.jpg
2026-05-21T22:15:50  Watcher active. Source='C:\Users\loganf\Downloads\Phone Link' Target='C:\Users\loganf\Documents\IDAHO-VAULT'
2026-05-23T03:23:06  MOVED: Screenshot 2026-05-23 032254.jpg -> C:\Users\loganf\Documents\IDAHO-VAULT\Screenshot 2026-05-23 032254.jpg
2026-05-27T20:14:06  Watcher active. Source='C:\Users\loganf\Downloads\Phone Link' Target='C:\Users\loganf\Documents\IDAHO-VAULT'
2026-06-01T10:34:08  Watcher active. Source='C:\Users\loganf\Downloads\Phone Link' Target='C:\Users\loganf\Documents\IDAHO-VAULT'
2026-06-03T10:42:56  SKIP (duplicate): Screenshot 2026-05-17 232147.jpg
2026-06-03T10:42:56  MOVED: idaho-vault-48b78ec18835.json -> C:\Users\loganf\Documents\IDAHO-VAULT\idaho-vault-48b78ec18835.json
2026-06-04T14:47:01  MOVED: repository-open-graph-template.png -> C:\Users\loganf\Documents\IDAHO-VAULT\repository-open-graph-template.png
2026-06-10T09:57:52  Watcher active. Source='C:\Users\loganf\Downloads\Phone Link' Target='C:\Users\loganf\Documents\IDAHO-VAULT'
2026-06-19T01:15:27  Watcher active. Source='C:\Users\loganf\Downloads\Phone Link' Target='C:\Users\loganf\Documents\IDAHO-VAULT'
2026-06-22T00:15:42  Watcher active. Source='C:\Users\loganf\Downloads\Phone Link' Target='C:\Users\loganf\Documents\IDAHO-VAULT'
2026-07-06T22:15:46  Watcher active. Source='C:\Users\loganf\Downloads\Phone Link' Target='C:\Users\loganf\Documents\IDAHO-VAULT'
2026-07-07T06:15:04  Watcher active. Source='C:\Users\loganf\Downloads\Phone Link' Target='C:\Users\loganf\Documents\IDAHO-VAULT'
2026-07-09T09:38:41  Watcher active. Sources='C:\Users\loganf\Downloads\Mobile Devices; C:\Users\loganf\Downloads\Phone Link' Target='C:\Users\loganf\Documents\IDAHO-VAULT'
2026-07-09T09:38:41  SKIP (duplicate): PXL_20260708_233135438.jpg
2026-07-09T09:40:26  SKIP (duplicate): PXL_20260708_233135438.jpg
2026-07-09T09:40:27  SKIP (duplicate): Untitled Kanban.md
2026-07-09T09:40:27  SKIP (duplicate): PXL_20260708_233135438.jpg
2026-07-09T09:40:28  SKIP (duplicate): Untitled Kanban.md
2026-07-09T09:42:19  SKIP (not ready): Untitled Kanban.md
2026-07-09T09:42:21  SKIP (not ready): 2026-04-23 - It shouldn’t take a boycott to get REI Co-op to listen to its members.md
2026-07-09T09:42:22  SKIP (duplicate): 2026-04-23 - It shouldn’t take a boycott to get REI Co-op to listen to its members.md
2026-07-09T09:43:18  Watcher active. Sources='C:\Users\loganf\Downloads\Mobile Devices; C:\Users\loganf\Downloads\Phone Link' Target='C:\Users\loganf\Documents\IDAHO-VAULT'
2026-07-09T09:43:19  DROPPED (duplicate already in vault): 2026-04-23 - It shouldn’t take a boycott to get REI Co-op to listen to its members.md
2026-07-09T09:45:05  Watcher active. Sources='C:\Users\loganf\Downloads\Mobile Devices; C:\Users\loganf\Downloads\Phone Link' Target='C:\Users\loganf\Documents\IDAHO-VAULT'
2026-07-09T09:48:49  SKIP (not ready): Hello World!.txt
2026-07-09T09:48:50  MOVED (direct): Hello World!.txt -> Hello World!.txt
2026-07-09T10:13:09  Watcher active. Sources='C:\Users\loganf\Downloads\Mobile Devices; C:\Users\loganf\Downloads\Phone Link' Target='C:\Users\loganf\Documents\IDAHO-VAULT'
2026-07-09T10:13:10  MOVED (direct): 2026-07-08 - Ada Co. gathering letters from cities to explore 'publicly-funded solution' for invasive rats (1).md -> 2026-07-08 - Ada Co. gathering letters from cities to explore 'publicly-funded solution' for invasive rats (1).md
2026-07-09T10:13:10  MOVED (direct): 2026-07-08 - Ada Co. gathering letters from cities to explore 'publicly-funded solution' for invasive rats.md -> 2026-07-08 - Ada Co. gathering letters from cities to explore 'publicly-funded solution' for invasive rats.md
2026-07-09T10:13:11  MOVED (direct): 2026-07-08 - After a decade of dreaming, Menan's new library is finally breaking ground.md -> 2026-07-08 - After a decade of dreaming, Menan's new library is finally breaking ground.md
2026-07-09T10:13:11  MOVED (direct): 2026-07-08 - Red and blue states pass laws to protect contraception access • Idaho Capital Sun.md -> 2026-07-08 - Red and blue states pass laws to protect contraception access • Idaho Capital Sun.md
2026-07-09T10:13:12  MOVED (direct): 2026-07-06 - Three complaints filed over classroom displays during the first year of Idaho’s new banner law.md -> 2026-07-06 - Three complaints filed over classroom displays during the first year of Idaho’s new banner law.md
2026-07-09T10:13:12  MOVED (direct): 2026-07-07 - Teton Valley School District faces hiring classified staff challenges ahead of school year.md -> 2026-07-07 - Teton Valley School District faces hiring classified staff challenges ahead of school year.md
2026-07-09T10:13:13  MOVED (direct): 2026-07-09 - Bracing for Idaho’s new ban, group maps safe bathrooms across the state for trans people • Idaho Capital Sun.md -> 2026-07-09 - Bracing for Idaho’s new ban, group maps safe bathrooms across the state for trans people • Idaho Capital Sun.md
2026-07-09T10:13:13  MOVED (direct): 2026-07-09 - LGBTQ+ Christians Find Community in Northwest Churches.md -> 2026-07-09 - LGBTQ+ Christians Find Community in Northwest Churches.md
2026-07-09T10:13:14  MOVED (direct): 2026-07-09 - The Bible's power lives in metaphor, not literalism.md -> 2026-07-09 - The Bible's power lives in metaphor, not literalism.md
2026-07-09T10:16:11  Watcher active. Sources='C:\Users\loganf\Downloads\Mobile Devices; C:\Users\loganf\Downloads\Phone Link' Target='C:\Users\loganf\Documents\IDAHO-VAULT'
2026-07-09T10:20:30  SKIP (not ready): 482062340_9322912877784455_5814087202845590469_n.jpg
2026-07-09T10:22:20  Watcher active. Sources='C:\Users\loganf\Downloads\Mobile Devices; C:\Users\loganf\Downloads\Phone Link' Target='C:\Users\loganf\Documents\IDAHO-VAULT'
2026-07-09T10:22:20  MOVED (direct): 482062340_9322912877784455_5814087202845590469_n.jpg -> 482062340_9322912877784455_5814087202845590469_n.jpg
2026-07-09T10:24:30  SKIP (not ready): Screenshot_20260708-011219.png
2026-07-09T10:24:31  MOVED (direct): Screenshot_20260708-011219.png -> Screenshot_20260708-011219.png
2026-07-09T10:47:52  Watcher active. Sources='C:\Users\loganf\Downloads\Mobile Devices; C:\Users\loganf\Downloads\Phone Link' Target='C:\Users\loganf\Documents\IDAHO-VAULT'
2026-07-09T10:47:52  MOVED (direct): - MTB Project - Old Sampson Trail Mountain Bike Trail, Clarkia, Idaho.md -> - MTB Project - Old Sampson Trail Mountain Bike Trail, Clarkia, Idaho.md
2026-07-09T10:47:53  MOVED (direct): 2011-06-09 - Keep the Show on the Road! - Sampson Trails...follow That Piano!.md -> 2011-06-09 - Keep the Show on the Road! - Sampson Trails...follow That Piano!.md
2026-07-09T10:47:53  MOVED (direct): 2013-06-25 - hmdb.org - White Pine Scenic Byway Historical Marker.md -> 2013-06-25 - hmdb.org - White Pine Scenic Byway Historical Marker.md
2026-07-09T10:47:54  MOVED (direct): 2025-09-03 - Valley Lookout - Valley County to extend Samson Trail Pathway this fall.md -> 2025-09-03 - Valley Lookout - Valley County to extend Samson Trail Pathway this fall.md
2026-07-09T11:17:54  MOVED (direct): 2001-01-29 - KTVB - 77 years later, Idaho still remembers the impact of one of its deadliest winters.md -> 2001-01-29 - KTVB - 77 years later, Idaho still remembers the impact of one of its deadliest winters.md
2026-07-09T11:17:55  MOVED (direct): - highways.dot.gov - A Moment in Time_ The Week America Loved Trucks.md -> - highways.dot.gov - A Moment in Time_ The Week America Loved Trucks.md
2026-07-09T11:17:56  MOVED (direct): - WyoHistory.org - Before the Numbers_ Naming Wyoming’s Highways.md -> - WyoHistory.org - Before the Numbers_ Naming Wyoming’s Highways.md
2026-07-09T11:47:22  MOVED (direct): 2022-04-14 - The Library of Congress - Maps of the Good Roads Movement.md -> 2022-04-14 - The Library of Congress - Maps of the Good Roads Movement.md
2026-07-09T12:04:27  MOVED (direct): 2001-07-25 - Governing - How Gilded Age Bicyclists Paved the Way for the Modern Highway System.md -> 2001-07-25 - Governing - How Gilded Age Bicyclists Paved the Way for the Modern Highway System.md
2026-07-09T12:04:28  MOVED (direct): - Rick Just - A Little Idaho License Plate History.md -> - Rick Just - A Little Idaho License Plate History.md
2026-07-09T12:04:29  MOVED (direct): 486634575_1082110773961303_9051624088769974881_n.jpg -> 486634575_1082110773961303_9051624088769974881_n.jpg
2026-07-09T12:04:29  MOVED (direct): 2016-07-10 - The Yellow Pine Times - Idaho History July 10, 2016.md -> 2016-07-10 - The Yellow Pine Times - Idaho History July 10, 2016.md
2026-07-09T12:04:29  MOVED (direct): - Rand McNally Publishing - Vintage Wall Map_ Idaho Auto Trails Map.md -> - Rand McNally Publishing - Vintage Wall Map_ Idaho Auto Trails Map.md
2026-07-09T15:55:25  MOVED (direct): - AllTrips - McCall Idaho - McCall History & Museums_ Packer Johns Cabin, Mcall Idaho.md -> - AllTrips - McCall Idaho - McCall History & Museums_ Packer Johns Cabin, Mcall Idaho.md
2026-07-09T15:55:26  MOVED (direct): - Building the Mullan Road.md -> - Building the Mullan Road.md
2026-07-09T15:55:27  MOVED (direct): - farm-to-market, adj. & n. meanings, etymology and more.md -> - farm-to-market, adj. & n. meanings, etymology and more.md
2026-07-09T15:55:27  DROPPED (duplicate already in vault): - highways.dot.gov - A Moment in Time_ The Week America Loved Trucks.md
2026-07-09T15:55:28  MOVED (direct): - highways.dot.gov - Meet Lou Alta Melton (1).md -> - highways.dot.gov - Meet Lou Alta Melton (1).md
2026-07-09T15:55:28  MOVED (direct): - highways.dot.gov - Meet Lou Alta Melton.md -> - highways.dot.gov - Meet Lou Alta Melton.md
2026-07-09T15:55:29  MOVED (direct): - mullanroad.md -> - mullanroad.md
2026-07-09T15:55:29  MOVED (direct): - The Library of Congress - Hupmobile United America Tour, 1918..md -> - The Library of Congress - Hupmobile United America Tour, 1918..md
2026-07-09T15:55:30  MOVED (direct): - The Mullan Road_ Waypoints in the Palouse Tour.md -> - The Mullan Road_ Waypoints in the Palouse Tour.md
2026-07-09T15:55:30  MOVED (direct): - Walla Walla District - Boise Outreach Office.md -> - Walla Walla District - Boise Outreach Office.md
2026-07-09T15:55:31  MOVED (direct): - Welcome to the FHWA Idaho Division.md -> - Welcome to the FHWA Idaho Division.md
2026-07-09T15:55:31  MOVED (direct): 1861-07-03 - Mullan Road _ Kootenai County, ID.md -> 1861-07-03 - Mullan Road _ Kootenai County, ID.md
2026-07-09T15:55:32  MOVED (direct): 2005-06-04 - John Mullan created road with future travelers in mind.md -> 2005-06-04 - John Mullan created road with future travelers in mind.md
2026-07-09T15:55:32  MOVED (direct): 2005-12-17 - Wikipedia - Good Roads Movement.md -> 2005-12-17 - Wikipedia - Good Roads Movement.md
2026-07-09T15:55:33  MOVED (direct): 2014-06-02 - John Mullan (1830-1909).md -> 2014-06-02 - John Mullan (1830-1909).md
2026-07-09T15:55:33  MOVED (direct): 2020-03-30 - Capt. John Mullan, the man behind the trail.md -> 2020-03-30 - Capt. John Mullan, the man behind the trail.md
2026-07-09T15:55:34  MOVED (direct): 2020-04-20 - Kelley Packer appointed executive director of the Association of Idaho Cities.md -> 2020-04-20 - Kelley Packer appointed executive director of the Association of Idaho Cities.md
2026-07-09T15:55:34  DROPPED (duplicate already in vault): 2022-04-14 - The Library of Congress - Maps of the Good Roads Movement.md
2026-07-09T15:55:35  MOVED (direct): 2026-07-08 - West Ada hires Rep. Galaviz as a multilingual learner consultant.md -> 2026-07-08 - West Ada hires Rep. Galaviz as a multilingual learner consultant.md
2026-07-09T15:55:35  MOVED (direct): 2026-07-09 - Op-Ed_ Vote No On Prop 1... Again.md -> 2026-07-09 - Op-Ed_ Vote No On Prop 1... Again.md
2026-07-09T15:55:36  MOVED (direct): 2026-07-09 - This teenage Democrat is building a political future in deep-red Idaho..md -> 2026-07-09 - This teenage Democrat is building a political future in deep-red Idaho..md
2026-07-10T16:13:39  SKIP (not ready): ENV_MeadowsValleyContext2018.pdf
2026-07-10T16:13:39  SKIP (not ready): ENV_MeadowsValleyContext2018.pdf
2026-07-10T16:13:40  MOVED (direct): ENV_MeadowsValleyContext2018.pdf -> ENV_MeadowsValleyContext2018.pdf
2026-07-10T16:42:23  MOVED (direct): 2020-02-28 - Idaho contractors altered asphalt test data on road projects for bonuses, newspaper reports.md -> 2020-02-28 - Idaho contractors altered asphalt test data on road projects for bonuses, newspaper reports.md
2026-07-10T16:42:24  MOVED (direct): - cobalt_docs_run-an-instance.md at main.md -> - cobalt_docs_run-an-instance.md at main.md
2026-07-10T16:42:24  MOVED (direct): - Find Adventures Near You, Track Your Progress, Share.md -> - Find Adventures Near You, Track Your Progress, Share.md
2026-07-10T16:42:25  MOVED (direct): - highways.dot.gov - U.S. 95 and Idaho's North and South Highway (1).md -> - highways.dot.gov - U.S. 95 and Idaho's North and South Highway (1).md
2026-07-10T16:42:25  MOVED (direct): - highways.dot.gov - U.S. 95 and Idaho's North and South Highway.md -> - highways.dot.gov - U.S. 95 and Idaho's North and South Highway.md
2026-07-10T16:42:26  MOVED (direct): - idahohistory.contentdm.oclc.org - DG-14 - Bridge and Road Construction - CCC in Idaho Collection - Idaho State Historical Society Digital Collections.md -> - idahohistory.contentdm.oclc.org - DG-14 - Bridge and Road Construction - CCC in Idaho Collection - Idaho State Historical Society Digital Collections.md
2026-07-10T16:42:26  MOVED (direct): - John Mullan_ The Tumultuous Life of a Western Road Builder.md -> - John Mullan_ The Tumultuous Life of a Western Road Builder.md
2026-07-10T16:42:27  MOVED (direct): - Our Story.md -> - Our Story.md
2026-07-10T16:42:27  MOVED (direct): - washingtonruralheritage.org - ACL0290-02.md -> - washingtonruralheritage.org - ACL0290-02.md
2026-07-10T16:42:27  MOVED (direct): 2020-02-22 - Back in 2002, he spoke up about falsifying Idaho road-construction tests. What happened_.md -> 2020-02-22 - Back in 2002, he spoke up about falsifying Idaho road-construction tests. What happened_.md
2026-07-10T16:42:28  MOVED (direct): 2001-07-02 - Idaho CIO Tapped to Lead State’s Transportation Department.md -> 2001-07-02 - Idaho CIO Tapped to Lead State’s Transportation Department.md
2026-07-10T16:42:28  SKIP (not ready): 2001-07-02 - Idaho CIO Tapped to Lead State’s Transportation Department.md
2026-07-10T16:42:28  MOVED (direct): 2001-07-09 - Boise man charged with first-degree murder in Greenbelt stabbing, police say.md -> 2001-07-09 - Boise man charged with first-degree murder in Greenbelt stabbing, police say.md
2026-07-10T16:42:28  SKIP (not ready): 2001-07-09 - Boise man charged with first-degree murder in Greenbelt stabbing, police say.md
2026-07-10T16:42:29  MOVED (direct): 2001-07-09 - Highline schools sued after student says she was told religion was not an opinion, barred from sharing gospel tracts.md -> 2001-07-09 - Highline schools sued after student says she was told religion was not an opinion, barred from sharing gospel tracts.md
2026-07-10T16:42:29  SKIP (not ready): 2001-07-09 - Highline schools sued after student says she was told religion was not an opinion, barred from sharing gospel tracts.md
2026-07-10T16:42:29  MOVED (direct): 2001-09-22 - Do Something Big.md -> 2001-09-22 - Do Something Big.md
2026-07-10T16:42:29  SKIP (not ready): 2001-09-22 - Do Something Big.md
2026-07-10T16:42:30  MOVED (direct): 2001-12-11 - The Battle Against School Vouchers (1).md -> 2001-12-11 - The Battle Against School Vouchers (1).md
2026-07-10T16:42:30  SKIP (not ready): 2001-12-11 - The Battle Against School Vouchers (1).md
2026-07-10T16:42:30  MOVED (direct): 2001-12-11 - The Battle Against School Vouchers.md -> 2001-12-11 - The Battle Against School Vouchers.md
2026-07-10T16:42:30  SKIP (not ready): 2001-12-11 - The Battle Against School Vouchers.md
2026-07-10T16:42:31  MOVED (direct): 2001-12-22 - In Idaho, AI Improves Government Experience, Efficiency.md -> 2001-12-22 - In Idaho, AI Improves Government Experience, Efficiency.md
2026-07-10T16:42:31  SKIP (not ready): 2001-12-22 - In Idaho, AI Improves Government Experience, Efficiency.md
2026-07-10T16:42:31  MOVED (direct): 2009-06-14 - John Mullan (road builder).md -> 2009-06-14 - John Mullan (road builder).md
2026-07-10T16:42:31  SKIP (not ready): 2009-06-14 - John Mullan (road builder).md
2026-07-10T16:42:32  MOVED (direct): 2018-04-12 - These Volunteers Are Battling Idaho’s Government To Expand Medicaid.md -> 2018-04-12 - These Volunteers Are Battling Idaho’s Government To Expand Medicaid.md
2026-07-10T16:42:32  SKIP (not ready): 2018-04-12 - These Volunteers Are Battling Idaho’s Government To Expand Medicaid.md
2026-07-10T16:42:32  MOVED (direct): 2018-10-19 - The ballot revolt to bring Medicaid expansion to Trump country (1).md -> 2018-10-19 - The ballot revolt to bring Medicaid expansion to Trump country (1).md
2026-07-10T16:42:32  SKIP (not ready): 2018-10-19 - The ballot revolt to bring Medicaid expansion to Trump country (1).md
2026-07-10T16:42:33  MOVED (direct): 2018-10-19 - The ballot revolt to bring Medicaid expansion to Trump country.md -> 2018-10-19 - The ballot revolt to bring Medicaid expansion to Trump country.md
2026-07-10T16:42:33  SKIP (not ready): 2018-10-19 - The ballot revolt to bring Medicaid expansion to Trump country.md
2026-07-10T16:42:33  MOVED (direct): 2018-10-24 - Government expansion of health care is on the ballot in the most unlikely places.md -> 2018-10-24 - Government expansion of health care is on the ballot in the most unlikely places.md
2026-07-10T16:42:33  SKIP (not ready): 2018-10-24 - Government expansion of health care is on the ballot in the most unlikely places.md
2026-07-10T16:42:34  MOVED (direct): 2019-04-01 - Whistle-stop in Moscow for Reclaim Idaho’s veto tour.md -> 2019-04-01 - Whistle-stop in Moscow for Reclaim Idaho’s veto tour.md
2026-07-10T16:42:34  MOVED (direct): 2019-04-01 - Whistle-stop in Moscow for Reclaim Idaho’s veto tour.md -> 2019-04-01 - Whistle-stop in Moscow for Reclaim Idaho’s veto tour.md
2026-07-10T16:42:34  MOVED (direct): 2019-08-13 - Jones, lawmakers debate initiatives at town hall.md -> 2019-08-13 - Jones, lawmakers debate initiatives at town hall.md
2026-07-10T16:42:34  MOVED (direct): 2019-08-13 - Jones, lawmakers debate initiatives at town hall.md -> 2019-08-13 - Jones, lawmakers debate initiatives at town hall.md
2026-07-10T16:42:35  SKIP (not ready): 2019-11-06 - Reclaim Idaho works to get signatures on Invest in Idaho campaign.md
2026-07-10T16:42:35  MOVED (direct): 2019-11-06 - Reclaim Idaho works to get signatures on Invest in Idaho campaign.md -> 2019-11-06 - Reclaim Idaho works to get signatures on Invest in Idaho campaign.md
2026-07-10T16:42:35  MOVED (direct): 2019-11-17 - 'I did it because everybody else needed it'_ Reclaim volunteer reflects on Medicaid campaign.md -> 2019-11-17 - 'I did it because everybody else needed it'_ Reclaim volunteer reflects on Medicaid campaign.md
2026-07-10T16:42:35  MOVED (direct): 2019-11-17 - 'I did it because everybody else needed it'_ Reclaim volunteer reflects on Medicaid campaign.md -> 2019-11-17 - 'I did it because everybody else needed it'_ Reclaim volunteer reflects on Medicaid campaign.md
2026-07-10T16:42:36  MOVED (direct): 2020-02-25 - A.G.’s opinion_ transgender athletics bill beset with possible legal flaws.md -> 2020-02-25 - A.G.’s opinion_ transgender athletics bill beset with possible legal flaws.md
2026-07-10T16:42:36  MOVED (direct): 2020-02-25 - A.G.’s opinion_ transgender athletics bill beset with possible legal flaws.md -> 2020-02-25 - A.G.’s opinion_ transgender athletics bill beset with possible legal flaws.md
2026-07-10T16:42:36  SKIP (not ready): 2020-02-28 - Idaho contractors altered asphalt test data on road projects for bonuses, newspaper reports (1).md
2026-07-10T16:42:36  MOVED (direct): 2020-02-28 - Idaho contractors altered asphalt test data on road projects for bonuses, newspaper reports (1).md -> 2020-02-28 - Idaho contractors altered asphalt test data on road projects for bonuses, newspaper reports (1).md
2026-07-10T16:42:37  MOVED (direct): 2020-03-17 - 5 former Idaho attorneys general urge transgender bill veto.md -> 2020-03-17 - 5 former Idaho attorneys general urge transgender bill veto.md
2026-07-10T16:42:37  MOVED (direct): 2020-03-17 - 5 former Idaho attorneys general urge transgender bill veto.md -> 2020-03-17 - 5 former Idaho attorneys general urge transgender bill veto.md
2026-07-10T16:42:37  MOVED (direct): 2020-03-18 - Citing coronavirus, Reclaim Idaho suspends K-12 funding initiative drive.md -> 2020-03-18 - Citing coronavirus, Reclaim Idaho suspends K-12 funding initiative drive.md
2026-07-10T16:42:37  MOVED (direct): 2020-03-18 - Citing coronavirus, Reclaim Idaho suspends K-12 funding initiative drive.md -> 2020-03-18 - Citing coronavirus, Reclaim Idaho suspends K-12 funding initiative drive.md
2026-07-10T16:42:38  MOVED (direct): 2020-04-15 - ACLU, Legal Voice File Lawsuit Challenging Idaho’s Law Targeting Transgender Student Athletes.md -> 2020-04-15 - ACLU, Legal Voice File Lawsuit Challenging Idaho’s Law Targeting Transgender Student Athletes.md
2026-07-10T16:42:38  MOVED (direct): 2020-04-15 - ACLU, Legal Voice File Lawsuit Challenging Idaho’s Law Targeting Transgender Student Athletes.md -> 2020-04-15 - ACLU, Legal Voice File Lawsuit Challenging Idaho’s Law Targeting Transgender Student Athletes.md
2026-07-10T16:42:38  MOVED (direct): 2020-06-30 - Judge orders restart to Reclaim Idaho education initiative, with e-signatures allowed.md -> 2020-06-30 - Judge orders restart to Reclaim Idaho education initiative, with e-signatures allowed.md
2026-07-10T16:42:38  ERROR: 2020-06-30 - Judge orders restart to Reclaim Idaho education initiative, with e-signatures allowed.md: [WinError 2] The system cannot find the file specified
2026-07-10T16:42:39  MOVED (direct): 2020-08-13 - Reclaim Idaho suspends education funding initiative.md -> 2020-08-13 - Reclaim Idaho suspends education funding initiative.md
2026-07-10T16:42:39  MOVED (direct): 2020-08-13 - Reclaim Idaho suspends education funding initiative.md -> 2020-08-13 - Reclaim Idaho suspends education funding initiative.md
2026-07-10T16:42:39  SKIP (not ready): 2021-04-17 - Idaho governor signs into law legislation to raise bar on ballot initiatives • Idaho Capital Sun.md
2026-07-10T16:42:39  MOVED (direct): 2021-04-17 - Idaho governor signs into law legislation to raise bar on ballot initiatives • Idaho Capital Sun.md -> 2021-04-17 - Idaho governor signs into law legislation to raise bar on ballot initiatives • Idaho Capital Sun.md
2026-07-10T16:42:40  MOVED (direct): 2021-08-23 - Idaho Supreme Court says new ballot initiative law violates state constitution • Idaho Capital Sun.md -> 2021-08-23 - Idaho Supreme Court says new ballot initiative law violates state constitution • Idaho Capital Sun.md
2026-07-10T16:42:40  MOVED (direct): 2021-08-23 - Idaho Supreme Court says new ballot initiative law violates state constitution • Idaho Capital Sun.md -> 2021-08-23 - Idaho Supreme Court says new ballot initiative law violates state constitution • Idaho Capital Sun.md
2026-07-10T16:42:40  MOVED (direct): 2021-09-13 - Reclaim Idaho volunteers mobilize to support K-12 education ballot initiative  • Idaho Capital Sun.md -> 2021-09-13 - Reclaim Idaho volunteers mobilize to support K-12 education ballot initiative  • Idaho Capital Sun.md
2026-07-10T16:42:40  MOVED (direct): 2021-09-13 - Reclaim Idaho volunteers mobilize to support K-12 education ballot initiative  • Idaho Capital Sun.md -> 2021-09-13 - Reclaim Idaho volunteers mobilize to support K-12 education ballot initiative  • Idaho Capital Sun.md
2026-07-10T16:42:41  MOVED (direct): 2021-12-20 - Three Tree and Sampson Loop.md -> 2021-12-20 - Three Tree and Sampson Loop.md
2026-07-10T16:42:41  MOVED (direct): 2022-07-22 - Reclaim Idaho’s education initiative certified for November election ballot • Idaho Capital Sun.md -> 2022-07-22 - Reclaim Idaho’s education initiative certified for November election ballot • Idaho Capital Sun.md
2026-07-10T16:42:41  MOVED (direct): 2022-07-22 - Reclaim Idaho’s education initiative certified for November election ballot • Idaho Capital Sun.md -> 2022-07-22 - Reclaim Idaho’s education initiative certified for November election ballot • Idaho Capital Sun.md
2026-07-10T16:42:42  MOVED (direct): 2022-07-25 - Transportation History - 1916_ The Launch of a Pivotal Highway Association in the Gem State.md -> 2022-07-25 - Transportation History - 1916_ The Launch of a Pivotal Highway Association in the Gem State.md
2026-07-10T16:42:42  MOVED (direct): 2022-07-25 - Transportation History - 1916_ The Launch of a Pivotal Highway Association in the Gem State.md -> 2022-07-25 - Transportation History - 1916_ The Launch of a Pivotal Highway Association in the Gem State.md
2026-07-10T16:42:43  MOVED (direct): 2022-08-23 - Idaho Gov. Brad Little officially calls for a special session of Idaho Legislature  • Idaho Capital Sun.md -> 2022-08-23 - Idaho Gov. Brad Little officially calls for a special session of Idaho Legislature  • Idaho Capital Sun.md
2026-07-10T16:42:43  MOVED (direct): 2022-08-23 - Idaho Gov. Brad Little officially calls for a special session of Idaho Legislature  • Idaho Capital Sun.md -> 2022-08-23 - Idaho Gov. Brad Little officially calls for a special session of Idaho Legislature  • Idaho Capital Sun.md
2026-07-10T16:42:43  MOVED (direct): 2022-09-09 - Idahoans have Reclaim Idaho to thank for education spending — and a whole lot more.md -> 2022-09-09 - Idahoans have Reclaim Idaho to thank for education spending — and a whole lot more.md
2026-07-10T16:42:43  MOVED (direct): 2022-09-09 - Idahoans have Reclaim Idaho to thank for education spending — and a whole lot more.md -> 2022-09-09 - Idahoans have Reclaim Idaho to thank for education spending — and a whole lot more.md
2026-07-10T16:42:44  MOVED (direct): 2023-02-27 - After longwinded debate, Idaho Senate kills controversial education savings account bill • Idaho Capital Sun.md -> 2023-02-27 - After longwinded debate, Idaho Senate kills controversial education savings account bill • Idaho Capital Sun.md
2026-07-10T16:42:44  MOVED (direct): 2023-02-27 - After longwinded debate, Idaho Senate kills controversial education savings account bill • Idaho Capital Sun.md -> 2023-02-27 - After longwinded debate, Idaho Senate kills controversial education savings account bill • Idaho Capital Sun.md
2026-07-10T16:42:44  MOVED (direct): 2023-03-22 - Idaho Statehouse roundup_ Tuition credit bill stalls, leaving school choice debate on ice • Idaho Capital Sun (1).md -> 2023-03-22 - Idaho Statehouse roundup_ Tuition credit bill stalls, leaving school choice debate on ice • Idaho Capital Sun (1).md
2026-07-10T16:42:44  MOVED (direct): 2023-03-22 - Idaho Statehouse roundup_ Tuition credit bill stalls, leaving school choice debate on ice • Idaho Capital Sun (1).md -> 2023-03-22 - Idaho Statehouse roundup_ Tuition credit bill stalls, leaving school choice debate on ice • Idaho Capital Sun (1).md
2026-07-10T16:42:45  MOVED (direct): 2023-03-22 - Idaho Statehouse roundup_ Tuition credit bill stalls, leaving school choice debate on ice • Idaho Capital Sun.md -> 2023-03-22 - Idaho Statehouse roundup_ Tuition credit bill stalls, leaving school choice debate on ice • Idaho Capital Sun.md
2026-07-10T16:42:45  MOVED (direct): 2023-03-22 - Idaho Statehouse roundup_ Tuition credit bill stalls, leaving school choice debate on ice • Idaho Capital Sun.md -> 2023-03-22 - Idaho Statehouse roundup_ Tuition credit bill stalls, leaving school choice debate on ice • Idaho Capital Sun.md
2026-07-10T16:42:45  MOVED (direct): 2023-05-02 - New coalition seeks to end Idaho’s closed primary elections • Idaho Capital Sun.md -> 2023-05-02 - New coalition seeks to end Idaho’s closed primary elections • Idaho Capital Sun.md
2026-07-10T16:42:45  MOVED (direct): 2023-05-02 - New coalition seeks to end Idaho’s closed primary elections • Idaho Capital Sun.md -> 2023-05-02 - New coalition seeks to end Idaho’s closed primary elections • Idaho Capital Sun.md
2026-07-10T16:42:46  MOVED (direct): 2023-08-16 - ‘We Have a Right to Put It on the Ballot’_ How Organizers Are Defending Direct Democracy (1).md -> 2023-08-16 - ‘We Have a Right to Put It on the Ballot’_ How Organizers Are Defending Direct Democracy (1).md
2026-07-10T16:42:46  MOVED (direct): 2023-08-16 - ‘We Have a Right to Put It on the Ballot’_ How Organizers Are Defending Direct Democracy (1).md -> 2023-08-16 - ‘We Have a Right to Put It on the Ballot’_ How Organizers Are Defending Direct Democracy (1).md
2026-07-10T16:42:46  MOVED (direct): 2023-08-16 - ‘We Have a Right to Put It on the Ballot’_ How Organizers Are Defending Direct Democracy.md -> 2023-08-16 - ‘We Have a Right to Put It on the Ballot’_ How Organizers Are Defending Direct Democracy.md
2026-07-10T16:42:46  MOVED (direct): 2023-08-16 - ‘We Have a Right to Put It on the Ballot’_ How Organizers Are Defending Direct Democracy.md -> 2023-08-16 - ‘We Have a Right to Put It on the Ballot’_ How Organizers Are Defending Direct Democracy.md
2026-07-10T16:42:47  MOVED (direct): 2023-10-03 - A year in the making, the $75 million Idaho Launch program opens application window • Idaho Capital Sun.md -> 2023-10-03 - A year in the making, the $75 million Idaho Launch program opens application window • Idaho Capital Sun.md
2026-07-10T16:42:47  MOVED (direct): 2023-10-03 - A year in the making, the $75 million Idaho Launch program opens application window • Idaho Capital Sun.md -> 2023-10-03 - A year in the making, the $75 million Idaho Launch program opens application window • Idaho Capital Sun.md
2026-07-10T16:42:47  MOVED (direct): 2024-02-01 - After wide opposition, Idaho bill that would likely repeal Medicaid expansion held in committee • Idaho Capital Sun.md -> 2024-02-01 - After wide opposition, Idaho bill that would likely repeal Medicaid expansion held in committee • Idaho Capital Sun.md
2026-07-10T16:42:47  MOVED (direct): 2024-02-01 - After wide opposition, Idaho bill that would likely repeal Medicaid expansion held in committee • Idaho Capital Sun.md -> 2024-02-01 - After wide opposition, Idaho bill that would likely repeal Medicaid expansion held in committee • Idaho Capital Sun.md
2026-07-10T16:42:48  MOVED (direct): 2024-03-12 - Private school tax credit bill defeated in close vote in Idaho House committee • Idaho Capital Sun.md -> 2024-03-12 - Private school tax credit bill defeated in close vote in Idaho House committee • Idaho Capital Sun.md
2026-07-10T16:42:48  MOVED (direct): 2024-03-12 - Private school tax credit bill defeated in close vote in Idaho House committee • Idaho Capital Sun.md -> 2024-03-12 - Private school tax credit bill defeated in close vote in Idaho House committee • Idaho Capital Sun.md
2026-07-10T16:42:48  MOVED (direct): 2024-07-10 - Idahoans for Open Primaries initiative has enough signatures to qualify for November ballot • Idaho Capital Sun.md -> 2024-07-10 - Idahoans for Open Primaries initiative has enough signatures to qualify for November ballot • Idaho Capital Sun.md
2026-07-10T16:42:48  MOVED (direct): 2024-07-10 - Idahoans for Open Primaries initiative has enough signatures to qualify for November ballot • Idaho Capital Sun.md -> 2024-07-10 - Idahoans for Open Primaries initiative has enough signatures to qualify for November ballot • Idaho Capital Sun.md
2026-07-10T16:42:49  MOVED (direct): 2024-09-05 - Idaho judge dismisses AG’s challenge to open primaries ballot initiative • Idaho Capital Sun.md -> 2024-09-05 - Idaho judge dismisses AG’s challenge to open primaries ballot initiative • Idaho Capital Sun.md
2026-07-10T16:42:49  MOVED (direct): 2024-09-22 - Automotive Museum Guide - Yanke Motor Museum.md -> 2024-09-22 - Automotive Museum Guide - Yanke Motor Museum.md
2026-07-10T16:42:49  MOVED (direct): 2024-09-22 - Automotive Museum Guide - Yanke Motor Museum.md -> 2024-09-22 - Automotive Museum Guide - Yanke Motor Museum.md
2026-07-10T16:42:50  MOVED (direct): 2024-11-06 - Idaho voters reject Prop 1, the open primaries and ranked-choice voting ballot initiative • Idaho Capital Sun.md -> 2024-11-06 - Idaho voters reject Prop 1, the open primaries and ranked-choice voting ballot initiative • Idaho Capital Sun.md
2026-07-10T16:42:50  MOVED (direct): 2024-11-06 - Idaho voters reject Prop 1, the open primaries and ranked-choice voting ballot initiative • Idaho Capital Sun.md -> 2024-11-06 - Idaho voters reject Prop 1, the open primaries and ranked-choice voting ballot initiative • Idaho Capital Sun.md
2026-07-10T16:42:50  MOVED (direct): 2024-11-07 - Voters Poised to Reject Private School Vouchers in Three States.md -> 2024-11-07 - Voters Poised to Reject Private School Vouchers in Three States.md
2026-07-10T16:42:50  MOVED (direct): 2024-11-07 - Voters Poised to Reject Private School Vouchers in Three States.md -> 2024-11-07 - Voters Poised to Reject Private School Vouchers in Three States.md
2026-07-10T16:42:51  MOVED (direct): 2024-11-12 - The Political Economy of the Urban-Rural Divide.md -> 2024-11-12 - The Political Economy of the Urban-Rural Divide.md
2026-07-10T16:42:51  MOVED (direct): 2024-11-12 - The Political Economy of the Urban-Rural Divide.md -> 2024-11-12 - The Political Economy of the Urban-Rural Divide.md
2026-07-10T16:42:51  MOVED (direct): 2024-12-02 - Know Your Enemy_ Organizing in Rural America.md -> 2024-12-02 - Know Your Enemy_ Organizing in Rural America.md
2026-07-10T16:42:51  MOVED (direct): 2024-12-02 - Know Your Enemy_ Organizing in Rural America.md -> 2024-12-02 - Know Your Enemy_ Organizing in Rural America.md
2026-07-10T16:42:52  MOVED (direct): 2025-01-31 - New legislation aims to make Idaho Ballot Initiatives more difficult to pass.md -> 2025-01-31 - New legislation aims to make Idaho Ballot Initiatives more difficult to pass.md
2026-07-10T16:42:52  MOVED (direct): 2025-01-31 - New legislation aims to make Idaho Ballot Initiatives more difficult to pass.md -> 2025-01-31 - New legislation aims to make Idaho Ballot Initiatives more difficult to pass.md
2026-07-10T16:42:52  MOVED (direct): 2025-03-03 - Idaho Gov. Little's office received more than 32,000 requests to veto House Bill 93 • Idaho Capital Sun.md -> 2025-03-03 - Idaho Gov. Little's office received more than 32,000 requests to veto House Bill 93 • Idaho Capital Sun.md
2026-07-10T16:42:52  MOVED (direct): 2025-03-03 - Idaho Gov. Little's office received more than 32,000 requests to veto House Bill 93 • Idaho Capital Sun.md -> 2025-03-03 - Idaho Gov. Little's office received more than 32,000 requests to veto House Bill 93 • Idaho Capital Sun.md
2026-07-10T16:42:53  MOVED (direct): 2025-04-18 - Upcoming town halls to highlight ‘harms’ of House Bill 93.md -> 2025-04-18 - Upcoming town halls to highlight ‘harms’ of House Bill 93.md
2026-07-10T16:42:53  MOVED (direct): 2025-04-18 - Upcoming town halls to highlight ‘harms’ of House Bill 93.md -> 2025-04-18 - Upcoming town halls to highlight ‘harms’ of House Bill 93.md
2026-07-10T16:42:53  MOVED (direct): 2026-02-04 - CIJA Has Lobbied At Least 20% Of MPs Since 2025 Election.md -> 2026-02-04 - CIJA Has Lobbied At Least 20% Of MPs Since 2025 Election.md
2026-07-10T16:42:53  MOVED (direct): 2026-02-04 - CIJA Has Lobbied At Least 20% Of MPs Since 2025 Election.md -> 2026-02-04 - CIJA Has Lobbied At Least 20% Of MPs Since 2025 Election.md
2026-07-10T16:42:54  MOVED (direct): 2026-03-03 - Joe Heschmeyer, Doug Wilson to Debate Catholic Scripture.md -> 2026-03-03 - Joe Heschmeyer, Doug Wilson to Debate Catholic Scripture.md
2026-07-10T16:42:54  MOVED (direct): 2026-03-03 - Joe Heschmeyer, Doug Wilson to Debate Catholic Scripture.md -> 2026-03-03 - Joe Heschmeyer, Doug Wilson to Debate Catholic Scripture.md
2026-07-10T16:42:54  MOVED (direct): 2026-04-07 - 55% Of Canadians Think Serving In U.S. Military Should Be Illegal.md -> 2026-04-07 - 55% Of Canadians Think Serving In U.S. Military Should Be Illegal.md
2026-07-10T16:42:54  MOVED (direct): 2026-04-07 - 55% Of Canadians Think Serving In U.S. Military Should Be Illegal.md -> 2026-04-07 - 55% Of Canadians Think Serving In U.S. Military Should Be Illegal.md
2026-07-10T16:42:55  MOVED (direct): 2026-04-08 - A year of continuous glucose monitoring pushed me to the edge.md -> 2026-04-08 - A year of continuous glucose monitoring pushed me to the edge.md
2026-07-10T16:42:55  MOVED (direct): 2026-04-08 - A year of continuous glucose monitoring pushed me to the edge.md -> 2026-04-08 - A year of continuous glucose monitoring pushed me to the edge.md
2026-07-10T16:42:55  MOVED (direct): 2026-04-09 - Idaho lawmakers dodged Medicaid expansion repeal. But what did they do with Medicaid_ • Idaho Capital Sun.md -> 2026-04-09 - Idaho lawmakers dodged Medicaid expansion repeal. But what did they do with Medicaid_ • Idaho Capital Sun.md
2026-07-10T16:42:55  MOVED (direct): 2026-04-09 - Idaho lawmakers dodged Medicaid expansion repeal. But what did they do with Medicaid_ • Idaho Capital Sun.md -> 2026-04-09 - Idaho lawmakers dodged Medicaid expansion repeal. But what did they do with Medicaid_ • Idaho Capital Sun.md
2026-07-10T16:42:56  MOVED (direct): 2026-05-19 - Find Out If Your Provincial Rep Is A Landlord.md -> 2026-05-19 - Find Out If Your Provincial Rep Is A Landlord.md
2026-07-10T16:42:56  MOVED (direct): 2026-05-19 - Find Out If Your Provincial Rep Is A Landlord.md -> 2026-05-19 - Find Out If Your Provincial Rep Is A Landlord.md
2026-07-10T16:42:56  MOVED (direct): 2026-06-25 - The AI backlash is only getting started.md -> 2026-06-25 - The AI backlash is only getting started.md
2026-07-10T16:42:56  MOVED (direct): 2026-06-25 - The AI backlash is only getting started.md -> 2026-06-25 - The AI backlash is only getting started.md
2026-07-10T16:42:57  MOVED (direct): 2026-07-06 - From Spuddy Buddy to a Micron chip_ Here's what Idaho placed in America's 250-year time capsule.md -> 2026-07-06 - From Spuddy Buddy to a Micron chip_ Here's what Idaho placed in America's 250-year time capsule.md
2026-07-10T16:42:57  SKIP (not ready): 2026-07-06 - From Spuddy Buddy to a Micron chip_ Here's what Idaho placed in America's 250-year time capsule.md
2026-07-10T16:42:57  MOVED (direct): 2026-07-08 - IDHW investigates three raw milk operations tied to possible illnesses in Idaho.md -> 2026-07-08 - IDHW investigates three raw milk operations tied to possible illnesses in Idaho.md
2026-07-10T16:42:57  MOVED (direct): 2026-07-08 - IDHW investigates three raw milk operations tied to possible illnesses in Idaho.md -> 2026-07-08 - IDHW investigates three raw milk operations tied to possible illnesses in Idaho.md
2026-07-10T16:42:58  MOVED (direct): 2026-07-08 - Update_ Boise Police arrest suspect in homicide investigation _ News.md -> 2026-07-08 - Update_ Boise Police arrest suspect in homicide investigation _ News.md
2026-07-10T16:42:58  MOVED (direct): 2026-07-08 - Update_ Boise Police arrest suspect in homicide investigation _ News.md -> 2026-07-08 - Update_ Boise Police arrest suspect in homicide investigation _ News.md
2026-07-10T16:42:58  MOVED (direct): 2026-07-09 - Boise man charged with first-degree murder in Greenbelt murder.md -> 2026-07-09 - Boise man charged with first-degree murder in Greenbelt murder.md
2026-07-10T16:42:58  MOVED (direct): 2026-07-09 - Boise man charged with first-degree murder in Greenbelt murder.md -> 2026-07-09 - Boise man charged with first-degree murder in Greenbelt murder.md
2026-07-10T16:42:59  MOVED (direct): 2026-07-09 - Boise police make arrest in Greenbelt killing; 41-year-old faces murder charge.md -> 2026-07-09 - Boise police make arrest in Greenbelt killing; 41-year-old faces murder charge.md
2026-07-10T16:42:59  MOVED (direct): 2026-07-09 - Boise police make arrest in Greenbelt killing; 41-year-old faces murder charge.md -> 2026-07-09 - Boise police make arrest in Greenbelt killing; 41-year-old faces murder charge.md
2026-07-10T16:42:59  MOVED (direct): 2026-07-09 - Democrats say they want a fighter. Does it have to be a White man_.md -> 2026-07-09 - Democrats say they want a fighter. Does it have to be a White man_.md
2026-07-10T16:43:00  MOVED (direct): 2026-07-09 - Food stamp changes will cost states billions, raising fears about SNAP’s future • Idaho Capital Sun.md -> 2026-07-09 - Food stamp changes will cost states billions, raising fears about SNAP’s future • Idaho Capital Sun.md
2026-07-10T16:43:00  MOVED (direct): 2026-07-09 - Food stamp changes will cost states billions, raising fears about SNAP’s future • Idaho Capital Sun.md -> 2026-07-09 - Food stamp changes will cost states billions, raising fears about SNAP’s future • Idaho Capital Sun.md
2026-07-10T16:43:00  MOVED (direct): 2026-07-09 - How Idaho tax cuts have shaped public education and road funding.md -> 2026-07-09 - How Idaho tax cuts have shaped public education and road funding.md
2026-07-10T16:43:01  MOVED (collision): 2026-07-09 - LGBTQ+ Christians Find Community in Northwest Churches.md -> 2026-07-09 - LGBTQ+ Christians Find Community in Northwest Churches-20260710-164301-c038dd23a55bbce5.md
2026-07-10T16:43:01  MOVED (collision): 2026-07-09 - LGBTQ+ Christians Find Community in Northwest Churches.md -> 2026-07-09 - LGBTQ+ Christians Find Community in Northwest Churches-20260710-164301-c038dd23a55bbce5.md
2026-07-10T16:43:01  MOVED (direct): 2026-07-09 - Maine Democrats will choose Platner’s replacement through a state convention • Idaho Capital Sun.md -> 2026-07-09 - Maine Democrats will choose Platner’s replacement through a state convention • Idaho Capital Sun.md
2026-07-10T16:43:01  MOVED (direct): 2026-07-09 - Maine Democrats will choose Platner’s replacement through a state convention • Idaho Capital Sun.md -> 2026-07-09 - Maine Democrats will choose Platner’s replacement through a state convention • Idaho Capital Sun.md
2026-07-10T16:43:02  MOVED (direct): 2026-07-09 - New north-south freeway could be extended as ITD wrestles with traffic on I-84.md -> 2026-07-09 - New north-south freeway could be extended as ITD wrestles with traffic on I-84.md
2026-07-10T16:43:02  MOVED (direct): 2026-07-09 - New north-south freeway could be extended as ITD wrestles with traffic on I-84.md -> 2026-07-09 - New north-south freeway could be extended as ITD wrestles with traffic on I-84.md
2026-07-10T16:43:02  MOVED (direct): 2026-07-09 - Snake River water trust users won’t face water curtailment in Idaho this summer • Idaho Capital Sun.md -> 2026-07-09 - Snake River water trust users won’t face water curtailment in Idaho this summer • Idaho Capital Sun.md
ace water curtailment in Idaho this summer • Idaho Capital Sun.md'
2026-07-10T16:43:03  MOVED (direct): 2026-07-10 - Another Idaho water crisis averted, but will we keep getting lucky_.md -> 2026-07-10 - Another Idaho water crisis averted, but will we keep getting lucky_.md
2026-07-10T16:43:03  MOVED (direct): 2026-07-10 - Another Idaho water crisis averted, but will we keep getting lucky_.md -> 2026-07-10 - Another Idaho water crisis averted, but will we keep getting lucky_.md
2026-07-10T16:43:03  MOVED (direct): 2026-07-10 - DSA Members Urge Campaigns to Ditch Platner Consultant Who Advised Mamdani.md -> 2026-07-10 - DSA Members Urge Campaigns to Ditch Platner Consultant Who Advised Mamdani.md
2026-07-10T16:43:03  MOVED (direct): 2026-07-10 - DSA Members Urge Campaigns to Ditch Platner Consultant Who Advised Mamdani.md -> 2026-07-10 - DSA Members Urge Campaigns to Ditch Platner Consultant Who Advised Mamdani.md
2026-07-10T16:43:04  MOVED (direct): 2026-07-10 - Have Idaho voters learned lessons from Minidoka_ Doesn’t seem like it.md -> 2026-07-10 - Have Idaho voters learned lessons from Minidoka_ Doesn’t seem like it.md
2026-07-10T16:43:04  MOVED (direct): 2026-07-10 - Have Idaho voters learned lessons from Minidoka_ Doesn’t seem like it.md -> 2026-07-10 - Have Idaho voters learned lessons from Minidoka_ Doesn’t seem like it.md
2026-07-10T16:43:04  MOVED (direct): 2026-07-10 - Here’s How To Archive Online Content, And Why You Should.md -> 2026-07-10 - Here’s How To Archive Online Content, And Why You Should.md
2026-07-10T16:43:04  MOVED (direct): 2026-07-10 - Here’s How To Archive Online Content, And Why You Should.md -> 2026-07-10 - Here’s How To Archive Online Content, And Why You Should.md
2026-07-10T16:43:05  MOVED (direct): 2026-07-10 - Keep gods out of government_ Secularism protects both democracy and faith.md -> 2026-07-10 - Keep gods out of government_ Secularism protects both democracy and faith.md
2026-07-10T16:43:05  MOVED (direct): 2026-07-10 - Keep gods out of government_ Secularism protects both democracy and faith.md -> 2026-07-10 - Keep gods out of government_ Secularism protects both democracy and faith.md
2026-07-10T16:43:05  MOVED (direct): 2026-07-10 - Men found 'Love Island.' Then they started betting on it..md -> 2026-07-10 - Men found 'Love Island.' Then they started betting on it..md
2026-07-10T16:43:05  MOVED (direct): 2026-07-10 - Men found 'Love Island.' Then they started betting on it..md -> 2026-07-10 - Men found 'Love Island.' Then they started betting on it..md
2026-07-10T16:43:06  MOVED (direct): 2026-07-10 - Need help_ Idaho state health agency, nonprofits, churches collaborate to create resource network  • Idaho Capital Sun.md -> 2026-07-10 - Need help_ Idaho state health agency, nonprofits, churches collaborate to create resource network  • Idaho Capital Sun.md
2026-07-10T16:43:06  MOVED (direct): 2026-07-10 - Need help_ Idaho state health agency, nonprofits, churches collaborate to create resource network  • Idaho Capital Sun.md -> 2026-07-10 - Need help_ Idaho state health agency, nonprofits, churches collaborate to create resource network  • Idaho Capital Sun.md
2026-07-10T16:43:06  MOVED (direct): 2026-07-10 - Trump administration threatens to criminally prosecute Idaho election officials if noncitizens vote • Idaho Capital Sun.md -> 2026-07-10 - Trump administration threatens to criminally prosecute Idaho election officials if noncitizens vote • Idaho Capital Sun.md
2026-07-10T16:43:07  MOVED (direct): - Alberto Gonzalez assumes new role as ITD Director.md -> - Alberto Gonzalez assumes new role as ITD Director.md
2026-07-10T16:43:07  SKIP (not ready): - Alberto Gonzalez assumes new role as ITD Director.md
2026-07-10T16:43:07  MOVED (direct): - Asphalt Mix.md -> - Asphalt Mix.md
2026-07-10T16:43:08  SKIP (not ready): - Asphalt Mix.md
2026-07-10T16:43:08  MOVED (direct): - Asphalt.md -> - Asphalt.md
2026-07-10T16:43:08  SKIP (not ready): - Asphalt.md
2026-07-10T16:43:08  MOVED (direct): - Boise ordinance adds licensing rules for high-powered e-motorbikes.md -> - Boise ordinance adds licensing rules for high-powered e-motorbikes.md
2026-07-10T16:43:09  SKIP (not ready): - Boise ordinance adds licensing rules for high-powered e-motorbikes.md
2026-07-10T16:43:09  MOVED (collision): - Idaho DMV announces updated proof of identity requirements.md -> - Idaho DMV announces updated proof of identity requirements-20260710-164309-2e04623ff0ada7f7.md
2026-07-10T16:43:09  SKIP (not ready): - Idaho DMV announces updated proof of identity requirements.md
2026-07-10T16:43:09  MOVED (direct): - Idaho ends registration stickers and moves to permanent license plates.md -> - Idaho ends registration stickers and moves to permanent license plates.md
2026-07-10T16:43:10  SKIP (not ready): - Idaho ends registration stickers and moves to permanent license plates.md
2026-07-10T16:43:10  MOVED (direct): - ITD seeks comments on planned road, bridge and safety projects.md -> - ITD seeks comments on planned road, bridge and safety projects.md
2026-07-10T16:43:10  SKIP (not ready): - ITD seeks comments on planned road, bridge and safety projects.md
2026-07-10T16:43:11  MOVED (direct): - Materials.md -> - Materials.md
2026-07-10T16:43:11  SKIP (not ready): - Materials.md
2026-07-10T16:43:11  MOVED (direct): - Nighttime lane closures on I-15 for demolition of abandoned railroad bridge.md -> - Nighttime lane closures on I-15 for demolition of abandoned railroad bridge.md
2026-07-10T16:43:11  SKIP (not ready): - Nighttime lane closures on I-15 for demolition of abandoned railroad bridge.md
2026-07-10T16:43:12  MOVED (direct): - Two new Idaho license plates available July 1st, 2026.md -> - Two new Idaho license plates available July 1st, 2026.md
2026-07-10T16:43:12  SKIP (not ready): - Two new Idaho license plates available July 1st, 2026.md
2026-07-10T16:43:12  MOVED (direct): - US-93 construction near Hollister transitions to night work starting Sunday night.md -> - US-93 construction near Hollister transitions to night work starting Sunday night.md
2026-07-10T16:43:12  SKIP (not ready): - US-93 construction near Hollister transitions to night work starting Sunday night.md
2026-07-10T16:43:13  MOVED (direct): 2001-06-25 - A North End alley is falling apart. Neighbors have been asking for repairs for years, now in a dispute with ACHD.md -> 2001-06-25 - A North End alley is falling apart. Neighbors have been asking for repairs for years, now in a dispute with ACHD.md
2026-07-10T16:43:13  SKIP (not ready): 2001-06-25 - A North End alley is falling apart. Neighbors have been asking for repairs for years, now in a dispute with ACHD.md
2026-07-10T16:43:13  MOVED (direct): 2018-05-03 - Packer John's Cabin Historical Marker.md -> 2018-05-03 - Packer John's Cabin Historical Marker.md
2026-07-10T16:43:13  SKIP (not ready): 2018-05-03 - Packer John's Cabin Historical Marker.md
2026-07-10T16:43:14  MOVED (direct): 2020-02-22 - Idaho highway contractors changed records hundreds of times. Then, they got bonuses (1).md -> 2020-02-22 - Idaho highway contractors changed records hundreds of times. Then, they got bonuses (1).md
2026-07-10T16:43:14  SKIP (not ready): 2020-02-22 - Idaho highway contractors changed records hundreds of times. Then, they got bonuses (1).md
2026-07-10T16:43:14  MOVED (direct): 2020-02-22 - Idaho highway contractors changed records hundreds of times. Then, they got bonuses.md -> 2020-02-22 - Idaho highway contractors changed records hundreds of times. Then, they got bonuses.md
2026-07-10T16:43:14  SKIP (not ready): 2020-02-22 - Idaho highway contractors changed records hundreds of times. Then, they got bonuses.md
2026-07-10T16:43:15  MOVED (direct): 2020-02-28 - Idaho Transportation Department Speaks For First Time On Oversight Investigation.md -> 2020-02-28 - Idaho Transportation Department Speaks For First Time On Oversight Investigation.md
2026-07-10T16:43:15  SKIP (not ready): 2020-02-28 - Idaho Transportation Department Speaks For First Time On Oversight Investigation.md
2026-07-10T16:43:15  MOVED (direct): 2020-03-01 - Privatization or piratization_ Idaho learns again that outsourcing doesn’t always work.md -> 2020-03-01 - Privatization or piratization_ Idaho learns again that outsourcing doesn’t always work.md
2026-07-10T16:43:16  SKIP (not ready): 2020-03-01 - Privatization or piratization_ Idaho learns again that outsourcing doesn’t always work.md
2026-07-10T16:43:16  MOVED (direct): 2021-05-18 - Idaho overpaid road builders millions for shoddy work. State says it won't happen anymore. • Idaho Capital Sun.md -> 2021-05-18 - Idaho overpaid road builders millions for shoddy work. State says it won't happen anymore. • Idaho Capital Sun.md
2026-07-10T16:43:16  SKIP (not ready): 2021-05-18 - Idaho overpaid road builders millions for shoddy work. State says it won't happen anymore. • Idaho Capital Sun.md
2026-07-10T16:43:16  MOVED (direct): 2024-06-10 - ITD's Asphalt Laboratory keeps busy testing for better roads.md -> 2024-06-10 - ITD's Asphalt Laboratory keeps busy testing for better roads.md
2026-07-10T16:43:17  SKIP (not ready): 2024-06-10 - ITD's Asphalt Laboratory keeps busy testing for better roads.md
2026-07-13T18:28:15  Watcher active. Sources='C:\Users\loganf\Downloads\Mobile Devices; C:\Users\loganf\Downloads\Phone Link' Target='C:\Users\loganf\Documents\IDAHO-VAULT'
2026-07-15T09:08:48  Watcher active. Sources='C:\Users\loganf\Downloads\Mobile Devices; C:\Users\loganf\Downloads\Phone Link' Target='C:\Users\loganf\Documents\IDAHO-VAULT'
2026-07-15T13:45:17  MOVED (direct): MS_0651_Suzanne_Dabney_Taylor_Papers.pdf -> MS_0651_Suzanne_Dabney_Taylor_Papers.pdf
2026-07-16T12:03:51  MOVED (direct): 2001-11-04 - Internet Archive - Artists in California, 1786-1940 _ Hughes, Edan Milton _ Free Download, Borrow, and Streaming _ Internet Archive.md -> 2001-11-04 - Internet Archive - Artists in California, 1786-1940 _ Hughes, Edan Milton _ Free Download, Borrow, and Streaming _ Internet Archive.md
2026-07-16T16:38:51  MOVED (direct): - cityofboise.org - Orlando _Rube_ Robbins _ City of Boise.md -> - cityofboise.org - Orlando _Rube_ Robbins _ City of Boise.md
2026-07-16T16:38:51  MOVED (direct): - Mullen Books - Art Across America_ Two Centuries of Regional Painting, 1710-1920 Volume Three The Far Midwest, Rocky Mountain West, Southwest, Pacific ONLY by William H. Gerdts on Mullen Books.md -> - Mullen Books - Art Across America_ Two Centuries of Regional Painting, 1710-1920 Volume Three The Far Midwest, Rocky Mountain West, Southwest, Pacific ONLY by William H. Gerdts on Mullen Books.md
2026-07-16T16:38:52  MOVED (direct): - Mullen Books, ABAA - Art Across America_ Two Centuries of Regional Painting, 1710-1920 _ Volume 3 (The Far Midwest, Rocky Mountain West, Southwest, Pacific) by Gerdts, William H._ VG_VG Hardcover (1990) First edi.md -> - Mullen Books, ABAA - Art Across America_ Two Centuries of Regional Painting, 1710-1920 _ Volume 3 (The Far Midwest, Rocky Mountain West, Southwest, Pacific) by Gerdts, William H._ VG_VG Hardcover (1990) First edi.md
2026-07-16T16:38:52  MOVED (direct): 2023-02-27 - Boise State Public Radio - Idaho Capitol Art_ A look into the Gem State's past.md -> 2023-02-27 - Boise State Public Radio - Idaho Capitol Art_ A look into the Gem State's past.md
2026-07-16T16:38:53  MOVED (direct): - Rick Just - Escape! Part One (Tap to read the story).md -> - Rick Just - Escape! Part One (Tap to read the story).md
2026-07-16T16:38:54  MOVED (direct): - Rick Just - Escape! Part Two (Tap to read the story).md -> - Rick Just - Escape! Part Two (Tap to read the story).md
2026-07-16T16:38:54  MOVED (direct): - The Huntington - Life and murder of Lloyd Magruder, Jr _ Collections.md -> - The Huntington - Life and murder of Lloyd Magruder, Jr _ Collections.md
2026-07-16T16:38:55  MOVED (direct): - tomrizzo.com - “RUBE ROBBINS_ ONE TOUGH HOMBRE” « Tom Rizzo.md -> - tomrizzo.com - “RUBE ROBBINS_ ONE TOUGH HOMBRE” « Tom Rizzo.md
2026-07-16T16:38:55  MOVED (direct): - valley.idgenweb.org - Valley IDGenWeb history_Thunder Mountain.md -> - valley.idgenweb.org - Valley IDGenWeb history_Thunder Mountain.md
2026-07-16T16:38:56  MOVED (direct): 1947-09-27 - USGS - Geology of the Borah Peak quadrangle, Idaho.md -> 1947-09-27 - USGS - Geology of the Borah Peak quadrangle, Idaho.md
2026-07-16T16:38:56  MOVED (direct): 2001-03-29 - Internet Archive - Davenport's art reference & price guide _ Free Download, Borrow, and Streaming _ Internet Archive.md -> 2001-03-29 - Internet Archive - Davenport's art reference & price guide _ Free Download, Borrow, and Streaming _ Internet Archive.md
2026-07-16T16:38:57  MOVED (direct): 2001-04-22 - Internet Archive - Artists of the American West _ a biographical dictionary _ Dawdy, Doris Ostrander _ Free Download, Borrow, and Streaming _ Internet Archive.md -> 2001-04-22 - Internet Archive - Artists of the American West _ a biographical dictionary _ Dawdy, Doris Ostrander _ Free Download, Borrow, and Streaming _ Internet Archive.md
2026-07-16T16:38:57  MOVED (direct): 2001-07-23 - Internet Archive - Artists of the American West _ a biographical dictionary _ Dawdy, Doris Ostrander _ Free Download, Borrow, and Streaming _ Internet Archive.md -> 2001-07-23 - Internet Archive - Artists of the American West _ a biographical dictionary _ Dawdy, Doris Ostrander _ Free Download, Borrow, and Streaming _ Internet Archive.md
2026-07-16T16:38:58  MOVED (direct): 2001-11-03 - Internet Archive - Dictionary of American sculptors _ _18th century to the present,_ illustrated with over 200 photographs _ Opitz, Glenn B _ Free Download, Borrow, and Streaming _ Internet Archive.md -> 2001-11-03 - Internet Archive - Dictionary of American sculptors _ _18th century to the present,_ illustrated with over 200 photographs _ Opitz, Glenn B _ Free Download, Borrow, and Streaming _ Internet Archive.md
2026-07-16T16:38:58  MOVED (direct): 2001-11-12 - Internet Archive - Artists of the American West _ a biographical dictionary _ Dawdy, Doris Ostrander _ Free Download, Borrow, and Streaming _ Internet Archive.md -> 2001-11-12 - Internet Archive - Artists of the American West _ a biographical dictionary _ Dawdy, Doris Ostrander _ Free Download, Borrow, and Streaming _ Internet Archive.md
2026-07-16T16:38:59  MOVED (direct): 2007-11-05 - Smithsonian Magazine - Idaho - History and Heritage (1).md -> 2007-11-05 - Smithsonian Magazine - Idaho - History and Heritage (1).md
2026-07-16T16:38:59  MOVED (direct): 2007-11-05 - Smithsonian Magazine - Idaho - History and Heritage.md -> 2007-11-05 - Smithsonian Magazine - Idaho - History and Heritage.md
2026-07-16T16:39:00  MOVED (direct): 2008-10-19 - The Spokesman-Review - Thunder Mountain now public land.md -> 2008-10-19 - The Spokesman-Review - Thunder Mountain now public land.md
2026-07-16T16:39:00  MOVED (direct): 2009-11-15 - sfcompanion.blogspot.com - Nov 15_ Milner Dam, First White Child in Idaho.md -> 2009-11-15 - sfcompanion.blogspot.com - Nov 15_ Milner Dam, First White Child in Idaho.md
2026-07-16T16:39:01  MOVED (direct): 2013-05-01 - Idaho Media Publishing - The Natatorium_ Still Making a Splash After All These Years - It's a Boise Thing!.md -> 2013-05-01 - Idaho Media Publishing - The Natatorium_ Still Making a Splash After All These Years - It's a Boise Thing!.md
2026-07-16T16:39:01  MOVED (direct): 2014-02-05 - joyfulpublicspeaking.blogspot.com - Mules over mountains - a wild mining story from old Idaho.md -> 2014-02-05 - joyfulpublicspeaking.blogspot.com - Mules over mountains - a wild mining story from old Idaho.md
2026-07-16T16:39:02  MOVED (direct): 2016-02-27 - eaghra.blogspot.com - THE BITTER END OF LLOYD MAGRUDER.md -> 2016-02-27 - eaghra.blogspot.com - THE BITTER END OF LLOYD MAGRUDER.md
2026-07-16T16:39:02  MOVED (direct): 2018-03-04 - The Yellow Pine Times - Idaho History March 4, 2018.md -> 2018-03-04 - The Yellow Pine Times - Idaho History March 4, 2018.md
2026-07-16T16:39:03  MOVED (direct): 2018-03-25 - The Yellow Pine Times - Idaho History March 25, 2018.md -> 2018-03-25 - The Yellow Pine Times - Idaho History March 25, 2018.md
2026-07-16T16:39:03  MOVED (direct): 2018-05-30 - Idaho State Historical Society - Idaho State Capitol.md -> 2018-05-30 - Idaho State Historical Society - Idaho State Capitol.md
2026-07-16T16:39:04  MOVED (direct): 2019-03-29 - Idaho Statesman - This woman led Idaho’s suffrage movement. After 92 years, her grave will get a headstone.md -> 2019-03-29 - Idaho Statesman - This woman led Idaho’s suffrage movement. After 92 years, her grave will get a headstone.md
2026-07-16T16:39:04  MOVED (direct): 2019-07-09 - Idaho Statesman - She led Idaho’s suffrage movement. After 92 years, her Boise grave has a headstone..md -> 2019-07-09 - Idaho Statesman - She led Idaho’s suffrage movement. After 92 years, her Boise grave has a headstone..md
2026-07-16T16:39:05  MOVED (direct): 2021-11-01 - Our Readers Are Our Writers - On Thunder Mountain.md -> 2021-11-01 - Our Readers Are Our Writers - On Thunder Mountain.md
2026-07-16T16:39:05  MOVED (direct): 2022-08-26 - Ron Roizen's blog - June 1907—County functions are relocating to the stately new courthouse in Wallace.md -> 2022-08-26 - Ron Roizen's blog - June 1907—County functions are relocating to the stately new courthouse in Wallace.md
2026-07-16T16:39:06  MOVED (direct): 2025-10-11 - sfcompanion.blogspot.com - Packer Lloyd Magruder and Others Murdered on Nez Perce Trail [otd 10_11].md -> 2025-10-11 - sfcompanion.blogspot.com - Packer Lloyd Magruder and Others Murdered on Nez Perce Trail [otd 10_11].md
2026-07-16T16:39:06  MOVED (direct): 2026-01-07 - Tumbleweird - The Magruder murders and the lost gold.md -> 2026-01-07 - Tumbleweird - The Magruder murders and the lost gold.md
2026-07-16T21:25:12  Watcher active. Sources='C:\Users\loganf\Downloads\Mobile Devices; C:\Users\loganf\Downloads\Phone Link' Target='C:\Users\loganf\Documents\IDAHO-VAULT'
2026-07-16T22:09:51  MOVED (direct): maryhallockfoote.pdf -> maryhallockfoote.pdf
2026-07-16T22:09:52  MOVED (direct): - Great Basin and  Copper Basin Journey.md -> - Great Basin and  Copper Basin Journey.md
2026-07-16T22:09:53  MOVED (direct): - Idaho Art History.md -> - Idaho Art History.md
2026-07-16T22:09:53  MOVED (direct): 1949-01-09 - Jack Flynn, Buhl mural artist.md -> 1949-01-09 - Jack Flynn, Buhl mural artist.md
2026-07-16T22:09:54  MOVED (direct): 2020-02-14 - Hardware store with an opera house above it_ Peter Sonna, an 1890s Boise mayor, built it.md -> 2020-02-14 - Hardware store with an opera house above it_ Peter Sonna, an 1890s Boise mayor, built it.md
2026-07-16T22:09:54  MOVED (direct): 2022-06-16 - Idaho Artists Bringing the West to Life.md -> 2022-06-16 - Idaho Artists Bringing the West to Life.md
2026-07-16T22:09:55  MOVED (direct): 2024-11-12 - ‘Everything is on the table_’ Idaho State looks at the practicality of buying a medical school.md -> 2024-11-12 - ‘Everything is on the table_’ Idaho State looks at the practicality of buying a medical school.md
2026-07-16T22:09:55  MOVED (direct): 2025-01-04 - Finding Lost Voices_ Mary Hallock Foote (1847–1938) and the Theft of Wallace Stegner.md -> 2025-01-04 - Finding Lost Voices_ Mary Hallock Foote (1847–1938) and the Theft of Wallace Stegner.md
2026-07-16T22:09:56  MOVED (direct): 2025-09-11 - Analysis_ In a medical education space race, the U of I makes its move.md -> 2025-09-11 - Analysis_ In a medical education space race, the U of I makes its move.md
2026-07-16T22:09:56  MOVED (direct): 2026-04-22 - ‘We have a lot to do_’ Idaho begins unpacking a windfall of healthcare grants.md -> 2026-04-22 - ‘We have a lot to do_’ Idaho begins unpacking a windfall of healthcare grants.md
2026-07-16T22:09:57  MOVED (direct): 2026-07-16 - Could Uncle Sam’s money cure Idaho’s physicians’ shortage_ Not necessarily..md -> 2026-07-16 - Could Uncle Sam’s money cure Idaho’s physicians’ shortage_ Not necessarily..md
2026-07-16T22:09:58  DROPPED (duplicate already in vault): Map_Comprising_Parts_of_California,_Oregon_and_Idaho_-_NARA_-_93193179.jpg
2026-07-16T22:09:58  DROPPED (duplicate already in vault): Map_Eastern_Oregon_and_Western_Idaho_-_NARA_-_93193210.jpg
2026-07-16T22:09:59  DROPPED (duplicate already in vault): Map_of_Northern_Idaho_-_NARA_-_109186469.jpg
2026-07-16T22:09:59  DROPPED (duplicate already in vault): Map_of_Public_Surveys_In_Idaho_-_NARA_-_25464240.jpg
2026-07-16T22:10:00  DROPPED (duplicate already in vault): Map_of_Public_Surveys_In_Idaho_-_NARA_-_25464273.jpg
2026-07-16T22:10:00  MOVED (direct): Map_of_Snake_River_with_its_tributaries_together_with_portions_of_the_headwaters_of_the_Madison_and_Yellowstone_-Expeditions_by_Gustavus_R._Becher.jpg -> Map_of_Snake_River_with_its_tributaries_together_with_portions_of_the_headwaters_of_the_Madison_and_Yellowstone_-Expeditions_by_Gustavus_R._Becher.jpg
2026-07-16T22:10:01  DROPPED (duplicate already in vault): Map_of_the_mining_sections_of_Idaho_&_Oregon_embracing_the_gold_and_silver_mines_of_Boise_&_Owyhee_LOC_2006629441.jpg
2026-07-16T22:10:02  DROPPED (duplicate already in vault): Map_of_the_State_of_Idaho_-_NARA_-_25464243.jpg
2026-07-16T22:14:22  MOVED (direct): 2021-06-11 - Mary Hallock Foote.md -> 2021-06-11 - Mary Hallock Foote.md
2026-07-16T22:14:23  MOVED (direct): - A Victorian Gentlewoman in the Far West.md -> - A Victorian Gentlewoman in the Far West.md
2026-07-16T22:14:24  MOVED (direct): - Foote, Mary Hallock - Coeur d'Alene - NYPL Digital Collections.md -> - Foote, Mary Hallock - Coeur d'Alene - NYPL Digital Collections.md
2026-07-16T22:14:24  MOVED (direct): - In Exile, and Other Stories by Mary Hallock Foote.md -> - In Exile, and Other Stories by Mary Hallock Foote.md
2026-07-16T22:14:25  MOVED (direct): - Mary Hallock Foote.md -> - Mary Hallock Foote.md
2026-07-16T22:14:26  MOVED (direct): - The Led-Horse claim, a romance of a mining camp,.md -> - The Led-Horse claim, a romance of a mining camp,.md
2026-07-17T09:11:44  Watcher active. Sources='C:\Users\loganf\Downloads\Mobile Devices; C:\Users\loganf\Downloads\Phone Link' Target='C:\Users\loganf\Documents\IDAHO-VAULT'
2026-07-17T13:56:56  MOVED (direct): 2025-04-28 - A Brief History of the Weiser Architectural Preservation Committee, Inc. – Weiser Architectural Preservation Committee.md -> 2025-04-28 - A Brief History of the Weiser Architectural Preservation Committee, Inc. – Weiser Architectural Preservation Committee.md
2026-07-17T13:56:57  MOVED (direct): - Collection_ Hells Canyon Homesteader Project interviews.md -> - Collection_ Hells Canyon Homesteader Project interviews.md
2026-07-17T13:56:58  MOVED (direct): - Collection_ Idaho roads pamphlets _ Idaho State Archives.md -> - Collection_ Idaho roads pamphlets _ Idaho State Archives.md
2026-07-17T13:56:58  MOVED (direct): - Collection_ Mineral and Land Survey Maps collection.md -> - Collection_ Mineral and Land Survey Maps collection.md
2026-07-17T13:56:59  MOVED (direct): - Hallock Foote, Mary.md -> - Hallock Foote, Mary.md
2026-07-17T13:56:59  MOVED (direct): - Henry Wadsworth Longfellow_ “The Skeleton in Armour” from Ballads and other Poems (1842).md -> - Henry Wadsworth Longfellow_ “The Skeleton in Armour” from Ballads and other Poems (1842).md
2026-07-17T13:57:00  MOVED (direct): - Lady at Window.md -> - Lady at Window.md
2026-07-17T13:57:00  MOVED (direct): - Mary Hallock Foote Artwork for Sale at Online Auction _ Mary Hallock Foote Biography & Info.md -> - Mary Hallock Foote Artwork for Sale at Online Auction _ Mary Hallock Foote Biography & Info.md
2026-07-17T13:57:01  MOVED (direct): - Mary Hallock Foote Paintings & Artwork for Sale _ Mary Hallock Foote Art Value Price Guide.md -> - Mary Hallock Foote Paintings & Artwork for Sale _ Mary Hallock Foote Art Value Price Guide.md
2026-07-17T13:57:01  MOVED (direct): - Obsidian Wikipedia Helper.md -> - Obsidian Wikipedia Helper.md
2026-07-17T13:57:02  MOVED (direct): - The Skeleton In Armor by Henry Wadsworth Longfellow - Analysis & Summary.md -> - The Skeleton In Armor by Henry Wadsworth Longfellow - Analysis & Summary.md
2026-07-17T13:57:02  MOVED (direct): - Two Horses - Illustration History.md -> - Two Horses - Illustration History.md
2026-07-17T13:57:03  MOVED (direct): 2006-04-28 - The Skeleton in Armor.md -> 2006-04-28 - The Skeleton in Armor.md
2026-07-17T13:57:03  MOVED (direct): 2008-02-03 - A classic, or a fraud_.md -> 2008-02-03 - A classic, or a fraud_.md
2026-07-17T13:57:04  MOVED (direct): 2008-05-04 - Adam Sonstegard Mary Hallock Foote Reconfiguring the Scarlet Letter, Redrawing Hester Prynne.md -> 2008-05-04 - Adam Sonstegard Mary Hallock Foote Reconfiguring the Scarlet Letter, Redrawing Hester Prynne.md
2026-07-17T13:57:04  MOVED (direct): 2011-07-04 - The Skeleton in Armor.md -> 2011-07-04 - The Skeleton in Armor.md
2026-07-17T13:57:05  MOVED (direct): 2014-08-09 - The Story of “The Skeleton in Armor”.md -> 2014-08-09 - The Story of “The Skeleton in Armor”.md
2026-07-17T13:57:05  MOVED (direct): 2018-04-20 - Eleven Never-Before-Seen Artworks Found in the Walls of James Castle's House.md -> 2018-04-20 - Eleven Never-Before-Seen Artworks Found in the Walls of James Castle's House.md
2026-07-17T13:57:06  MOVED (direct): 2022-04-04 - The Dark Secret Hiding in the Pages of Angle of Repose.md -> 2022-04-04 - The Dark Secret Hiding in the Pages of Angle of Repose.md
2026-07-17T13:57:06  MOVED (direct): 2024-09-26 - Idaho artist's work found in Boise home's walls; featured in Boise Art Museum.md -> 2024-09-26 - Idaho artist's work found in Boise home's walls; featured in Boise Art Museum.md
2026-07-17T13:57:07  MOVED (direct): Landscape perception and imagery of Mary Hallock Foote.pdf -> Landscape perception and imagery of Mary Hallock Foote.pdf
2026-07-17T14:50:44  MOVED (direct): 0201.pdf -> 0201.pdf
2026-07-17T16:17:44  MOVED (direct): 2022-03-10 - Scenes of Transcendent Beauty_ Thomas Moran's Yellowstone.md -> 2022-03-10 - Scenes of Transcendent Beauty_ Thomas Moran's Yellowstone.md
2026-07-17T16:17:45  MOVED (direct): - Andrew Henry.md -> - Andrew Henry.md
2026-07-17T16:17:46  MOVED (direct): - Hawley, Jess Bradford _ Idaho State Archives.md -> - Hawley, Jess Bradford _ Idaho State Archives.md
2026-07-17T16:17:46  MOVED (direct): - Rose Frank.md -> - Rose Frank.md
2026-07-17T16:17:47  MOVED (direct): inmates_1864-1947.pdf -> inmates_1864-1947.pdf
2026-07-17T16:51:56  MOVED (direct): master-pnp-cph-3g10000-3g11000-3g11200-3g11236u.tif -> master-pnp-cph-3g10000-3g11000-3g11200-3g11236u.tif
2026-07-19T11:39:11  Watcher active. Sources='C:\Users\loganf\Downloads\Mobile Devices; C:\Users\loganf\Downloads\Phone Link' Target='C:\Users\loganf\Documents\IDAHO-VAULT'
2026-07-19T15:52:41  MOVED (direct): TALL TALES OF THE GOLD RUSH.md -> TALL TALES OF THE GOLD RUSH.md
2026-07-19T15:52:50  MOVED (direct): FRONTIER ART OF TERRITORIAL IDAHO.md -> FRONTIER ART OF TERRITORIAL IDAHO.md
2026-07-20T09:30:42  MOVED (direct): 2017-11-02 - Native American Heritage Month_ Celebrating Sarah Winnemucca.md -> 2017-11-02 - Native American Heritage Month_ Celebrating Sarah Winnemucca.md
2026-07-20T09:30:43  MOVED (direct): - 1866 Grafton Brown Bird's-Eye View Map of Silver City, Ohwyee, Idaho Territory.md -> - 1866 Grafton Brown Bird's-Eye View Map of Silver City, Ohwyee, Idaho Territory.md
2026-07-20T09:30:43  MOVED (direct): - About, Barnard-Stockbridge Photograph Collection.md -> - About, Barnard-Stockbridge Photograph Collection.md
2026-07-20T09:30:44  MOVED (direct): - Castleman, Philip Frederick_ Geographicus Rare Antique Maps.md -> - Castleman, Philip Frederick_ Geographicus Rare Antique Maps.md
2026-07-20T09:30:44  MOVED (direct): 2026-07-20 - Taxing Data Processing Doesn’t Just Tax Big Tech.md -> 2026-07-20 - Taxing Data Processing Doesn’t Just Tax Big Tech.md
2026-07-20T09:30:45  MOVED (direct): - Coeur D'Alene Mission, St. Ignatius River.md -> - Coeur D'Alene Mission, St. Ignatius River.md
2026-07-20T09:30:45  SKIP (not ready): - Coeur D'Alene Mission, St. Ignatius River.md
2026-07-20T09:30:45  MOVED (direct): - Gallery_ Gustav Sohon and the Mullan Road _ Washington State Magazine.md -> - Gallery_ Gustav Sohon and the Mullan Road _ Washington State Magazine.md
2026-07-20T09:30:45  SKIP (not ready): - Gallery_ Gustav Sohon and the Mullan Road _ Washington State Magazine.md
2026-07-20T09:30:46  MOVED (direct): - Grafton Tyler Brown.md -> - Grafton Tyler Brown.md
2026-07-20T09:30:46  SKIP (not ready): - Grafton Tyler Brown.md
2026-07-20T09:30:46  MOVED (direct): - Lithograph, “Nez Perces (Meeting in Woods),” U.S. Pacific Railroad Explorations and Surveys, ca. 1855 _ U.S. Capitol.md -> - Lithograph, “Nez Perces (Meeting in Woods),” U.S. Pacific Railroad Explorations and Surveys, ca. 1855 _ U.S. Capitol.md
2026-07-20T09:30:46  SKIP (not ready): - Lithograph, “Nez Perces (Meeting in Woods),” U.S. Pacific Railroad Explorations and Surveys, ca. 1855 _ U.S. Capitol.md
2026-07-20T09:30:47  MOVED (direct): - Lost highway.md -> - Lost highway.md
2026-07-20T09:30:47  SKIP (not ready): - Lost highway.md
2026-07-20T09:30:47  MOVED (direct): - Northern Pacific Railroad Survey drawings.md -> - Northern Pacific Railroad Survey drawings.md
2026-07-20T09:30:47  SKIP (not ready): - Northern Pacific Railroad Survey drawings.md
2026-07-20T09:30:48  MOVED (direct): - Sarah Winnemucca (U.S. National Park Service).md -> - Sarah Winnemucca (U.S. National Park Service).md
2026-07-20T09:30:48  SKIP (not ready): - Sarah Winnemucca (U.S. National Park Service).md
2026-07-20T09:30:48  MOVED (direct): - The Art of Gilbert Munger_ Shoshone Falls.md -> - The Art of Gilbert Munger_ Shoshone Falls.md
2026-07-20T09:30:48  SKIP (not ready): - The Art of Gilbert Munger_ Shoshone Falls.md
2026-07-20T09:30:49  MOVED (direct): - The Great Seal of Idaho – Idaho Secretary of State.md -> - The Great Seal of Idaho – Idaho Secretary of State.md
2026-07-20T09:30:49  SKIP (not ready): - The Great Seal of Idaho – Idaho Secretary of State.md
2026-07-20T09:30:49  MOVED (direct): - Watervallen in Idaho.md -> - Watervallen in Idaho.md
2026-07-20T09:30:49  SKIP (not ready): - Watervallen in Idaho.md
2026-07-20T09:30:50  MOVED (direct): 2005-08-17 - Charles Roscoe Savage.md -> 2005-08-17 - Charles Roscoe Savage.md
2026-07-20T09:30:50  SKIP (not ready): 2005-08-17 - Charles Roscoe Savage.md
2026-07-20T09:30:50  MOVED (direct): 2026-07-16 - This font uses an optical illusion to hide from AI.md -> 2026-07-16 - This font uses an optical illusion to hide from AI.md
2026-07-20T09:56:11  MOVED (direct): Polling-June-2026-Memo.pdf -> Polling-June-2026-Memo.pdf
2026-07-20T10:07:44  MOVED (direct): 12136.pdf -> 12136.pdf
2026-07-20T10:08:08  MOVED (direct): an-eye-for-history.pdf -> an-eye-for-history.pdf
2026-07-20T10:19:04  MOVED (direct): Mss.00341_William_Henry_Jackson.pdf -> Mss.00341_William_Henry_Jackson.pdf
2026-07-20T10:39:28  MOVED (direct): - Archives at Yale - Collection_ William Henry Jackson photographs of Arizona, Colorado, Idaho, New Mexico, Utah, and Mexico.md -> - Archives at Yale - Collection_ William Henry Jackson photographs of Arizona, Colorado, Idaho, New Mexico, Utah, and Mexico.md
2026-07-20T10:39:29  MOVED (direct): - archives.lib.duke.edu - William Henry Jackson photographs, 1869-1878 and undated - Archives & Manuscripts at Duke University Libraries.md -> - archives.lib.duke.edu - William Henry Jackson photographs, 1869-1878 and undated - Archives & Manuscripts at Duke University Libraries.md
2026-07-20T10:39:30  MOVED (direct): - contentdm.lib.byu.edu - MSS1608 Item 76.md -> - contentdm.lib.byu.edu - MSS1608 Item 76.md
2026-07-20T10:39:30  MOVED (direct): - getty.edu - Camp of the Snake River Division at Fort Hall, Idaho (Getty Museum).md -> - getty.edu - Camp of the Snake River Division at Fort Hall, Idaho (Getty Museum).md
2026-07-20T10:39:31  MOVED (direct): - getty.edu - Museum Collection Getty Museum.md -> - getty.edu - Museum Collection Getty Museum.md
2026-07-20T10:39:31  MOVED (direct): - HBLL - Digital Collections Copyright _ Special Collections _ About.md -> - HBLL - Digital Collections Copyright _ Special Collections _ About.md
2026-07-20T10:39:32  MOVED (direct): - philamuseum.org - William Henry Jackson, Natural Bridge, Shoshone Falls, Idaho, c. 1883.md -> - philamuseum.org - William Henry Jackson, Natural Bridge, Shoshone Falls, Idaho, c. 1883.md
2026-07-20T10:39:32  MOVED (direct): - The Library of Congress - About this Collection (1).md -> - The Library of Congress - About this Collection (1).md
2026-07-20T10:39:33  MOVED (direct): - The Library of Congress - About this Collection.md -> - The Library of Congress - About this Collection.md
2026-07-20T10:39:33  MOVED (direct): - The Library of Congress - Development of the Modern Postcard.md -> - The Library of Congress - Development of the Modern Postcard.md
2026-07-20T10:39:34  MOVED (direct): - The Library of Congress - Explorations in American Environmental History_ The Photographer, the Artist, and Yellowstone _ Classroom Materials at the Library of Congress.md -> - The Library of Congress - Explorations in American Environmental History_ The Photographer, the Artist, and Yellowstone _ Classroom Materials at the Library of Congress.md
2026-07-20T10:39:34  MOVED (direct): - The Library of Congress - Mammoth Plate Photographs.md -> - The Library of Congress - Mammoth Plate Photographs.md
2026-07-20T10:39:35  MOVED (direct): - The Library of Congress - William Henry Jackson Career Chronology.md -> - The Library of Congress - William Henry Jackson Career Chronology.md
2026-07-20T10:39:35  MOVED (direct): - Visiting Former U.S. Reps Address Ukraine, Political Polarization.md -> - Visiting Former U.S. Reps Address Ukraine, Political Polarization.md
2026-07-20T10:39:36  MOVED (direct): - WyoHistory.org - William Henry Jackson_ Foremost Photographer of the American West.md -> - WyoHistory.org - William Henry Jackson_ Foremost Photographer of the American West.md
2026-07-20T10:39:36  MOVED (direct): 2006-09-02 - Risch turns down debate invitation.md -> 2006-09-02 - Risch turns down debate invitation.md
2026-07-20T10:39:37  MOVED (direct): 2008-05-05 - Risch to skip public TV debate.md -> 2008-05-05 - Risch to skip public TV debate.md
2026-07-20T10:39:37  MOVED (direct): 2014-04-17 - Lens of Time Northwest - Henry’s Lake, Idaho.md -> 2014-04-17 - Lens of Time Northwest - Henry’s Lake, Idaho.md
2026-07-20T10:39:38  MOVED (direct): 2017-04-12 - Lens of Time Northwest - Bear Lake Looking South.md -> 2017-04-12 - Lens of Time Northwest - Bear Lake Looking South.md
2026-07-20T10:39:38  MOVED (direct): 2023-03-22 - Idaho hospital says it is ending labor and delivery services amid 'political climate'.md -> 2023-03-22 - Idaho hospital says it is ending labor and delivery services amid 'political climate'.md
2026-07-20T10:39:39  MOVED (direct): 2023-05-02 - After Idaho’s Strict Abortion Ban, OB-GYNs Stage a Quick Exodus.md -> 2023-05-02 - After Idaho’s Strict Abortion Ban, OB-GYNs Stage a Quick Exodus.md
2026-07-20T10:39:39  MOVED (direct): 2026-02-24 - Hello, RANGE. It’s me, Daniel.md -> 2026-02-24 - Hello, RANGE. It’s me, Daniel.md
2026-07-20T10:39:40  MOVED (direct): 2026-05-21 - Independent challenger calls on Risch to do three public debates ahead of Idaho’s general election  • Idaho Capital Sun.md -> 2026-05-21 - Independent challenger calls on Risch to do three public debates ahead of Idaho’s general election  • Idaho Capital Sun.md
2026-07-20T10:39:40  MOVED (direct): 2026-05-29 - Religious anti-abortion center finds opportunity in town without OB-GYNs.md -> 2026-05-29 - Religious anti-abortion center finds opportunity in town without OB-GYNs.md
2026-07-20T10:39:41  MOVED (direct): 2026-06-07 - An Idaho Democrat’s case for Roth dropping out of the Senate race.md -> 2026-06-07 - An Idaho Democrat’s case for Roth dropping out of the Senate race.md
2026-07-20T10:39:41  MOVED (direct): 2026-06-08 - The paradox within politics.md -> 2026-06-08 - The paradox within politics.md
2026-07-20T10:39:42  MOVED (direct): 2026-06-15 - No data centers in Spokane city this year_.md -> 2026-06-15 - No data centers in Spokane city this year_.md
2026-07-20T10:39:42  MOVED (direct): 2026-06-18 - Roth, not Achilles, has the best shot at defeating Risch.md -> 2026-06-18 - Roth, not Achilles, has the best shot at defeating Risch.md
2026-07-20T10:39:43  MOVED (direct): 2026-06-22 - Data centers, right to cooling and police body cams at Spokane City Council.md -> 2026-06-22 - Data centers, right to cooling and police body cams at Spokane City Council.md
2026-07-20T10:39:44  MOVED (direct): 2026-06-29 - State rep candidate forum at a church ... and almost everyone is off.md -> 2026-06-29 - State rep candidate forum at a church ... and almost everyone is off.md
2026-07-20T10:39:44  MOVED (direct): 2026-07-09 - Whither Idaho Democrats.md -> 2026-07-09 - Whither Idaho Democrats.md
2026-07-20T10:39:45  MOVED (collision): 2026-07-14 - You Asked_ Variable speed signs were installed on Eagle Rd. Why aren't they in use_.md -> 2026-07-14 - You Asked_ Variable speed signs were installed on Eagle Rd. Why aren't they in use_-20260720-103945-abf6c266455e36ce.md
2026-07-20T10:39:45  MOVED (direct): 2026-07-15 - 90-year-old Boise business acquired by Minnesota firm.md -> 2026-07-15 - 90-year-old Boise business acquired by Minnesota firm.md
2026-07-20T10:39:46  MOVED (direct): 2026-07-15 - Boise Airport receives millions for big revamp, plus project that will increase early morning flight capacity.md -> 2026-07-15 - Boise Airport receives millions for big revamp, plus project that will increase early morning flight capacity.md
2026-07-20T10:39:46  MOVED (direct): 2026-07-15 - City of Boise explores buying shuttered bar.md -> 2026-07-15 - City of Boise explores buying shuttered bar.md
2026-07-20T10:39:47  MOVED (direct): 2026-07-15 - Doctors in rural WA reject faith pledge.md -> 2026-07-15 - Doctors in rural WA reject faith pledge.md
2026-07-20T10:39:47  MOVED (direct): 2026-07-15 - Third grocery store location for Boise Co-op moves forward.md -> 2026-07-15 - Third grocery store location for Boise Co-op moves forward.md
2026-07-20T10:39:48  MOVED (direct): 2026-07-16 - 'This Greenbelt belongs to us'_ With homeless man accused of murder in Boise, politics, policy, and history loom over case.md -> 2026-07-16 - 'This Greenbelt belongs to us'_ With homeless man accused of murder in Boise, politics, policy, and history loom over case.md
2026-07-20T10:39:48  MOVED (direct): 2026-07-16 - A campaign to define.md -> 2026-07-16 - A campaign to define.md
2026-07-20T10:39:49  MOVED (direct): 2026-07-16 - Boise approves multimillion-dollar contract for historic Idaho pool work.md -> 2026-07-16 - Boise approves multimillion-dollar contract for historic Idaho pool work.md
2026-07-20T10:39:49  MOVED (direct): 2026-07-16 - Spokane police to reform ‘temperament codes’.md -> 2026-07-16 - Spokane police to reform ‘temperament codes’.md
2026-07-20T10:39:50  MOVED (direct): 2026-07-16 - You Asked_ Why has construction on a Boise apartment project stalled_.md -> 2026-07-16 - You Asked_ Why has construction on a Boise apartment project stalled_.md
2026-07-20T10:39:50  MOVED (direct): 2026-07-17 - Commercial development proposed for growing Kuna corner.md -> 2026-07-17 - Commercial development proposed for growing Kuna corner.md
2026-07-20T10:39:51  MOVED (direct): 2026-07-17 - Controversial Henry’s Lake Flats development given green light by Fremont County Commissioners.md -> 2026-07-17 - Controversial Henry’s Lake Flats development given green light by Fremont County Commissioners.md
2026-07-20T10:39:51  MOVED (direct): 2026-07-17 - Traditionalist Catholics face a difficult choice after Vatican cuts off breakaway group.md -> 2026-07-17 - Traditionalist Catholics face a difficult choice after Vatican cuts off breakaway group.md
2026-07-20T10:39:52  MOVED (direct): 2026-07-18 - Idaho Democrats think Jim Risch could be beaten, but they aren't sure they want a Democrat to run for Senate.md -> 2026-07-18 - Idaho Democrats think Jim Risch could be beaten, but they aren't sure they want a Democrat to run for Senate.md
2026-07-20T10:39:52  MOVED (direct): 2026-07-18 - Idaho governor’s race_ Pickens, Stegner support abortion rights ballot initiative • Idaho Capital Sun.md -> 2026-07-18 - Idaho governor’s race_ Pickens, Stegner support abortion rights ballot initiative • Idaho Capital Sun.md
2026-07-20T10:39:53  MOVED (direct): 2026-07-18 - Kootenai County budget deliberations continue.md -> 2026-07-18 - Kootenai County budget deliberations continue.md
2026-07-20T10:39:53  MOVED (direct): 2026-07-18 - The largest religion after Christianity in every U.S. state.md -> 2026-07-18 - The largest religion after Christianity in every U.S. state.md
2026-07-20T10:39:54  MOVED (direct): 2026-07-19 - Doctors in rural Washington reject faith pledge.md -> 2026-07-19 - Doctors in rural Washington reject faith pledge.md
2026-07-20T10:39:54  MOVED (direct): 2026-07-19 - Malad residents challenge road project charges; mayor responds.md -> 2026-07-19 - Malad residents challenge road project charges; mayor responds.md
2026-07-20T10:39:55  MOVED (direct): 2026-07-20 - Have our representatives given Idaho an America we can be proud of_.md -> 2026-07-20 - Have our representatives given Idaho an America we can be proud of_.md
2026-07-20T10:39:55  MOVED (direct): 2026-07-20 - Idaho's honor flight organizations need our support to thank our veterans for our freedom • Idaho Capital Sun.md -> 2026-07-20 - Idaho's honor flight organizations need our support to thank our veterans for our freedom • Idaho Capital Sun.md
2026-07-20T10:39:56  MOVED (direct): 2026-07-20 - People are leaving blue states like Washington for red ones.md -> 2026-07-20 - People are leaving blue states like Washington for red ones.md
2026-07-20T10:39:56  MOVED (direct): 2026-07-20 - Tick season is getting longer. So is the list of states trying to keep up. • Idaho Capital Sun.md -> 2026-07-20 - Tick season is getting longer. So is the list of states trying to keep up. • Idaho Capital Sun.md
2026-07-20T10:59:02  SKIP (not ready): Journals_of_the_Council_and_House_of_Rep.pdf
2026-07-20T10:59:03  MOVED (direct): Journals_of_the_Council_and_House_of_Rep.pdf -> Journals_of_the_Council_and_House_of_Rep.pdf
2026-07-20T11:00:57  MOVED (direct): 0135.pdf -> 0135.pdf
2026-07-20T11:09:47  MOVED (direct): 0123.pdf -> 0123.pdf
2026-07-20T12:01:18  MOVED (direct): Dr. Ron Roizen on Mann. Ron Roizen on Mann. Ron Roizen on Mann -> Dr. Ron Roizen on Mann. Ron Roizen on Mann. Ron Roizen on Mann
2026-07-20T12:01:58  MOVED (direct): 2005-07-27 - Wikipedia - Nellie Stockbridge.md -> 2005-07-27 - Wikipedia - Nellie Stockbridge.md
2026-07-20T12:01:59  MOVED (direct): - Digital Library of Idaho (DLoI) - Barnard-Stockbridge Photograph Collection.md -> - Digital Library of Idaho (DLoI) - Barnard-Stockbridge Photograph Collection.md
2026-07-20T12:01:59  MOVED (direct): - Historic Wallace Photo Museum.org - The Collection.md -> - Historic Wallace Photo Museum.org - The Collection.md
2026-07-20T12:02:00  MOVED (direct): - Idaho Harvester - Nellie Stockbridge.md -> - Idaho Harvester - Nellie Stockbridge.md
2026-07-20T12:02:00  MOVED (direct): - Idaho's Women of Influence - Nellie Stockbridge.md -> - Idaho's Women of Influence - Nellie Stockbridge.md
2026-07-20T12:02:01  MOVED (direct): - Ron Roizen - Alcohol Sociology Home Page.md -> - Ron Roizen - Alcohol Sociology Home Page.md
2026-07-20T12:02:01  MOVED (direct): - University of Idaho Library Digital Collections - Home, Barnard-Stockbridge Photograph Collection.md -> - University of Idaho Library Digital Collections - Home, Barnard-Stockbridge Photograph Collection.md
2026-07-20T12:02:02  MOVED (direct): 2017-04-25 - History of Wallace, Idaho - Remembering Nellie Jane Stockbridge.md -> 2017-04-25 - History of Wallace, Idaho - Remembering Nellie Jane Stockbridge.md
2026-07-20T12:18:42  MOVED (direct): 0197.pdf -> 0197.pdf
2026-07-20T12:18:43  MOVED (direct): - boisestate.starter1ua.preservica.com - MSS268_BeemerManuscript.pdf - Portal App.md -> - boisestate.starter1ua.preservica.com - MSS268_BeemerManuscript.pdf - Portal App.md
2026-07-20T12:18:43  MOVED (direct): - idaho.idgenweb.org - Warrens Idaho.md -> - idaho.idgenweb.org - Warrens Idaho.md
2026-07-20T12:18:44  MOVED (direct): - Portal App - About Nell Shipman folder.md -> - Portal App - About Nell Shipman folder.md
2026-07-20T12:18:44  MOVED (direct): - Rick Just - The First Dog Across the Craters (tap to read).md -> - Rick Just - The First Dog Across the Craters (tap to read).md
2026-07-20T12:18:45  MOVED (direct): 1928-04-14 - Archives West - Robert W. Limbert Papers.md -> 1928-04-14 - Archives West - Robert W. Limbert Papers.md
2026-07-20T12:18:45  MOVED (direct): 2017-01-27 - Special Collections and Archives - Robert Limbert.md -> 2017-01-27 - Special Collections and Archives - Robert Limbert.md
2026-07-20T12:20:17  MOVED (direct): - Portal App - About Nell Shipman Audio folder.md -> - Portal App - About Nell Shipman Audio folder.md
2026-07-20T15:14:55  MOVED (direct): - Biography - James Castle House.md -> - Biography - James Castle House.md
2026-07-20T15:14:56  MOVED (direct): 2003-08-29 - Wikipedia - Torrie Wilson.md -> 2003-08-29 - Wikipedia - Torrie Wilson.md
2026-07-20T15:14:57  MOVED (direct): 2005-05-21 - Wikipedia - Sweater girl.md -> 2005-05-21 - Wikipedia - Sweater girl.md
2026-07-20T15:14:57  DROPPED (duplicate already in vault): 2005-07-27 - Wikipedia - Nellie Stockbridge.md
2026-07-20T15:14:58  MOVED (direct): 2006-07-22 - Wikipedia - Matthew Brannon.md -> 2006-07-22 - Wikipedia - Matthew Brannon.md
2026-07-20T15:14:58  MOVED (direct): 2007-11-25 - Wikipedia - Nancy Reddin Kienholz.md -> 2007-11-25 - Wikipedia - Nancy Reddin Kienholz.md
2026-07-20T15:14:59  MOVED (direct): 2009-09-15 - Wikipedia - Isabella Boylston.md -> 2009-09-15 - Wikipedia - Isabella Boylston.md
2026-07-20T15:14:59  MOVED (direct): 2009-11-01 - Wikipedia - Drew Jacoby.md -> 2009-11-01 - Wikipedia - Drew Jacoby.md
2026-07-20T15:15:00  MOVED (direct): 2009-11-05 - Wikipedia - Matthew Prescott.md -> 2009-11-05 - Wikipedia - Matthew Prescott.md
2026-07-20T15:15:00  MOVED (direct): 2010-03-29 - Wikipedia - M. C. Richards.md -> 2010-03-29 - Wikipedia - M. C. Richards.md
2026-07-20T15:15:01  MOVED (direct): 2013-07-31 - Wikipedia - Leepu Nizamuddin Awlia.md -> 2013-07-31 - Wikipedia - Leepu Nizamuddin Awlia.md
2026-07-20T15:15:01  MOVED (direct): 2014-03-01 - Wikipedia - Lee Kelly.md -> 2014-03-01 - Wikipedia - Lee Kelly.md
2026-07-20T15:15:02  MOVED (direct): 2015-05-17 - Wikipedia - Glen Robinson (visual effects).md -> 2015-05-17 - Wikipedia - Glen Robinson (visual effects).md
2026-07-20T15:15:02  MOVED (direct): 2017-03-07 - Wikipedia - Honor Elizabeth Kever.md -> 2017-03-07 - Wikipedia - Honor Elizabeth Kever.md
2026-07-20T15:15:03  MOVED (direct): 2017-03-31 - Wikipedia - Joëlle Jones.md -> 2017-03-31 - Wikipedia - Joëlle Jones.md
2026-07-20T15:15:03  MOVED (direct): 2018-02-18 - Wikipedia - Thomas Lee Wright.md -> 2018-02-18 - Wikipedia - Thomas Lee Wright.md
2026-07-20T15:15:04  MOVED (direct): 2018-08-22 - Wikipedia - Todd Marshall (artist).md -> 2018-08-22 - Wikipedia - Todd Marshall (artist).md
2026-07-20T15:15:04  MOVED (direct): 2020-01-21 - Wikipedia - Rose Frank (artist).md -> 2020-01-21 - Wikipedia - Rose Frank (artist).md
2026-07-20T15:15:05  MOVED (direct): 2023-03-30 - Wikipedia - Nadine Kariya.md -> 2023-03-30 - Wikipedia - Nadine Kariya.md
2026-07-20T15:15:06  MOVED (direct): 2023-04-28 - Wikipedia - Charlotte Lamberton.md -> 2023-04-28 - Wikipedia - Charlotte Lamberton.md
2026-07-20T15:15:06  MOVED (direct): 2023-09-29 - Wikipedia - Anne Rearick.md -> 2023-09-29 - Wikipedia - Anne Rearick.md
2026-07-20T15:18:51  MOVED (direct): 2021-09-20 - Wikipedia - Benito Skinner.md -> 2021-09-20 - Wikipedia - Benito Skinner.md
2026-07-20T15:18:52  MOVED (direct): 2003-09-30 - Wikipedia - Bill Fagerbakke.md -> 2003-09-30 - Wikipedia - Bill Fagerbakke.md
2026-07-20T15:18:53  MOVED (direct): 2005-08-08 - Wikipedia - Billie Bird.md -> 2005-08-08 - Wikipedia - Billie Bird.md
2026-07-20T15:18:53  MOVED (direct): 2006-10-30 - Wikipedia - Barats and Bereta.md -> 2006-10-30 - Wikipedia - Barats and Bereta.md
2026-07-20T15:18:54  MOVED (direct): 2007-03-02 - Wikipedia - Nick Symmonds.md -> 2007-03-02 - Wikipedia - Nick Symmonds.md
2026-07-20T15:18:54  MOVED (direct): 2008-07-11 - Wikipedia - Dan Cummins.md -> 2008-07-11 - Wikipedia - Dan Cummins.md
2026-07-20T15:18:55  MOVED (direct): 2009-10-20 - Wikipedia - Brian Kibler.md -> 2009-10-20 - Wikipedia - Brian Kibler.md
2026-07-20T15:18:55  MOVED (direct): 2013-08-07 - Wikipedia - Maggie Carey.md -> 2013-08-07 - Wikipedia - Maggie Carey.md
2026-07-20T15:18:56  MOVED (direct): 2014-05-27 - Wikipedia - Ryan Hamilton (comedian).md -> 2014-05-27 - Wikipedia - Ryan Hamilton (comedian).md
2026-07-20T15:18:56  MOVED (direct): 2020-04-07 - Wikipedia - Steve Cook (bodybuilder).md -> 2020-04-07 - Wikipedia - Steve Cook (bodybuilder).md
2026-07-20T15:18:57  MOVED (direct): 2023-11-18 - Wikipedia - Delaney Rowe.md -> 2023-11-18 - Wikipedia - Delaney Rowe.md
2026-07-20T15:18:58  MOVED (direct): 2026-05-20 - Wikipedia - Isabel Brown (American activist).md -> 2026-05-20 - Wikipedia - Isabel Brown (American activist).md
2026-07-20T16:48:41  MOVED (direct): 2026-07-18 - NBC News - Idaho pushed anti-trans laws for years. Then a teen died..md -> 2026-07-18 - NBC News - Idaho pushed anti-trans laws for years. Then a teen died..md
2026-07-21T09:38:14  MOVED (direct): - Emma Edwards Green.md -> - Emma Edwards Green.md
2026-07-21T09:38:15  MOVED (direct): - MS 353 Box 1 Folder 3 Item 8.md -> - MS 353 Box 1 Folder 3 Item 8.md
2026-07-21T09:38:16  MOVED (direct): - MS353Bx1F2-8front.md -> - MS353Bx1F2-8front.md
2026-07-21T09:38:16  MOVED (direct): 2009-09-19 - Emma Edwards Historical Marker.md -> 2009-09-19 - Emma Edwards Historical Marker.md
2026-07-21T09:38:17  MOVED (direct): 2015-03-07 - Emma Edwards Green.md -> 2015-03-07 - Emma Edwards Green.md
2026-07-21T09:38:17  MOVED (direct): 2021-07-25 - Idaho_ The only state with a seal designed by a woman. Meet Emma Edwards Greene.md -> 2021-07-25 - Idaho_ The only state with a seal designed by a woman. Meet Emma Edwards Greene.md
2026-07-21T09:38:22  MOVED (direct): 2026-07-20 - The Spokesman-Review - Former Shoshone County sheriff sentenced for inattentive driving.md -> 2026-07-20 - The Spokesman-Review - Former Shoshone County sheriff sentenced for inattentive driving.md
2026-07-21T09:38:23  MOVED (direct): - Feedly - Websites - Feedly Documentation.md -> - Feedly - Websites - Feedly Documentation.md
2026-07-21T09:38:24  MOVED (direct): 2022-04-04 - Feedly - How to find Substack RSS feeds_.md -> 2022-04-04 - Feedly - How to find Substack RSS feeds_.md
2026-07-21T09:38:24  MOVED (direct): 2025-09-21 - Substack - Using Feedly to Read a Substack Publication Without Email.md -> 2025-09-21 - Substack - Using Feedly to Read a Substack Publication Without Email.md
2026-07-21T09:38:25  MOVED (direct): 2025-09-29 - Substack - How I Escaped Newsletter Overwhelm With AI-Powered RSS Setup.md -> 2025-09-29 - Substack - How I Escaped Newsletter Overwhelm With AI-Powered RSS Setup.md
2026-07-21T09:38:25  MOVED (direct): 2025-10-22 - FāVS News - AI Policy.md -> 2025-10-22 - FāVS News - AI Policy.md
2026-07-21T09:38:26  MOVED (direct): 2025-11-19 - Heartland Genealogy - Adding Substack Feeds to Feedly.md -> 2025-11-19 - Heartland Genealogy - Adding Substack Feeds to Feedly.md
2026-07-21T09:38:27  MOVED (direct): 2026-07-20 - Leftist streamer sparks online firestorm over speech to College Dems in Mao-style suit_ 'They're communists'.md -> 2026-07-20 - Leftist streamer sparks online firestorm over speech to College Dems in Mao-style suit_ 'They're communists'.md
2026-07-21T09:38:27  MOVED (direct): 2026-07-20 - Nancy Mace reveals Senate decision as Lindsey Graham's sister redraws the race.md -> 2026-07-20 - Nancy Mace reveals Senate decision as Lindsey Graham's sister redraws the race.md
2026-07-21T09:38:28  MOVED (direct): 2026-07-20 - One six-pack of beer could significantly alter how the Constitution regulates law enforcement.md -> 2026-07-20 - One six-pack of beer could significantly alter how the Constitution regulates law enforcement.md
2026-07-21T09:38:28  MOVED (direct): 2026-07-20 - Reuters - US judge approves Anthropic's $1.5 billion settlement of copyright lawsuit.md -> 2026-07-20 - Reuters - US judge approves Anthropic's $1.5 billion settlement of copyright lawsuit.md
2026-07-21T09:38:29  MOVED (direct): 2026-07-20 - The Block - Washington judge blocks Kalshi's sports prediction markets over state gambling laws.md -> 2026-07-20 - The Block - Washington judge blocks Kalshi's sports prediction markets over state gambling laws.md
2026-07-21T09:38:29  MOVED (direct): 2026-07-20 - The New York Times - ‘Vibecoded’ Apps Are Flooding the App Store. Is That Good for Apple_.md -> 2026-07-20 - The New York Times - ‘Vibecoded’ Apps Are Flooding the App Store. Is That Good for Apple_.md
2026-07-21T09:38:30  MOVED (direct): 2026-07-21 - Idaho Capital Sun - The feds no longer protect endangered species habitat. States say they can’t pick up the slack. • Idaho Capital Sun.md -> 2026-07-21 - Idaho Capital Sun - The feds no longer protect endangered species habitat. States say they can’t pick up the slack. • Idaho Capital Sun.md
2026-07-21T09:38:30  MOVED (direct): 2026-07-21 - The Spokesman-Review - The search is on in an Idaho forest for this year's U.S. Capitol Christmas tree.md -> 2026-07-21 - The Spokesman-Review - The search is on in an Idaho forest for this year's U.S. Capitol Christmas tree.md
2026-07-21T09:42:33  MOVED (direct): - thelightphone.com - Light Flip _ The Light Phone.md -> - thelightphone.com - Light Flip _ The Light Phone.md
2026-07-21T11:28:34  MOVED (direct): - Framing the West_ The Survey Photographs of Timothy H. O'Sullivan.md -> - Framing the West_ The Survey Photographs of Timothy H. O'Sullivan.md
2026-07-21T11:28:35  MOVED (direct): - Timothy H. O'Sullivan.md -> - Timothy H. O'Sullivan.md
2026-07-21T11:28:35  MOVED (direct): 2021-01-27 - Idaho State Historical Society - Idaho State Archives.md -> 2021-01-27 - Idaho State Historical Society - Idaho State Archives.md
2026-07-21T11:28:36  MOVED (direct): 2026-07-20 - As national gas prices rise, Idaho’s remain even higher • Idaho Capital Sun.md -> 2026-07-20 - As national gas prices rise, Idaho’s remain even higher • Idaho Capital Sun.md
2026-07-21T11:28:36  MOVED (direct): 2026-07-20 - Sandpoint business owners, residents and tourists divided on suspension of parking kiosks in downtown streets.md -> 2026-07-20 - Sandpoint business owners, residents and tourists divided on suspension of parking kiosks in downtown streets.md
2026-07-21T11:28:37  MOVED (direct): 2026-07-20 - State funding cuts put local highway projects on hold, here's what's affected.md -> 2026-07-20 - State funding cuts put local highway projects on hold, here's what's affected.md
2026-07-21T11:46:27  MOVED (direct): p16281coll37_280_full.jpg -> p16281coll37_280_full.jpg
2026-07-21T11:46:28  MOVED (direct): p16281coll37_281_full.jpg -> p16281coll37_281_full.jpg
2026-07-21T15:02:58  MOVED (direct): 20260715_Hollywood Clearances Workshop Summary.pdf -> 20260715_Hollywood Clearances Workshop Summary.pdf
2026-07-21T15:02:59  MOVED (direct): - Albertsons Library LibCal - Library Guides_ Idaho Research_ LGBTQIA+.md -> - Albertsons Library LibCal - Library Guides_ Idaho Research_ LGBTQIA+.md
2026-07-21T15:03:00  MOVED (direct): - digitalcollections.lib.washington.edu - Search Results - University of Washington Digital Collections.md -> - digitalcollections.lib.washington.edu - Search Results - University of Washington Digital Collections.md
2026-07-21T15:03:00  MOVED (collision): - Expeditions Explore Yellowstone - Yellowstone National Park (U.S. National Park Service).md -> - Expeditions Explore Yellowstone - Yellowstone National Park (U.S. National Park Service)-20260721-150300-827fdbbfcee4a786.md
2026-07-21T15:03:01  MOVED (direct): - glendaleca.gov - Nell Shipman_Doctor House _ City of Glendale, CA.md -> - glendaleca.gov - Nell Shipman_Doctor House _ City of Glendale, CA.md
2026-07-21T15:03:01  MOVED (direct): - isu.edu - Archives.md -> - isu.edu - Archives.md
2026-07-21T15:03:02  MOVED (direct): - JOSEPH RALPH _COWBOY JOE_ BRECKENRIDGE; 1950s IDAHO ARTIST, HORSE - WINTER STORM.md -> - JOSEPH RALPH _COWBOY JOE_ BRECKENRIDGE; 1950s IDAHO ARTIST, HORSE - WINTER STORM.md
2026-07-21T15:03:02  MOVED (direct): - Karen Day - Girl From God’s Country_ The History of Women in Film and Other War Stories.md -> - Karen Day - Girl From God’s Country_ The History of Women in Film and Other War Stories.md
2026-07-21T15:03:03  MOVED (direct): - loc.gov - New Idaho Center for the Book Approved (December 13, 1993) - Library of Congress Information Bulletin.md -> - loc.gov - New Idaho Center for the Book Approved (December 13, 1993) - Library of Congress Information Bulletin.md
2026-07-21T15:03:04  MOVED (direct): - Lost Pack Horse Original Joe R. Breckenridge Oil Painting Stamped and.md -> - Lost Pack Horse Original Joe R. Breckenridge Oil Painting Stamped and.md
2026-07-21T15:03:04  MOVED (direct): - Nell's Bedroom - City of Glendale, CA (1).md -> - Nell's Bedroom - City of Glendale, CA (1).md
2026-07-21T15:03:05  MOVED (direct): - Nell's Bedroom - City of Glendale, CA.md -> - Nell's Bedroom - City of Glendale, CA.md
2026-07-21T15:03:05  MOVED (direct): - Rick Just - Idaho's Film Sleuth.md -> - Rick Just - Idaho's Film Sleuth.md
2026-07-21T15:03:06  MOVED (direct): - ScholarWorks - The Ted Trueblood Collection at Boise State University _ A Guide to the Papers of One of America's Foremost Outdoor Writers and Conservationists.md -> - ScholarWorks - The Ted Trueblood Collection at Boise State University _ A Guide to the Papers of One of America's Foremost Outdoor Writers and Conservationists.md
2026-07-21T15:03:06  MOVED (direct): - Unknown - Part II Nell Shipman_ Making movies at Lionhead Lodge.md -> - Unknown - Part II Nell Shipman_ Making movies at Lionhead Lodge.md
2026-07-21T15:03:07  MOVED (direct): - Viewing the William Henry Jackson Collection (U.S. National Park Service).md -> - Viewing the William Henry Jackson Collection (U.S. National Park Service).md
2026-07-21T15:03:07  MOVED (direct): - Vtg. Joe R Breckenridge Cowboy Artist Painting on Board _ Lost Pack Horse_ 11 X.md -> - Vtg. Joe R Breckenridge Cowboy Artist Painting on Board _ Lost Pack Horse_ 11 X.md
2026-07-21T15:03:08  MOVED (direct): - wfpp.columbia.edu - Nell Shipman – Women Film Pioneers Project.md -> - wfpp.columbia.edu - Nell Shipman – Women Film Pioneers Project.md
2026-07-21T15:03:08  MOVED (direct): - William Henry Jackson (U.S. National Park Service).md -> - William Henry Jackson (U.S. National Park Service).md
2026-07-21T15:03:09  MOVED (direct): 00_00 - Kickstarter - NELL SHIPMAN_GIRL FROM GOD'S COUNTRY FILM.md -> 00_00 - Kickstarter - NELL SHIPMAN_GIRL FROM GOD'S COUNTRY FILM.md
2026-07-21T15:03:09  MOVED (direct): 1892-10-24 - Archives West - Nell Shipman Papers.md -> 1892-10-24 - Archives West - Nell Shipman Papers.md
2026-07-21T15:03:10  MOVED (direct): 1894-01-04 - Joseph Ralph “Cowboy Joe” Breckenridge (1894-1972)....md -> 1894-01-04 - Joseph Ralph “Cowboy Joe” Breckenridge (1894-1972)....md
2026-07-21T15:03:10  MOVED (direct): 1987-11-15 - Archives West - Tom Trusky Papers.md -> 1987-11-15 - Archives West - Tom Trusky Papers.md
2026-07-21T15:03:11  MOVED (direct): 1988-09-09 - Archives West - Idaho Film Collection.md -> 1988-09-09 - Archives West - Idaho Film Collection.md
2026-07-21T15:03:11  MOVED (direct): 2007-09-13 - IMDb - At Lionhead (2007).md -> 2007-09-13 - IMDb - At Lionhead (2007).md
2026-07-21T15:03:12  MOVED (direct): 2009-07-31 - Wikipedia - Ted Trueblood.md -> 2009-07-31 - Wikipedia - Ted Trueblood.md
2026-07-21T15:03:12  MOVED (direct): 2011-12-28 - Wikipedia - Tom Trusky.md -> 2011-12-28 - Wikipedia - Tom Trusky.md
2026-07-21T15:03:13  MOVED (direct): 2012-01-10 - The Silver Valley's Snakepit.md -> 2012-01-10 - The Silver Valley's Snakepit.md
2026-07-21T15:03:13  MOVED (direct): 2013-12-17 - Wikipedia - Told in the Hills.md -> 2013-12-17 - Wikipedia - Told in the Hills.md
2026-07-21T15:03:14  MOVED (direct): 2015-09-09 - Eyewitness Media Hub launch Guiding Principles for Journalists.md -> 2015-09-09 - Eyewitness Media Hub launch Guiding Principles for Journalists.md
2026-07-21T15:03:14  MOVED (direct): 2019-03-01 - Archives West - Photographs of the making of the film Told in the hills.md -> 2019-03-01 - Archives West - Photographs of the making of the film Told in the hills.md
2026-07-21T15:03:15  MOVED (direct): 2019-05-01 - Student Union Fine Arts - Office of the Director of University Art.md -> 2019-05-01 - Student Union Fine Arts - Office of the Director of University Art.md
2026-07-21T15:03:15  MOVED (direct): 2020-11-17 - Special Collections and Archives - Idaho Collections.md -> 2020-11-17 - Special Collections and Archives - Idaho Collections.md
2026-07-21T15:03:16  MOVED (direct): 2021-08-10 - Special Collections and Archives - Idaho Center for the Book.md -> 2021-08-10 - Special Collections and Archives - Idaho Center for the Book.md
2026-07-21T15:03:16  MOVED (direct): 2022-09-18 - September 19_ Artist “Cowboy Joe” Breckenridge.md -> 2022-09-18 - September 19_ Artist “Cowboy Joe” Breckenridge.md
2026-07-21T15:03:17  MOVED (direct): 2023-03-31 - Meet 'Cowboy Joe'.md -> 2023-03-31 - Meet 'Cowboy Joe'.md
2026-07-21T15:03:17  MOVED (direct): 2024-02-08 - Albertsons Library - The Idaho Film Collection - a Tom Trusky legacy.md -> 2024-02-08 - Albertsons Library - The Idaho Film Collection - a Tom Trusky legacy.md
2026-07-21T15:03:18  MOVED (direct): 2024-11-24 - isu.edu - Special Collections.md -> 2024-11-24 - isu.edu - Special Collections.md
2026-07-21T15:03:18  MOVED (direct): 2025-09-17 - NWPB - Northwest Public Broadcasting - From Soviet vault to Idaho screen, a lost silent-era Western returns.md -> 2025-09-17 - NWPB - Northwest Public Broadcasting - From Soviet vault to Idaho screen, a lost silent-era Western returns.md
2026-07-21T15:03:19  MOVED (direct): 2025-09-25 - The Inlander - The Kenworthy Silent Film Festival in Moscow resurrects the 1919 film Told in the Hills.md -> 2025-09-25 - The Inlander - The Kenworthy Silent Film Festival in Moscow resurrects the 1919 film Told in the Hills.md
2026-07-21T15:03:19  MOVED (direct): 2025-09-25 - The Lewiston Tribune - Idaho’s first feature film 'Told in the Hills' restored, set....md -> 2025-09-25 - The Lewiston Tribune - Idaho’s first feature film 'Told in the Hills' restored, set....md
2026-07-21T15:03:20  MOVED (direct): 2025-09-28 - The Spokesman-Review - Some films, century after their release, brought back to life on big screen at Kenworthy Silent Film Festival.md -> 2025-09-28 - The Spokesman-Review - Some films, century after their release, brought back to life on big screen at Kenworthy Silent Film Festival.md
2026-07-21T15:03:20  MOVED (direct): 2025-10-07 - NPR - A 1919 film featuring Nez Perce tribal members was recently re-discovered in Idaho.md -> 2025-10-07 - NPR - A 1919 film featuring Nez Perce tribal members was recently re-discovered in Idaho.md
2026-07-21T15:03:21  MOVED (direct): 2025-10-15 - Albertsons Library - Archivists Hervochon and Meregaglia help revive nearly lost Idaho film.md -> 2025-10-15 - Albertsons Library - Archivists Hervochon and Meregaglia help revive nearly lost Idaho film.md
2026-07-21T15:03:21  MOVED (direct): 2025-10-27 - High Country News - The first film made in Idaho was headed back to the big screen. Then DOGE intervened.md -> 2025-10-27 - High Country News - The first film made in Idaho was headed back to the big screen. Then DOGE intervened.md
2026-07-21T15:46:56  Watcher active. Sources='C:\Users\loganf\Downloads\Mobile Devices; C:\Users\loganf\Downloads\Phone Link' Target='C:\Users\loganf\Documents\IDAHO-VAULT'
2026-07-22T11:26:32  MOVED (direct): 09001280_Text.pdf -> 09001280_Text.pdf
2026-07-22T11:26:33  MOVED (direct): - Anti-German Sentiment Ran High in 1917.md -> - Anti-German Sentiment Ran High in 1917.md
2026-07-22T11:26:33  MOVED (direct): - Bovill Opera House.md -> - Bovill Opera House.md
2026-07-22T11:26:34  MOVED (direct): - Large Antique cowboy artist joe breckenridge art painting elk water lake_ birds.md -> - Large Antique cowboy artist joe breckenridge art painting elk water lake_ birds.md
2026-07-22T11:26:34  MOVED (direct): - Sandblasting History.md -> - Sandblasting History.md
2026-07-22T11:26:35  MOVED (direct): 2026-07-21 - WA schools chief eyes changes to sexual misconduct response.md -> 2026-07-21 - WA schools chief eyes changes to sexual misconduct response.md
2026-07-22T11:26:35  MOVED (direct): - Vintage Joe R. Breckenridge OOB Sunset Waterfall Landscape Painting Signed L.L. #1915.md -> - Vintage Joe R. Breckenridge OOB Sunset Waterfall Landscape Painting Signed L.L. #1915.md
2026-07-22T11:26:35  SKIP (not ready): - Vintage Joe R. Breckenridge OOB Sunset Waterfall Landscape Painting Signed L.L. #1915.md
2026-07-22T11:26:35  MOVED (direct): 1997-04-03 - Long-Term Home Sought For Rapid Artworks   Western Murals Endangered By Pool Hall Demolition.md -> 1997-04-03 - Long-Term Home Sought For Rapid Artworks   Western Murals Endangered By Pool Hall Demolition.md
2026-07-22T11:26:36  SKIP (not ready): 1997-04-03 - Long-Term Home Sought For Rapid Artworks   Western Murals Endangered By Pool Hall Demolition.md
2026-07-22T11:26:36  MOVED (direct): 2000-11-23 - A Guy Named Joe  The Work Of A Legendary Inland Northwest Artist  Hangs In Obscurity At Watering Holes Around The Region.md -> 2000-11-23 - A Guy Named Joe  The Work Of A Legendary Inland Northwest Artist  Hangs In Obscurity At Watering Holes Around The Region.md
2026-07-22T11:26:36  SKIP (not ready): 2000-11-23 - A Guy Named Joe  The Work Of A Legendary Inland Northwest Artist  Hangs In Obscurity At Watering Holes Around The Region.md
2026-07-22T11:26:36  MOVED (direct): 2025-09-06 - Copyright threats force AI firms to consider stronger deals with publishers.md -> 2025-09-06 - Copyright threats force AI firms to consider stronger deals with publishers.md
2026-07-22T11:26:37  SKIP (not ready): 2025-09-06 - Copyright threats force AI firms to consider stronger deals with publishers.md
2026-07-22T11:26:37  MOVED (direct): - Born Licensing Represents.md -> - Born Licensing Represents.md
2026-07-22T11:26:37  MOVED (direct): - CLIP & STILL LICENSING INFO.md -> - CLIP & STILL LICENSING INFO.md
2026-07-22T11:26:38  SKIP (not ready): - CLIP & STILL LICENSING INFO.md
2026-07-22T11:26:38  MOVED (direct): - Copyright & Trademark.md -> - Copyright & Trademark.md
2026-07-22T11:26:38  SKIP (not ready): - Copyright & Trademark.md
2026-07-22T11:26:38  MOVED (direct): - Jack and Al Hoxie.md -> - Jack and Al Hoxie.md
2026-07-22T11:26:39  SKIP (not ready): - Jack and Al Hoxie.md
2026-07-22T11:26:39  MOVED (direct): - Library Guides_ Idaho Research_ LGBTQIA+.md -> - Library Guides_ Idaho Research_ LGBTQIA+.md
2026-07-22T11:26:39  SKIP (not ready): - Library Guides_ Idaho Research_ LGBTQIA+.md
2026-07-22T11:26:39  MOVED (direct): - Licensing Agents for Universal Studios.md -> - Licensing Agents for Universal Studios.md
2026-07-22T11:26:40  SKIP (not ready): - Licensing Agents for Universal Studios.md
2026-07-22T11:26:40  MOVED (direct): - NBC Universal.md -> - NBC Universal.md
2026-07-22T11:26:40  SKIP (not ready): - NBC Universal.md
2026-07-22T11:26:41  MOVED (direct): - Welcome to The Walt Disney Studios Licensing Website.md -> - Welcome to The Walt Disney Studios Licensing Website.md
2026-07-22T11:26:41  SKIP (not ready): - Welcome to The Walt Disney Studios Licensing Website.md
2026-07-22T11:26:41  MOVED (direct): 1988-09-09 - Idaho Film Collection.md -> 1988-09-09 - Idaho Film Collection.md
2026-07-22T11:26:41  SKIP (not ready): 1988-09-09 - Idaho Film Collection.md
2026-07-22T11:26:42  MOVED (direct): 2006-05-15 - Jack Hoxie.md -> 2006-05-15 - Jack Hoxie.md
2026-07-22T11:26:42  SKIP (not ready): 2006-05-15 - Jack Hoxie.md
2026-07-22T11:26:42  MOVED (direct): 2011-03-17 - Trademark Licensing and Enforcement.md -> 2011-03-17 - Trademark Licensing and Enforcement.md
2026-07-22T11:26:42  SKIP (not ready): 2011-03-17 - Trademark Licensing and Enforcement.md
2026-07-22T11:26:43  MOVED (direct): 2020-11-17 - Using the Collections.md -> 2020-11-17 - Using the Collections.md
2026-07-22T11:26:43  SKIP (not ready): 2020-11-17 - Using the Collections.md
2026-07-22T11:26:43  MOVED (direct): 2023-02-02 - Stacey Guill _The Stone House in the Cañon_ The story of Mary Hallock Foote.md -> 2023-02-02 - Stacey Guill _The Stone House in the Cañon_ The story of Mary Hallock Foote.md
2026-07-22T11:26:43  SKIP (not ready): 2023-02-02 - Stacey Guill _The Stone House in the Cañon_ The story of Mary Hallock Foote.md
2026-07-22T11:26:44  MOVED (direct): 2026-07-20 - Washington tribal police hire fired officers at outsized rates.md -> 2026-07-20 - Washington tribal police hire fired officers at outsized rates.md
2026-07-22T11:26:44  SKIP (not ready): 2026-07-20 - Washington tribal police hire fired officers at outsized rates.md
2026-07-22T11:26:44  MOVED (direct): LICENSING-SUBMISSION-FORM-2024-WBD.pdf -> LICENSING-SUBMISSION-FORM-2024-WBD.pdf
2026-07-22T11:26:44  SKIP (not ready): LICENSING-SUBMISSION-FORM-2024-WBD.pdf
2026-07-22T11:48:43  MOVED (direct): 2021-04-09 - Idaho GOP leadership accuses state of unlawfully using vaccine record system • Idaho Capital Sun.md -> 2021-04-09 - Idaho GOP leadership accuses state of unlawfully using vaccine record system • Idaho Capital Sun.md
2026-07-22T11:48:44  MOVED (direct): 2023-12-07 - Idaho law forced women out of state for abortions. They detail ‘grim’ experiences.md -> 2023-12-07 - Idaho law forced women out of state for abortions. They detail ‘grim’ experiences.md
2026-07-22T11:48:44  MOVED (direct): 2024-02-05 - Idaho bill that would require children to opt in to vaccine registry heads to House floor • Idaho Capital Sun.md -> 2024-02-05 - Idaho bill that would require children to opt in to vaccine registry heads to House floor • Idaho Capital Sun.md
2026-07-22T11:48:45  MOVED (direct): 2024-03-05 - Senator Murray Announces State of the Union Guest_ Kayla Smith, Former Idaho Resident Who Received Lifesaving Abortion Care in Seattle and Now Resides in Washington State.md -> 2024-03-05 - Senator Murray Announces State of the Union Guest_ Kayla Smith, Former Idaho Resident Who Received Lifesaving Abortion Care in Seattle and Now Resides in Washington State.md
2026-07-22T11:48:45  MOVED (direct): 2024-05-01 - Whooping cough outbreak in North Idaho_ With low vaccination rates, what can we do_.md -> 2024-05-01 - Whooping cough outbreak in North Idaho_ With low vaccination rates, what can we do_.md
2026-07-22T11:48:46  MOVED (direct): 2025-04-02 - Idaho Gov. Brad Little was right to veto so-called ‘medical freedom’ bill.md -> 2025-04-02 - Idaho Gov. Brad Little was right to veto so-called ‘medical freedom’ bill.md
2026-07-22T11:48:46  MOVED (direct): 2025-04-11 - Four women sued Idaho over abortion law. An Ada County judge just ruled.md -> 2025-04-11 - Four women sued Idaho over abortion law. An Ada County judge just ruled.md
2026-07-22T11:48:47  MOVED (direct): 2026-03-10 - Idaho Republican legislators want to make vaccine decisions for you.md -> 2026-03-10 - Idaho Republican legislators want to make vaccine decisions for you.md
2026-07-22T11:48:47  MOVED (direct): 2026-07-16 - ‘Public land for public good’_ McCall eyes tighter rules for businesses in lakefront parks.md -> 2026-07-16 - ‘Public land for public good’_ McCall eyes tighter rules for businesses in lakefront parks.md
2026-07-22T11:48:48  MOVED (direct): 2026-07-17 - It’s official_ McCall OKs new farm supply retailer.md -> 2026-07-17 - It’s official_ McCall OKs new farm supply retailer.md
2026-07-22T11:48:48  MOVED (direct): 2026-07-18 - Idaho pushed anti-trans laws for years. Then a teen died..md -> 2026-07-18 - Idaho pushed anti-trans laws for years. Then a teen died..md
2026-07-22T11:48:49  MOVED (direct): 2026-07-18 - Tamarack's Proposed Banker_ The Public.md -> 2026-07-18 - Tamarack's Proposed Banker_ The Public.md
2026-07-22T11:48:49  MOVED (direct): 2026-07-20 - A trans teen died by suicide in Idaho. Her family spoke out about state’s culture.md -> 2026-07-20 - A trans teen died by suicide in Idaho. Her family spoke out about state’s culture.md
2026-07-22T11:48:50  MOVED (direct): 2026-07-20 - Women who pursued Idaho abortion lawsuit accuse anti-abortion website of libel.md -> 2026-07-20 - Women who pursued Idaho abortion lawsuit accuse anti-abortion website of libel.md
2026-07-22T11:48:50  MOVED (direct): 2026-07-21 - ‘This is how growth pays for itself’_ Tamarack eyes new taxing district to fund residential development.md -> 2026-07-21 - ‘This is how growth pays for itself’_ Tamarack eyes new taxing district to fund residential development.md
2026-07-22T11:48:51  MOVED (direct): 2026-07-22 - As Idaho prepares for the firing squad, what are we becoming_.md -> 2026-07-22 - As Idaho prepares for the firing squad, what are we becoming_.md
2026-07-22T11:48:51  MOVED (direct): 2026-07-22 - Idaho family physician’s view_ Vaccines, choice and shared responsibility.md -> 2026-07-22 - Idaho family physician’s view_ Vaccines, choice and shared responsibility.md
2026-07-22T11:48:52  MOVED (direct): 2026-07-22 - Idaho’s average per-pupil spending edges up.md -> 2026-07-22 - Idaho’s average per-pupil spending edges up.md
2026-07-22T11:58:29  MOVED (direct): Eagle Rock Art Guild - History (2).md -> Eagle Rock Art Guild - History (2).md
2026-07-22T14:54:05  MOVED (direct): - 2020.25.1 - Landscape, Pastel on paper. _br ___br __Raised on a farm near Idaho Falls, Idaho, Helen Aupperle became a painter of Indian subjects and had begun sketching Western scenes as a child when her family m.md -> - 2020.25.1 - Landscape, Pastel on paper. _br ___br __Raised on a farm near Idaho Falls, Idaho, Helen Aupperle became a painter of Indian subjects and had begun sketching Western scenes as a child when her family m.md
2026-07-22T14:54:06  MOVED (direct): - 2025.10.84 - Jonathan Ochi is a Japanese-American born in Idaho Falls in 1947, whose parents were both children of Japanese immigrants. His father, Fred Ochi, was a graphic artist and watercolor painter who faced.md -> - 2025.10.84 - Jonathan Ochi is a Japanese-American born in Idaho Falls in 1947, whose parents were both children of Japanese immigrants. His father, Fred Ochi, was a graphic artist and watercolor painter who faced.md
2026-07-22T14:54:07  MOVED (direct): - Abandoned windmill at squirrel creek.md -> - Abandoned windmill at squirrel creek.md
2026-07-22T14:54:07  MOVED (direct): - Byron Defenbach.md -> - Byron Defenbach.md
2026-07-22T14:54:08  MOVED (direct): - Current Exhibits.md -> - Current Exhibits.md
2026-07-22T14:54:08  MOVED (direct): - The 5 Graces_ Acrylic, Metal, Oil, Photography, and Wax.md -> - The 5 Graces_ Acrylic, Metal, Oil, Photography, and Wax.md
2026-07-22T14:54:09  MOVED (direct): - Whitworth Art Collection _ Whitworth University (1).md -> - Whitworth Art Collection _ Whitworth University (1).md
2026-07-22T14:54:09  MOVED (direct): - Whitworth Art Collection _ Whitworth University.md -> - Whitworth Art Collection _ Whitworth University.md
2026-07-22T14:54:10  MOVED (direct): 1957-01-19 - Political Buttons and Stickers collection.md -> 1957-01-19 - Political Buttons and Stickers collection.md
2026-07-22T14:54:10  MOVED (direct): 1958-06-16 - Clarence A. Bottolfsen papers.md -> 1958-06-16 - Clarence A. Bottolfsen papers.md
2026-07-22T14:54:11  MOVED (direct): 2008-11-01 - Simple Things (Carole King album).md -> 2008-11-01 - Simple Things (Carole King album).md
2026-07-22T14:54:11  MOVED (direct): 2013-07-26 - Western artist ‘Boots’ reaches the trail’s end.md -> 2013-07-26 - Western artist ‘Boots’ reaches the trail’s end.md
2026-07-22T14:54:12  MOVED (direct): 2014-04-24 - Who painted those paintings_.md -> 2014-04-24 - Who painted those paintings_.md
2026-07-22T14:54:12  MOVED (direct): 2017-10-12 - Good Question_ Who is that guy on Memorial Drive_.md -> 2017-10-12 - Good Question_ Who is that guy on Memorial Drive_.md
2026-07-22T14:54:13  MOVED (direct): 2018-09-26 - Art of Roy Reynolds at ISU’s Oboler Library beginning Oct. 1.md -> 2018-09-26 - Art of Roy Reynolds at ISU’s Oboler Library beginning Oct. 1.md
2026-07-22T14:54:14  MOVED (direct): 2021-09-17 - (1) Carole King on X_ The cover of Simple Things is the work of the artist Roy Reynolds of Idaho Falls, Idaho. With his passing we lost a good man and I lost a good friend._R.I.P. Roy Reynolds.md -> 2021-09-17 - (1) Carole King on X_ The cover of Simple Things is the work of the artist Roy Reynolds of Idaho Falls, Idaho. With his passing we lost a good man and I lost a good friend._R.I.P. Roy Reynolds.md
2026-07-22T14:54:14  MOVED (direct): 2021-09-17 - Roy Ernest Reynolds Obituary Sep 17, 2021.md -> 2021-09-17 - Roy Ernest Reynolds Obituary Sep 17, 2021.md
2026-07-22T14:54:15  MOVED (direct): 2021-09-20 - Roy Reynolds Obituary (1941 - 2021) - Idaho Falls, ID.md -> 2021-09-20 - Roy Reynolds Obituary (1941 - 2021) - Idaho Falls, ID.md
2026-07-22T14:54:15  MOVED (direct): 2022-05-30 - How an Idaho Falls Democrat became the state's 16th governor and started a political dynasty.md -> 2022-05-30 - How an Idaho Falls Democrat became the state's 16th governor and started a political dynasty.md
2026-07-22T14:54:16  MOVED (direct): 2022-07-04 - The story of Idaho's 18th governor and the political statement that denied him a second term.md -> 2022-07-04 - The story of Idaho's 18th governor and the political statement that denied him a second term.md
2026-07-22T14:54:16  MOVED (direct): 2023-01-05 - Ed Anderson Art.md -> 2023-01-05 - Ed Anderson Art.md
2026-07-22T14:54:17  MOVED (direct): 2023-02-24 - An 'abuse of the US Constitution' brought him to eastern Idaho. Why his son wants you to know about it.md -> 2023-02-24 - An 'abuse of the US Constitution' brought him to eastern Idaho. Why his son wants you to know about it.md
2026-07-22T14:54:17  MOVED (direct): 2024-09-10 - An American Story.md -> 2024-09-10 - An American Story.md
2026-07-22T14:54:18  MOVED (direct): 2025-07-31 - Silent Film Festival_ Restoration Panel Discussion _.md -> 2025-07-31 - Silent Film Festival_ Restoration Panel Discussion _.md
2026-07-22T14:54:18  MOVED (direct): 2025-08-01 - Idaho Falls Downtown Development Corporation brings life to downtown with new parking system.md -> 2025-08-01 - Idaho Falls Downtown Development Corporation brings life to downtown with new parking system.md
2026-07-22T14:54:19  MOVED (direct): 2025-08-04 - Downtown Idaho Falls getting new paid parking system.md -> 2025-08-04 - Downtown Idaho Falls getting new paid parking system.md
2026-07-22T14:54:19  MOVED (direct): 2025-08-08 - Proposed changes to downtown parking system spark frustration among business owners.md -> 2025-08-08 - Proposed changes to downtown parking system spark frustration among business owners.md
2026-07-22T14:54:20  MOVED (direct): 2025-08-22 - Fred Ochi Obituary Feb 18, 2007.md -> 2025-08-22 - Fred Ochi Obituary Feb 18, 2007.md
2026-07-22T14:54:20  MOVED (direct): 2025-09-04 - In Print_ Making Art with Ed Anderson.md -> 2025-09-04 - In Print_ Making Art with Ed Anderson.md
2026-07-22T14:54:21  MOVED (direct): 2026-03-11 - Meridian police adding dozens of license plate reader cameras citywide.md -> 2026-03-11 - Meridian police adding dozens of license plate reader cameras citywide.md
2026-07-22T14:54:21  MOVED (direct): 2026-07-07 - You Asked_ Is Meridian installing Flock surveillance cameras_.md -> 2026-07-07 - You Asked_ Is Meridian installing Flock surveillance cameras_.md
2026-07-22T14:54:22  MOVED (direct): 2026-07-19 - Idaho National Guard hoists injured hiker off Mount Idaho after 300-foot fall.md -> 2026-07-19 - Idaho National Guard hoists injured hiker off Mount Idaho after 300-foot fall.md
2026-07-22T14:54:22  MOVED (direct): 2026-07-19 - OPINION_ As an Idahoan, I cannot be a ‘go along’ Republican ....md -> 2026-07-19 - OPINION_ As an Idahoan, I cannot be a ‘go along’ Republican ....md
2026-07-22T14:54:23  MOVED (direct): 2026-07-19 - OPINION_ Idaho GOP’s Moon bets her future on Proposition 1 o....md -> 2026-07-19 - OPINION_ Idaho GOP’s Moon bets her future on Proposition 1 o....md
2026-07-22T14:54:23  MOVED (direct): 2026-07-19 - OPINION_ Repudiating Idaho’s voters is tempting fate.md -> 2026-07-19 - OPINION_ Repudiating Idaho’s voters is tempting fate.md
2026-07-22T14:54:24  MOVED (direct): 2026-07-20 - Defense seeks competency evaluation for man charged in Boise Greenbelt killing.md -> 2026-07-20 - Defense seeks competency evaluation for man charged in Boise Greenbelt killing.md
2026-07-22T14:54:24  MOVED (direct): 2026-07-21 - After fall grain damage, Idaho growers watch spring grain outlook as harvest nears.md -> 2026-07-21 - After fall grain damage, Idaho growers watch spring grain outlook as harvest nears.md
2026-07-22T14:54:25  MOVED (direct): 2026-07-21 - Anti-death penalty advocates continue opposition to Idaho firing squad law.md -> 2026-07-21 - Anti-death penalty advocates continue opposition to Idaho firing squad law.md
2026-07-22T14:54:25  MOVED (direct): 2026-07-21 - Bogus Basin Road to narrow to one lane for emergency repairs due to storm damage.md -> 2026-07-21 - Bogus Basin Road to narrow to one lane for emergency repairs due to storm damage.md
2026-07-22T14:54:26  MOVED (direct): 2026-07-21 - Boise State mascot Buster Bronco competes on “American Ninja Warrior_ (1).md -> 2026-07-21 - Boise State mascot Buster Bronco competes on “American Ninja Warrior_ (1).md
2026-07-22T14:54:26  MOVED (direct): 2026-07-21 - I spent my career in Republican politics. I’m backing Achilles.md -> 2026-07-21 - I spent my career in Republican politics. I’m backing Achilles.md
2026-07-22T14:54:27  MOVED (direct): 2026-07-21 - Idaho child exploitation cases rise as victims and suspects get younger, sheriff warns.md -> 2026-07-21 - Idaho child exploitation cases rise as victims and suspects get younger, sheriff warns.md
2026-07-22T14:54:27  MOVED (direct): 2026-07-21 - Idaho issues new harmful algal bloom advisory as summer lake season continues.md -> 2026-07-21 - Idaho issues new harmful algal bloom advisory as summer lake season continues.md
2026-07-22T14:54:28  MOVED (direct): 2026-07-21 - Idaho on the hook for $15 million as fire season is expected to get more 'challenging'.md -> 2026-07-21 - Idaho on the hook for $15 million as fire season is expected to get more 'challenging'.md
2026-07-22T14:54:28  MOVED (direct): 2026-07-21 - Idaho to recover $616,000 from multistate settlements with Block, 23andMe estate.md -> 2026-07-21 - Idaho to recover $616,000 from multistate settlements with Block, 23andMe estate.md
2026-07-22T14:54:29  MOVED (direct): 2026-07-21 - Idaho-Wyoming nuclear industry partnership set to receive $31M federal award  • Idaho Capital Sun.md -> 2026-07-21 - Idaho-Wyoming nuclear industry partnership set to receive $31M federal award  • Idaho Capital Sun.md
2026-07-22T14:54:29  MOVED (direct): 2026-07-21 - Meridian police defend surveillance technology as neighbors raise privacy concerns.md -> 2026-07-21 - Meridian police defend surveillance technology as neighbors raise privacy concerns.md
2026-07-22T14:54:30  MOVED (direct): 2026-07-21 - ‘It got inside_’ Months after a Boise student’s death by suicide, her parents speak out.md -> 2026-07-21 - ‘It got inside_’ Months after a Boise student’s death by suicide, her parents speak out.md
2026-07-22T14:54:30  MOVED (direct): 2026-07-22 - Boise Rescue Mission opens emergency day shelters when temps hit 90 degrees this summer.md -> 2026-07-22 - Boise Rescue Mission opens emergency day shelters when temps hit 90 degrees this summer.md
2026-07-22T14:54:31  MOVED (direct): 2026-07-22 - Idaho wages rise among nation’s fastest, but report shows wide pay gap.md -> 2026-07-22 - Idaho wages rise among nation’s fastest, but report shows wide pay gap.md
2026-07-22T14:54:32  MOVED (collision): untitled.md -> untitled-20260722-145431-532075834f26a3ea.md
2026-07-22T15:05:53  MOVED (direct): - Eagle Rock Art Guild History.md -> - Eagle Rock Art Guild History.md
2026-07-22T15:05:54  MOVED (direct): 2020-02-01 - Helen Aupperle.md -> 2020-02-01 - Helen Aupperle.md
2026-07-22T15:05:54  MOVED (direct): 2022-07-20 - Aupperle Studio.md -> 2022-07-20 - Aupperle Studio.md
2026-07-22T15:05:55  MOVED (direct): 2026-07-02 - Past Exhibits.md -> 2026-07-02 - Past Exhibits.md
2026-07-22T15:05:55  MOVED (direct): Helen Aupperle - (2) Facebook.md -> Helen Aupperle - (2) Facebook.md
2026-07-23T11:00:16  MOVED (direct): 2026-07-23 - Farmers are struggling to turn a profit. How does it compare to the farm crisis in the '80s_.md -> 2026-07-23 - Farmers are struggling to turn a profit. How does it compare to the farm crisis in the '80s_.md
2026-07-23T11:00:17  MOVED (direct): - Foundations Commit $36.5 Million to Protect Public Media in Communities.md -> - Foundations Commit $36.5 Million to Protect Public Media in Communities.md
2026-07-23T11:00:17  MOVED (direct): - Local Public Media Service Is Essential.md -> - Local Public Media Service Is Essential.md
2026-07-23T11:00:18  MOVED (direct): 2025-02-10 - In a ‘bold move,’ KCUR and Classical KC begin the process of transitioning from UMKC.md -> 2025-02-10 - In a ‘bold move,’ KCUR and Classical KC begin the process of transitioning from UMKC.md
2026-07-23T11:00:18  MOVED (direct): 2025-02-10 - St. Louis Public Radio to go independent, parting ways with UMSL.md -> 2025-02-10 - St. Louis Public Radio to go independent, parting ways with UMSL.md
2026-07-23T11:00:19  MOVED (direct): 2025-05-05 - North Dakota lawmakers approve Prairie Public funding, but reduced amount.md -> 2025-05-05 - North Dakota lawmakers approve Prairie Public funding, but reduced amount.md
2026-07-23T11:00:19  MOVED (direct): 2025-07-01 - DeSantis cuts recurring state funding for Florida public media.md -> 2025-07-01 - DeSantis cuts recurring state funding for Florida public media.md
2026-07-23T11:00:20  MOVED (direct): 2026-01-09 - WOUB lays off some staff and is contemplating other cuts after losing federal funding.md -> 2026-01-09 - WOUB lays off some staff and is contemplating other cuts after losing federal funding.md
2026-07-23T11:00:20  MOVED (direct): 2026-03-03 - House and Senate include full WPM funding in unified budget bill.md -> 2026-03-03 - House and Senate include full WPM funding in unified budget bill.md
2026-07-23T11:00:21  MOVED (direct): 2026-03-19 - NPR says it values local news. How does it show that_.md -> 2026-03-19 - NPR says it values local news. How does it show that_.md
2026-07-23T11:00:21  MOVED (direct): 2026-03-27 - KUNC and The Colorado Sound explore merger with Rocky Mountain Public Media to build a stronger future for public media in Colorado.md -> 2026-03-27 - KUNC and The Colorado Sound explore merger with Rocky Mountain Public Media to build a stronger future for public media in Colorado.md
2026-07-23T11:00:22  MOVED (direct): 2026-04-16 - NPR receives $113 million in charitable gifts.md -> 2026-04-16 - NPR receives $113 million in charitable gifts.md
2026-07-23T11:00:22  MOVED (direct): 2026-05-21 - Texas Public Radio and San Antonio Report to combine operations.md -> 2026-05-21 - Texas Public Radio and San Antonio Report to combine operations.md
2026-07-23T11:00:23  MOVED (direct): 2026-06-15 - KUT General Manager Debbie Hiott fired after festival dispute.md -> 2026-06-15 - KUT General Manager Debbie Hiott fired after festival dispute.md
2026-07-23T11:00:23  MOVED (direct): 2026-06-30 - Pensacola State College ends WSRE’s PBS affiliation effective July 1.md -> 2026-06-30 - Pensacola State College ends WSRE’s PBS affiliation effective July 1.md
2026-07-23T11:00:24  MOVED (direct): 2026-07-22 - Breaking_ Catholic Diocese of Boise Comes Out Against Idaho Abortion Initiative.md -> 2026-07-22 - Breaking_ Catholic Diocese of Boise Comes Out Against Idaho Abortion Initiative.md
2026-07-23T11:00:24  MOVED (direct): 2026-07-22 - Data center worries drive campaign through West Texas as Democrats stump for the rural vote.md -> 2026-07-22 - Data center worries drive campaign through West Texas as Democrats stump for the rural vote.md
2026-07-23T11:00:25  MOVED (direct): 2026-07-23 - Idaho Capital Sun - Idaho women say anti-abortion website's articles are 'false and defamatory' • Idaho Capital Sun.md -> 2026-07-23 - Idaho Capital Sun - Idaho women say anti-abortion website's articles are 'false and defamatory' • Idaho Capital Sun.md
2026-07-23T11:00:25  MOVED (direct): 2026-07-23 - Idaho Education News - Little lauds Idaho’s bottom line — but downplays how Idaho got there.md -> 2026-07-23 - Idaho Education News - Little lauds Idaho’s bottom line — but downplays how Idaho got there.md
2026-07-23T11:16:02  MOVED (collision): 1912-04-05 - Rose Frank – Masters of Traditional Arts.md -> 1912-04-05 - Rose Frank – Masters of Traditional Arts-20260723-111602-45c697219a5c872c.md
2026-07-23T11:16:03  MOVED (direct): 2024-10-11 - City of Eagle has no budget to complete foothills shooting range.md -> 2024-10-11 - City of Eagle has no budget to complete foothills shooting range.md
2026-07-23T11:16:04  MOVED (direct): 2025-01-03 - Shooting range construction company sues City of Eagle.md -> 2025-01-03 - Shooting range construction company sues City of Eagle.md
2026-07-23T11:16:04  MOVED (collision): 2026-07-22 - Churches Help Feed Moscow, Idaho Children All Summer Long.md -> 2026-07-22 - Churches Help Feed Moscow, Idaho Children All Summer Long-20260723-111604-da5998891308bfaf.md
2026-07-23T11:16:05  MOVED (direct): 2026-07-22 - Eagle considers firearms use areas, future of shooting sports park.md -> 2026-07-22 - Eagle considers firearms use areas, future of shooting sports park.md
2026-07-23T11:16:05  MOVED (direct): 2026-07-22 - Paper money millionaires_ Big stock runup can impact Micron employees, Boise economy.md -> 2026-07-22 - Paper money millionaires_ Big stock runup can impact Micron employees, Boise economy.md
2026-07-23T11:16:06  MOVED (direct): 2026-07-22 - Student files additional claims over ouster from Boise State housing job.md -> 2026-07-22 - Student files additional claims over ouster from Boise State housing job.md
2026-07-23T11:16:06  MOVED (direct): 2026-07-22 - Student files claims of discrimination, public records issues in ouster from Boise State housing job.md -> 2026-07-22 - Student files claims of discrimination, public records issues in ouster from Boise State housing job.md
2026-07-23T11:16:07  MOVED (direct): 2026-07-23 - Faith Response to Supreme Court Transgender Sports Ruling.md -> 2026-07-23 - Faith Response to Supreme Court Transgender Sports Ruling.md
2026-07-23T11:16:07  MOVED (direct): 2026-07-23 - Idaho Department of Health and Welfare announces work requirements for Medicaid expansion recipients _ Idaho Department of Health and Welfare.md -> 2026-07-23 - Idaho Department of Health and Welfare announces work requirements for Medicaid expansion recipients _ Idaho Department of Health and Welfare.md
2026-07-23T11:28:50  MOVED (direct): - Nez Perce Cornhusk bag by Rose Frank.md -> - Nez Perce Cornhusk bag by Rose Frank.md
2026-07-23T11:28:51  MOVED (collision): 1992-04-25 - ROSE FRANK.md -> 1992-04-25 - ROSE FRANK-20260723-112851-b6adb79db172b905.md
2026-07-23T12:16:13  MOVED (direct): maps_203_extralarge.jpg -> maps_203_extralarge.jpg
2026-07-23T12:16:14  MOVED (direct): - Map of a part of Washington Territory east of Cascade Mtns. _ showing topography of the mines region &cc to accompany the report of E. Giddings (1862) (1).md -> - Map of a part of Washington Territory east of Cascade Mtns. _ showing topography of the mines region &cc to accompany the report of E. Giddings (1862) (1).md
2026-07-23T12:16:15  MOVED (direct): - Map of a part of Washington Territory east of Cascade Mtns. _ showing topography of the mines region &cc to accompany the report of E. Giddings (1862).md -> - Map of a part of Washington Territory east of Cascade Mtns. _ showing topography of the mines region &cc to accompany the report of E. Giddings (1862).md
2026-07-23T12:16:15  MOVED (direct): 1995-07-31 - Praying To A Different Beat   Group Of Nez Perce Reviving Tribe's Native Beliefs; Not Everyone Pleased.md -> 1995-07-31 - Praying To A Different Beat   Group Of Nez Perce Reviving Tribe's Native Beliefs; Not Everyone Pleased.md
2026-07-23T12:16:16  MOVED (direct): 2007-12-17 - Native American religions.md -> 2007-12-17 - Native American religions.md
2026-07-23T12:16:16  MOVED (direct): 2017-06-23 - Original Dreamer changes Joseph boys.md -> 2017-06-23 - Original Dreamer changes Joseph boys.md
2026-07-23T12:16:17  MOVED (direct): New Text Document.txt -> New Text Document.txt
2026-07-23T12:21:24  MOVED (direct): - Craigmont Historical Museum.md -> - Craigmont Historical Museum.md
2026-07-23T12:21:25  MOVED (direct): - History.md -> - History.md
2026-07-23T12:41:01  MOVED (direct): - Terms of Use.md -> - Terms of Use.md
2026-07-23T12:41:02  MOVED (direct): - National Park Service Museum Collections.md -> - National Park Service Museum Collections.md
2026-07-23T12:41:03  MOVED (direct): - Nez Perce woman with woven cornhusk bag.md -> - Nez Perce woman with woven cornhusk bag.md
2026-07-23T12:41:03  MOVED (direct): - Plateau Basketry_ Cornhusk Bags.md -> - Plateau Basketry_ Cornhusk Bags.md
2026-07-23T12:41:04  MOVED (direct): - The Plateau Bag.md -> - The Plateau Bag.md
2026-07-23T12:41:04  MOVED (collision): 1999-01-21 - Rosie J. Frank, 86, Nez Perce artisan.md -> 1999-01-21 - Rosie J. Frank, 86, Nez Perce artisan-20260723-124104-112d1b8bfe4b539a.md
2026-07-23T12:41:05  MOVED (direct): 2002-08-30 - Audrey D. Redheart, 81, Spalding.md -> 2002-08-30 - Audrey D. Redheart, 81, Spalding.md
2026-07-23T13:47:45  MOVED (direct): - ’iníit - Home.md -> - ’iníit - Home.md
2026-07-23T13:47:46  MOVED (direct): - Bad Lands near Boise, N.P.R.R. (No. Pacific Railroad).md -> - Bad Lands near Boise, N.P.R.R. (No. Pacific Railroad).md
2026-07-23T13:47:46  MOVED (direct): - National Museum of the American Indian.md -> - National Museum of the American Indian.md
2026-07-23T13:47:47  MOVED (direct): - National Park Service Museum Collections (1).md -> - National Park Service Museum Collections (1).md
2026-07-23T13:47:47  MOVED (collision): - National Park Service Museum Collections.md -> - National Park Service Museum Collections-20260723-134747-d5dbe09dd9de2a43.md
2026-07-23T13:47:48  MOVED (direct): - Native American Awareness Week.md -> - Native American Awareness Week.md
2026-07-23T13:47:48  MOVED (direct): - Port Neuf Canyon, Idaho.md -> - Port Neuf Canyon, Idaho.md
2026-07-23T13:47:49  MOVED (direct): - Shoshone Falls, Snake River, Idaho, View across the Top of the Falls.md -> - Shoshone Falls, Snake River, Idaho, View across the Top of the Falls.md
2026-07-23T13:47:49  MOVED (direct): - Shoshone Falls, Snake River, Idaho.md -> - Shoshone Falls, Snake River, Idaho.md
2026-07-23T13:47:50  MOVED (direct): - Spalding (U.S. National Park Service).md -> - Spalding (U.S. National Park Service).md
2026-07-23T13:47:51  MOVED (direct): - The Tetons, Idaho _ Smithsonian Institution.md -> - The Tetons, Idaho _ Smithsonian Institution.md
2026-07-23T13:47:51  MOVED (direct): - Three Men at Shoshone Falls (figure at left is possibly photographer William Henry Jackson).md -> - Three Men at Shoshone Falls (figure at left is possibly photographer William Henry Jackson).md
2026-07-23T13:47:52  MOVED (direct): - Timothy H. O'Sullivan and William Bell photographs from the U.S. Geographical Surveys West of the 100th Meridian.md -> - Timothy H. O'Sullivan and William Bell photographs from the U.S. Geographical Surveys West of the 100th Meridian.md
2026-07-23T13:47:52  MOVED (direct): 2011-09-22 - Turtle Island Storyteller Nakia Williamson-Cloud.md -> 2011-09-22 - Turtle Island Storyteller Nakia Williamson-Cloud.md
2026-07-23T13:47:53  MOVED (direct): 2018-01-27 - History.md -> 2018-01-27 - History.md
2026-07-23T13:47:53  MOVED (direct): 2023-06-29 - Nimiipuu Reservation Celebrates Pride.md -> 2023-06-29 - Nimiipuu Reservation Celebrates Pride.md
2026-07-23T13:47:54  MOVED (direct): 2025-06-25 - Nez Perce Tribal Executive Committee (NPTEC) Returns to Traditional Nez Perce Homelands.md -> 2025-06-25 - Nez Perce Tribal Executive Committee (NPTEC) Returns to Traditional Nez Perce Homelands.md
2026-07-23T13:47:54  MOVED (direct): 2025-10-20 - Nez Perce tribal members share history and culture in Oregon Origins Project at Portland’s Reed College.md -> 2025-10-20 - Nez Perce tribal members share history and culture in Oregon Origins Project at Portland’s Reed College.md
2026-07-23T13:47:55  MOVED (direct): 2026-06-25 - Apple increases prices for Macs and iPads, blaming a shortage of memory chips.md -> 2026-06-25 - Apple increases prices for Macs and iPads, blaming a shortage of memory chips.md
2026-07-23T13:47:55  MOVED (direct): 2026-07-20 - Opening minds and hearts_ Jerome Spanish teacher shares power of bilingualism.md -> 2026-07-20 - Opening minds and hearts_ Jerome Spanish teacher shares power of bilingualism.md
2026-07-23T13:47:56  MOVED (direct): 2026-07-20 - Schools face soaring laptop costs as AI data centers squeeze supply (1).md -> 2026-07-20 - Schools face soaring laptop costs as AI data centers squeeze supply (1).md
2026-07-23T13:47:57  MOVED (direct): 2026-07-20 - Schools face soaring laptop costs as AI data centers squeeze supply.md -> 2026-07-20 - Schools face soaring laptop costs as AI data centers squeeze supply.md
2026-07-23T13:47:57  MOVED (collision): 2026-07-22 - Idaho’s average per-pupil spending edges up.md -> 2026-07-22 - Idaho’s average per-pupil spending edges up-20260723-134757-2f9a26f1ef32e267.md
2026-07-23T13:47:58  MOVED (direct): 2026-07-23 - Idaho State ditches — then quickly revives — a graduation tradition.md -> 2026-07-23 - Idaho State ditches — then quickly revives — a graduation tradition.md
2026-07-23T13:55:58  MOVED (direct): 2014-01-02 - Louise Shadduck.md -> 2014-01-02 - Louise Shadduck.md
2026-07-23T13:56:00  MOVED (direct): - Boats on the Shore.md -> - Boats on the Shore.md
2026-07-23T13:56:00  MOVED (direct): - Louise Shadduck.md -> - Louise Shadduck.md
2026-07-23T13:56:01  MOVED (direct): 2013-09-01 - Journalist Louise Shadduck helped transform Idaho.md -> 2013-09-01 - Journalist Louise Shadduck helped transform Idaho.md
2026-07-23T13:56:01  MOVED (direct): 2014-05-01 - Lioness of Idaho.md -> 2014-05-01 - Lioness of Idaho.md
2026-07-23T13:56:02  MOVED (direct): 2026-02-13 - OPINION_ Remembering the 'Lioness of Idaho'.md -> 2026-02-13 - OPINION_ Remembering the 'Lioness of Idaho'.md
2026-07-23T14:05:32  MOVED (direct): - Panorama of Lake Coeur d'Alene, Idaho_ Tubs Hill, (painting).md -> - Panorama of Lake Coeur d'Alene, Idaho_ Tubs Hill, (painting).md
2026-07-23T14:05:33  MOVED (direct): - Feodor Von Luerzer.md -> - Feodor Von Luerzer.md
2026-07-23T14:05:34  MOVED (direct): - Tug Boats & City Scape in Coeur d'Alene, ID.md -> - Tug Boats & City Scape in Coeur d'Alene, ID.md
2026-07-23T14:05:34  MOVED (direct): 2001-08-05 - Art in the heart of Cd'A.md -> 2001-08-05 - Art in the heart of Cd'A.md
2026-07-23T14:05:35  MOVED (direct): 2001-12-07 - Helen Shirley Taylor Stephenson, 76 1938.md -> 2001-12-07 - Helen Shirley Taylor Stephenson, 76 1938.md
2026-07-23T14:05:35  MOVED (direct): 2008-01-03 - Imagination captured.md -> 2008-01-03 - Imagination captured.md
2026-07-23T14:28:27  MOVED (direct): - Boise's Lawyer Statue.md -> - Boise's Lawyer Statue.md
2026-07-23T14:28:28  MOVED (direct): - Doug Hyde.md -> - Doug Hyde.md
2026-07-23T14:28:29  MOVED (direct): - Hyde, Doug.md -> - Hyde, Doug.md
2026-07-23T14:28:29  MOVED (direct): 2017-06-26 - Meet Pauli Ochi of Ochi Projects in Mid City.md -> 2017-06-26 - Meet Pauli Ochi of Ochi Projects in Mid City.md
2026-07-23T14:28:30  MOVED (direct): 2019-11-30 - Info.md -> 2019-11-30 - Info.md
2026-07-23T14:28:30  MOVED (direct): 2023-06-17 - Artist Spotlight_ Native Master Sculptor, Doug Hyde.md -> 2023-06-17 - Artist Spotlight_ Native Master Sculptor, Doug Hyde.md
2026-07-23T14:28:31  MOVED (direct): 2024-01-09 - At OCHI, Generational Love of Art Mirrors a Lifelong Commitment to Artists.md -> 2024-01-09 - At OCHI, Generational Love of Art Mirrors a Lifelong Commitment to Artists.md
2026-07-23T14:28:31  MOVED (direct): 2024-05-01 - Doug Hyde_ Master of Stone and Bronze.md -> 2024-05-01 - Doug Hyde_ Master of Stone and Bronze.md
2026-07-23T14:28:32  MOVED (direct): 2025-02-14 - Hospitality of the Nez Perce.md -> 2025-02-14 - Hospitality of the Nez Perce.md
2026-07-23T14:35:19  MOVED (direct): 2019-01-01 - Doug Hyde.md -> 2019-01-01 - Doug Hyde.md
2026-07-23T14:35:20  MOVED (direct): - Doug Hyde – Broadmoor Galleries.md -> - Doug Hyde – Broadmoor Galleries.md
2026-07-23T14:35:21  MOVED (direct): 2013-06-14 - Doug Hyde _ Spirits in the Stone.md -> 2013-06-14 - Doug Hyde _ Spirits in the Stone.md
2026-07-23T14:35:22  MOVED (direct): 2023-02-02 - Doug Hyde, Master Of Stone, At Desert Caballeros Western Museum.md -> 2023-02-02 - Doug Hyde, Master Of Stone, At Desert Caballeros Western Museum.md
2026-07-23T15:33:50  MOVED (direct): - Doug Hyde artist - Adobe Gallery, Santa Fe.md -> - Doug Hyde artist - Adobe Gallery, Santa Fe.md
2026-07-23T15:33:51  MOVED (collision): - Doug Hyde.md -> - Doug Hyde-20260723-153351-53a564da72e68c1d.md
2026-07-23T15:33:52  MOVED (direct): - Josephy Library of Western History and Culture.md -> - Josephy Library of Western History and Culture.md
2026-07-23T15:33:52  MOVED (direct): - Nez Perce Photographs, ca. 1877-1905 - WSU Libraries Digital Collections.md -> - Nez Perce Photographs, ca. 1877-1905 - WSU Libraries Digital Collections.md
2026-07-23T15:33:53  MOVED (direct): - Nez Perces Indian War Series '77.md -> - Nez Perces Indian War Series '77.md
2026-07-23T15:33:53  MOVED (direct): - The Way They Lived_ Nez Perce Art Exhibit _ Josephy Center for Arts & Culture.md -> - The Way They Lived_ Nez Perce Art Exhibit _ Josephy Center for Arts & Culture.md
2026-07-23T15:33:54  MOVED (direct): - University of Idaho Library Special Collections and Archives.md -> - University of Idaho Library Special Collections and Archives.md
2026-07-23T15:33:54  MOVED (direct): 1905-06-19 - Nez Perce Photographs.md -> 1905-06-19 - Nez Perce Photographs.md
2026-07-23T15:33:55  MOVED (direct): 2009-10-01 - The Nez Perce War of 1877.md -> 2009-10-01 - The Nez Perce War of 1877.md
2026-07-23T15:33:55  MOVED (direct): master-pnp-cph-3c30000-3c30000-3c30100-3c30186u.tif -> master-pnp-cph-3c30000-3c30000-3c30100-3c30186u.tif
2026-07-23T15:47:11  MOVED (direct): trusky-first-letter.pdf -> trusky-first-letter.pdf
2026-07-23T16:27:02  MOVED (direct): dokumen.pub_the-ethics-of-kinship-ethnographic-inquiries-9780742578890-0742578895.pdf -> dokumen.pub_the-ethics-of-kinship-ethnographic-inquiries-9780742578890-0742578895.pdf
2026-07-23T16:27:03  MOVED (direct): - [...] and his brethren.md -> - [...] and his brethren.md
2026-07-23T16:27:04  MOVED (direct): - ___ American Indians of the Pacific Northwest Collection ___.md -> - ___ American Indians of the Pacific Northwest Collection ___.md
2026-07-23T16:27:04  MOVED (direct): - AFI_Catalog - Told in the Hills.md -> - AFI_Catalog - Told in the Hills.md
2026-07-23T16:27:05  MOVED (direct): - At the Capitol - Peace Pow-wows and presents ; On the Plains - War Whoops and scalps.md -> - At the Capitol - Peace Pow-wows and presents ; On the Plains - War Whoops and scalps.md
2026-07-23T16:27:05  MOVED (direct): - Dead mule trail, Idaho.md -> - Dead mule trail, Idaho.md
2026-07-23T16:27:06  MOVED (direct): - End of the Nez Percés War--surrender of Chief Joseph.md -> - End of the Nez Percés War--surrender of Chief Joseph.md
2026-07-23T16:27:06  MOVED (direct): - Joseph, the Nez Percés warrior.md -> - Joseph, the Nez Percés warrior.md
2026-07-23T16:27:07  MOVED (direct): - Montana - the Nez Perces War - Incidents in the defeat and capture of Chief Joseph by General Nelson A. Miles.md -> - Montana - the Nez Perces War - Incidents in the defeat and capture of Chief Joseph by General Nelson A. Miles.md
2026-07-23T16:27:07  MOVED (direct): - Nez Perce NHP_ Nez Perce Summer, 1877 (Notes).md -> - Nez Perce NHP_ Nez Perce Summer, 1877 (Notes).md
2026-07-23T16:27:08  MOVED (direct): - The ethics of kinship _ ethnographic inquiries  - Washington State University.md -> - The ethics of kinship _ ethnographic inquiries  - Washington State University.md
2026-07-23T16:27:08  MOVED (direct): - The funeral of General Custer at West Point.md -> - The funeral of General Custer at West Point.md
2026-07-23T16:27:09  MOVED (direct): - The Nez Percés Campaign.md -> - The Nez Percés Campaign.md
2026-07-23T16:27:10  MOVED (direct): - The Nez Percés war.md -> - The Nez Percés war.md
2026-07-23T16:27:10  MOVED (direct): - Two Statements by Chief Joseph of the Nez Perce (1877 and 1879).md -> - Two Statements by Chief Joseph of the Nez Perce (1877 and 1879).md
2026-07-23T16:27:11  MOVED (direct): 2006-06-19 - Monte Blue.md -> 2006-06-19 - Monte Blue.md
2026-07-23T16:27:11  MOVED (direct): 2007-03-11 - Soldier to Advocate C.E.S. Wood's 1877 Diary of Alaska and the Nez Perce Conflict.md -> 2007-03-11 - Soldier to Advocate C.E.S. Wood's 1877 Diary of Alaska and the Nez Perce Conflict.md
2026-07-23T16:27:12  MOVED (direct): 2013-12-17 - Told in the Hills.md -> 2013-12-17 - Told in the Hills.md
2026-07-23T16:27:13  MOVED (direct): master-pnp-cph-3c00000-3c04000-3c04000-3c04050u.tif -> master-pnp-cph-3c00000-3c04000-3c04000-3c04050u.tif
2026-07-23T16:27:13  MOVED (direct): master-pnp-cph-3c30000-3c30000-3c30100-3c30185u.tif -> master-pnp-cph-3c30000-3c30000-3c30100-3c30185u.tif
2026-07-23T16:27:14  MOVED (direct): master-pnp-cph-3g00000-3g08000-3g08300-3g08391u.tif -> master-pnp-cph-3g00000-3g08000-3g08300-3g08391u.tif
2026-07-23T17:28:13  Watcher active. Sources='C:\Users\loganf\Downloads\Mobile Devices; C:\Users\loganf\Downloads\Phone Link' Target='C:\Users\loganf\Documents\IDAHO-VAULT'
2026-07-24T16:42:54  MOVED (direct): Rochelle - Mary Hallock Foote.md -> Rochelle - Mary Hallock Foote.md
2026-07-27T09:33:56  Watcher active. Sources='C:\Users\loganf\Downloads\Mobile Devices; C:\Users\loganf\Downloads\Phone Link' Target='C:\Users\loganf\Documents\IDAHO-VAULT'
2026-07-28T10:09:00  MOVED (direct): IMID - company profile.pdf -> IMID - company profile.pdf
2026-07-28T17:46:49  MOVED (direct): New Text Document.txt -> New Text Document.txt
2026-07-29T11:53:31  MOVED (direct): Screenshot 2026-07-28 181222.jpg -> Screenshot 2026-07-28 181222.jpg
2026-07-29T13:12:34  MOVED (direct): 2026-07-29 - Fauci's refusal to testify could have big consequences, Rand Paul warns.md -> 2026-07-29 - Fauci's refusal to testify could have big consequences, Rand Paul warns.md
2026-07-30T10:42:12  Watcher active. Sources='C:\Users\loganf\Downloads\Mobile Devices; C:\Users\loganf\Downloads\Phone Link' Target='C:\Users\loganf\Documents\IDAHO-VAULT'
2026-07-30T14:09:32  MOVED (direct): doc_publications_NH1950JacksonWing.pdf -> doc_publications_NH1950JacksonWing.pdf
2026-07-30T14:11:09  MOVED (direct): william-henry-jackson.pdf -> william-henry-jackson.pdf
2026-07-30T14:11:12  MOVED (direct): 2026-02-23 - George Casper's 42-year run ends with ISU's budget cuts.md -> 2026-02-23 - George Casper's 42-year run ends with ISU's budget cuts.md
2026-07-30T14:11:13  MOVED (direct): 2026-07-28 - Energy Department picks five nuclear campus finalist states.md -> 2026-07-28 - Energy Department picks five nuclear campus finalist states.md
2026-07-30T14:11:14  MOVED (direct): 2026-07-28 - Ousted Idaho State director claims age, religious discrimination.md -> 2026-07-28 - Ousted Idaho State director claims age, religious discrimination.md
2026-07-30T14:27:54  MOVED (direct): scbl-fd-2015.pdf -> scbl-fd-2015.pdf
2026-07-30T14:27:55  MOVED (direct): - William Henry Jackson Photographs -- The University of Iowa Libraries --.md -> - William Henry Jackson Photographs -- The University of Iowa Libraries --.md
2026-07-30T14:41:47  MOVED (direct): 2001-07-26 - Kuna treasurer presumed dead after Oregon mountain climbing fall, city says.md -> 2001-07-26 - Kuna treasurer presumed dead after Oregon mountain climbing fall, city says.md
2026-07-30T14:41:48  MOVED (direct): 2021-02-24 - Opportunity Zones Don't Boost Economic Activity, Research Says • Stateline.md -> 2021-02-24 - Opportunity Zones Don't Boost Economic Activity, Research Says • Stateline.md
2026-07-30T14:41:48  MOVED (direct): 2025-08-19 - HUD secretary, Crapo emphasize deregulation and tax incentives in housing roundtable  • Idaho Capital Sun.md -> 2025-08-19 - HUD secretary, Crapo emphasize deregulation and tax incentives in housing roundtable  • Idaho Capital Sun.md
2026-07-30T14:41:49  MOVED (collision): 2026-06-18 - Roth, not Achilles, has the best shot at defeating Risch.md -> 2026-06-18 - Roth, not Achilles, has the best shot at defeating Risch-20260730-144149-f34b4f862054cfb1.md
2026-07-30T14:41:49  MOVED (direct): 2026-07-06 - Idaho Cannabis Activists Submit Signatures to State Secretary.md -> 2026-07-06 - Idaho Cannabis Activists Submit Signatures to State Secretary.md
2026-07-30T14:41:50  MOVED (direct): 2026-07-09 - Who Is Todd Achilles, Anyway_.md -> 2026-07-09 - Who Is Todd Achilles, Anyway_.md
2026-07-30T14:41:50  MOVED (direct): 2026-07-21 - Faith leader speaking out against Idaho's firing squad executions.md -> 2026-07-21 - Faith leader speaking out against Idaho's firing squad executions.md
2026-07-30T14:41:51  MOVED (direct): 2026-07-24 - SCSO seeks fix for flawed pay scale.md -> 2026-07-24 - SCSO seeks fix for flawed pay scale.md
2026-07-30T14:41:51  MOVED (direct): 2026-07-26 - Powwow Connects Communities at Oregon Prison One Day a Year.md -> 2026-07-26 - Powwow Connects Communities at Oregon Prison One Day a Year.md
2026-07-30T14:41:52  MOVED (direct): 2026-07-27 - Colville Tribes Elects New Leadership, Council Members.md -> 2026-07-27 - Colville Tribes Elects New Leadership, Council Members.md
2026-07-30T14:41:52  MOVED (direct): 2026-07-27 - Wildfires Blaze Through Pacific Northwest Reservations.md -> 2026-07-27 - Wildfires Blaze Through Pacific Northwest Reservations.md
2026-07-30T14:41:53  MOVED (direct): 2026-07-28 - 5 states offer to accept nuclear waste in exchange for help developing nuclear energy.md -> 2026-07-28 - 5 states offer to accept nuclear waste in exchange for help developing nuclear energy.md
2026-07-30T14:41:53  MOVED (direct): 2026-07-28 - Idaho Cannabis Activists Won’t Challenge State’s Disqualification of Petition Signatures.md -> 2026-07-28 - Idaho Cannabis Activists Won’t Challenge State’s Disqualification of Petition Signatures.md
2026-07-30T14:41:54  MOVED (collision): 2026-07-28 - Idaho Democrat David Roth ends campaign for US Senate seat held by Risch • Idaho Capital Sun.md -> 2026-07-28 - Idaho Democrat David Roth ends campaign for US Senate seat held by Risch • Idaho Capital Sun-20260730-144154-c211c6aea2caa354.md
2026-07-30T14:41:54  MOVED (direct): 2026-07-28 - States may soon manage grizzly bears after exceeding recovery goals.md -> 2026-07-28 - States may soon manage grizzly bears after exceeding recovery goals.md
2026-07-30T14:41:55  MOVED (direct): 2026-07-29 - Court documents reveal new details in Nampa parking lot murder investigation.md -> 2026-07-29 - Court documents reveal new details in Nampa parking lot murder investigation.md
2026-07-30T14:41:55  MOVED (direct): 2026-07-29 - Ex-Cult Survivor to Speak on Coercive Control in Moscow.md -> 2026-07-29 - Ex-Cult Survivor to Speak on Coercive Control in Moscow.md
2026-07-30T14:41:56  MOVED (direct): 2026-07-29 - Idaho Gov. Brad Little declares disaster emergency as wildfires strain resources.md -> 2026-07-29 - Idaho Gov. Brad Little declares disaster emergency as wildfires strain resources.md
2026-07-30T14:41:56  MOVED (direct): 2026-07-29 - Idaho Gov. Little declares wildfire disaster emergency, authorizes Guard to help along Oregon border • Idaho Capital Sun.md -> 2026-07-29 - Idaho Gov. Little declares wildfire disaster emergency, authorizes Guard to help along Oregon border • Idaho Capital Sun.md
2026-07-30T14:41:57  MOVED (direct): 2026-07-29 - Micron drops far and fast out of trillion-dollar club on China concerns.md -> 2026-07-29 - Micron drops far and fast out of trillion-dollar club on China concerns.md
2026-07-30T14:41:57  MOVED (direct): 2026-07-29 - Woman files $3 million claim against Idaho National Guard for detaining her in D.C. • Idaho Capital Sun.md -> 2026-07-29 - Woman files $3 million claim against Idaho National Guard for detaining her in D.C. • Idaho Capital Sun.md
2026-07-30T14:41:58  MOVED (direct): 2026-07-30 - Idaho to submit ‘Opportunity Zone’ proposals seeking tax breaks for economic development  • Idaho Capital Sun.md -> 2026-07-30 - Idaho to submit ‘Opportunity Zone’ proposals seeking tax breaks for economic development  • Idaho Capital Sun.md
2026-07-30T14:41:59  MOVED (direct): 2026-07-30 - Public Health reports first heat-related deaths in 2026 _ Idaho Department of Health and Welfare.md -> 2026-07-30 - Public Health reports first heat-related deaths in 2026 _ Idaho Department of Health and Welfare.md
2026-07-30T14:41:59  MOVED (direct): 2026-07-30 - What If Eternity Isn't the Same for Everyone_.md -> 2026-07-30 - What If Eternity Isn't the Same for Everyone_.md
2026-07-30T14:42:00  MOVED (direct): Nov 9th - The Landscape of Legal Cannabis in the U.S..md -> Nov 9th - The Landscape of Legal Cannabis in the U.S..md
2026-07-30T17:20:27  MOVED (direct): 2026-07-28 - School health insurance trust that ran out of money weighs options to pay Blue Cross.md -> 2026-07-28 - School health insurance trust that ran out of money weighs options to pay Blue Cross.md
2026-07-30T17:20:28  MOVED (direct): 2026-07-30 - ‘A concern, but not a surprise_’ A resurgence of measles looms over Idaho schools.md -> 2026-07-30 - ‘A concern, but not a surprise_’ A resurgence of measles looms over Idaho schools.md
2026-07-31T09:09:32  MOVED (direct): 2026-07-31 - An Idaho law penalizes people sleeping in public spaces. Advocates say it harms more than it helps. • Idaho Capital Sun.md -> 2026-07-31 - An Idaho law penalizes people sleeping in public spaces. Advocates say it harms more than it helps. • Idaho Capital Sun.md
2026-07-31T09:09:33  MOVED (direct): 2026-07-28 - Gannon_ Data Center Costs Should Guarantee Public Benefits.md -> 2026-07-28 - Gannon_ Data Center Costs Should Guarantee Public Benefits.md
2026-07-31T09:09:33  MOVED (direct): 2026-07-28 - Nuclear Lifecycle Innovation Campuses Contenders Announced.md -> 2026-07-28 - Nuclear Lifecycle Innovation Campuses Contenders Announced.md
2026-07-31T09:09:34  MOVED (direct): 2026-07-30 - Why I'm Pro-Life.md -> 2026-07-30 - Why I'm Pro-Life.md
2026-07-31T09:09:34  MOVED (direct): 2026-07-31 - Trump has a plan to make Idaho home to vast stockpile of nation’s high-level nuclear waste • Idaho Capital Sun.md -> 2026-07-31 - Trump has a plan to make Idaho home to vast stockpile of nation’s high-level nuclear waste • Idaho Capital Sun.md
2026-07-31T09:22:40  MOVED (direct): 2026-03-30 - Idaho U.S. Senate Election 2026_ Latest Polls (1).md -> 2026-03-30 - Idaho U.S. Senate Election 2026_ Latest Polls (1).md
2026-07-31T09:22:41  MOVED (direct): - Best of the West_ Governors come together to support mental health & well-being. Plus, nuclear lifecycle campuses; turning office buildings into housing; Colorado at 150; and free RECA clinics - WGA - Western Gov.md -> - Best of the West_ Governors come together to support mental health & well-being. Plus, nuclear lifecycle campuses; turning office buildings into housing; Colorado at 150; and free RECA clinics - WGA - Western Gov.md
2026-07-31T09:22:42  MOVED (direct): 2001-07-30 - IDHW_ Three Idahoans die from heat-related illness within a week.md -> 2001-07-30 - IDHW_ Three Idahoans die from heat-related illness within a week.md
2026-07-31T09:22:43  MOVED (direct): 2026-02-12 - Criminal justice is a top issue in state legislatures this year • Stateline.md -> 2026-02-12 - Criminal justice is a top issue in state legislatures this year • Stateline.md
2026-07-31T09:22:43  MOVED (direct): 2026-03-24 - Idaho bill could weaken historic preservation in favor of development.md -> 2026-03-24 - Idaho bill could weaken historic preservation in favor of development.md
2026-07-31T09:22:44  MOVED (direct): 2026-03-31 - States say ICE pulled Medicaid data despite court order • Stateline.md -> 2026-03-31 - States say ICE pulled Medicaid data despite court order • Stateline.md
2026-07-31T09:22:44  MOVED (direct): 2026-04-16 - GOP-led states move to punish enforcement of red flag gun orders • Stateline.md -> 2026-04-16 - GOP-led states move to punish enforcement of red flag gun orders • Stateline.md
2026-07-31T09:22:45  MOVED (direct): 2026-05-04 - Americans’ views on crime often diverge from actual crime trends, report says • Stateline.md -> 2026-05-04 - Americans’ views on crime often diverge from actual crime trends, report says • Stateline.md
2026-07-31T09:22:46  MOVED (direct): 2026-06-11 - More states restrict 3D-printed firearms • Stateline.md -> 2026-06-11 - More states restrict 3D-printed firearms • Stateline.md
2026-07-31T09:22:46  MOVED (direct): 2026-07-21 - ICE arrests reach new high • Stateline.md -> 2026-07-21 - ICE arrests reach new high • Stateline.md
2026-07-31T09:22:47  MOVED (direct): 2026-07-22 - As Jews mark Tisha B’Av, ancient mourning rituals make room for modern grief.md -> 2026-07-22 - As Jews mark Tisha B’Av, ancient mourning rituals make room for modern grief.md
2026-07-31T09:22:48  MOVED (direct): 2026-07-23 - GOP govs join Trump pledge designed to shield ratepayers from data center costs • Stateline.md -> 2026-07-23 - GOP govs join Trump pledge designed to shield ratepayers from data center costs • Stateline.md
2026-07-31T09:22:48  MOVED (direct): 2026-07-23 - States challenge Trump’s move to tie disaster aid to election, immigration policies • Stateline.md -> 2026-07-23 - States challenge Trump’s move to tie disaster aid to election, immigration policies • Stateline.md
2026-07-31T09:22:49  MOVED (direct): 2026-07-24 - Flood of poll watchers, observers, monitors to descend on midterm voters • Stateline.md -> 2026-07-24 - Flood of poll watchers, observers, monitors to descend on midterm voters • Stateline.md
2026-07-31T09:22:49  MOVED (direct): 2026-07-27 - State AGs expand consumer work as prices rise and Trump guts federal protections • Stateline.md -> 2026-07-27 - State AGs expand consumer work as prices rise and Trump guts federal protections • Stateline.md
2026-07-31T09:22:50  MOVED (direct): 2026-07-28 - Obamacare enrollment declines in 49 states • Stateline.md -> 2026-07-28 - Obamacare enrollment declines in 49 states • Stateline.md
2026-07-31T09:22:50  MOVED (direct): 2026-07-28 - Rise in US preteen suicide rate alarms mental health experts • Stateline.md -> 2026-07-28 - Rise in US preteen suicide rate alarms mental health experts • Stateline.md
2026-07-31T09:22:51  MOVED (collision): 2026-07-28 - State lawmakers of both parties say it's time to rethink America’s fragile childcare system • Stateline.md -> 2026-07-28 - State lawmakers of both parties say it's time to rethink America’s fragile childcare system • Stateline-20260731-092251-943293b8c5c89cd2.md
2026-07-31T09:22:51  MOVED (direct): 2026-07-29 - Mass surveillance or a quicker way to solve crime_ Flock cameras cause controversy in east Idaho.md -> 2026-07-29 - Mass surveillance or a quicker way to solve crime_ Flock cameras cause controversy in east Idaho.md
2026-07-31T09:22:52  MOVED (direct): 2026-07-29 - Most states temporarily house foster children in hotels, offices • Stateline.md -> 2026-07-29 - Most states temporarily house foster children in hotels, offices • Stateline.md
2026-07-31T09:22:52  MOVED (direct): 2026-07-29 - Undocumented immigration population reached as high as 15.8M, report finds • Stateline.md -> 2026-07-29 - Undocumented immigration population reached as high as 15.8M, report finds • Stateline.md
2026-07-31T09:22:53  MOVED (direct): 2026-07-29 - ‘Catastrophic_’ Idaho declares Big Grass Fire emergency as structures, cattle are lost.md -> 2026-07-29 - ‘Catastrophic_’ Idaho declares Big Grass Fire emergency as structures, cattle are lost.md
2026-07-31T09:22:54  MOVED (direct): 2026-07-30 - As fires rage in the Pacific Northwest, leaders call all hands on deck • Stateline.md -> 2026-07-30 - As fires rage in the Pacific Northwest, leaders call all hands on deck • Stateline.md
2026-07-31T09:22:54  MOVED (direct): 2026-07-30 - Community rallies to support ranchers as Big Grass Fire threatens livelihoods.md -> 2026-07-30 - Community rallies to support ranchers as Big Grass Fire threatens livelihoods.md
2026-07-31T09:22:55  MOVED (direct): 2026-07-30 - Idaho Department of Insurance could take over depleted school benefit trust.md -> 2026-07-30 - Idaho Department of Insurance could take over depleted school benefit trust.md
2026-07-31T09:22:55  MOVED (direct): 2026-07-30 - Idaho reports three heat-related deaths amid hot, smoky weather • Idaho Capital Sun.md -> 2026-07-30 - Idaho reports three heat-related deaths amid hot, smoky weather • Idaho Capital Sun.md
2026-07-31T09:22:56  MOVED (direct): 2026-07-30 - Idaho State Historic Preservation sees employee exodus after change.md -> 2026-07-30 - Idaho State Historic Preservation sees employee exodus after change.md
2026-07-31T09:22:56  MOVED (direct): 2026-07-30 - Man dead after falling from edge of Snake River Canyon.md -> 2026-07-30 - Man dead after falling from edge of Snake River Canyon.md
2026-07-31T09:22:57  MOVED (direct): 2026-07-30 - Meridian coffee shop adding second location in Downtown Boise.md -> 2026-07-30 - Meridian coffee shop adding second location in Downtown Boise.md
2026-07-31T09:22:57  MOVED (direct): 2026-07-30 - Say no to Idaho Power’s plan to build new natural gas plants.md -> 2026-07-30 - Say no to Idaho Power’s plan to build new natural gas plants.md
2026-07-31T09:22:58  MOVED (direct): 2026-07-30 - Tort claim, vandalized cameras and eastern Idahoans up in arms about Flock cameras.md -> 2026-07-30 - Tort claim, vandalized cameras and eastern Idahoans up in arms about Flock cameras.md
2026-07-31T09:22:58  MOVED (direct): 2026-07-30 - When families question a death investigation, getting a second autopsy can be complicated • Stateline.md -> 2026-07-30 - When families question a death investigation, getting a second autopsy can be complicated • Stateline.md
2026-07-31T09:22:59  MOVED (direct): 2026-07-30 - With no Democrat on the ballot, does Idaho’s Jim Risch become vulnerable_.md -> 2026-07-30 - With no Democrat on the ballot, does Idaho’s Jim Risch become vulnerable_.md
2026-07-31T09:22:59  MOVED (direct): 2026-07-30 - You Asked_ What's the status of big 'destination steakhouse'_.md -> 2026-07-30 - You Asked_ What's the status of big 'destination steakhouse'_.md
2026-07-31T09:23:00  MOVED (direct): 2026-07-30 - ‘More than a demonstration facility’_ Idaho National Laboratory unveils pilot antimony plant for Perpetua.md -> 2026-07-30 - ‘More than a demonstration facility’_ Idaho National Laboratory unveils pilot antimony plant for Perpetua.md
2026-07-31T09:23:01  MOVED (direct): 2026-07-31 - Online prediction markets rile up state lawmakers • Stateline.md -> 2026-07-31 - Online prediction markets rile up state lawmakers • Stateline.md
2026-07-31T09:23:01  MOVED (direct): 2026-07-31 - Seattle Jewish Community Doubles Security amid antisemitism.md -> 2026-07-31 - Seattle Jewish Community Doubles Security amid antisemitism.md
2026-07-31T09:23:02  MOVED (direct): 2026-07-31 - Why Some Christians Support Trump Despite His Record.md -> 2026-07-31 - Why Some Christians Support Trump Despite His Record.md
2026-07-31T09:23:02  MOVED (direct): 2026-07-31 - Wildfire smoke is now the primary pollutant affecting pregnancy, study shows • Stateline.md -> 2026-07-31 - Wildfire smoke is now the primary pollutant affecting pregnancy, study shows • Stateline.md
2026-07-31T09:23:03  MOVED (direct): 2026_WGA_Annual_Report_073026.pdf -> 2026_WGA_Annual_Report_073026.pdf
2026-07-31T09:24:02  MOVED (direct): 2026-07-31 - ‘Detain first, figure out later.’ Idaho judge criticizes immigration tactics.md -> 2026-07-31 - ‘Detain first, figure out later.’ Idaho judge criticizes immigration tactics.md
2026-07-31T09:24:03  MOVED (direct): 2024-05-07 - One of Idaho’s most significant historic buildings is about to get a renovation.md -> 2024-05-07 - One of Idaho’s most significant historic buildings is about to get a renovation.md
2026-07-31T09:24:03  MOVED (direct): 2024-08-27 - Digging at historic site in Boise unearths 150-year-old artifacts. What did they find_.md -> 2024-08-27 - Digging at historic site in Boise unearths 150-year-old artifacts. What did they find_.md
2026-07-31T09:44:12  MOVED (direct): apa-dcms-uk-comment.pdf -> apa-dcms-uk-comment.pdf
2026-07-31T09:44:24  DROPPED (duplicate already in vault): apa-dcms-uk-comment.pdf
2026-07-31T09:45:35  MOVED (collision): 2026-06-04 - A merger could put two of America's most important news archives under one owner.md -> 2026-06-04 - A merger could put two of America's most important news archives under one owner-20260731-094535-ae8d6e24c913d6b5.md
2026-07-31T09:45:36  MOVED (direct): 2026-06-20 - Proposed Paramount-WBD Merger Assailed By Archival Producers.md -> 2026-06-20 - Proposed Paramount-WBD Merger Assailed By Archival Producers.md
2026-07-31T09:45:37  MOVED (direct): 2026-07-24 - Paramount Agrees to Delay Warner Bros. Merger for Months.md -> 2026-07-24 - Paramount Agrees to Delay Warner Bros. Merger for Months.md
2026-07-31T09:45:37  MOVED (direct): 2026-07-26 - A TV and cinema calamity could be disastrous for what you watch and what you know. Act now to stop that _ Alan Cumming, Benedict Cumberbatch and Benedict Wong.md -> 2026-07-26 - A TV and cinema calamity could be disastrous for what you watch and what you know. Act now to stop that _ Alan Cumming, Benedict Cumberbatch and Benedict Wong.md
2026-07-31T09:45:38  MOVED (direct): 2026-07-30 - Film producers warn Paramount-Warner merger could restrict access to news archives.md -> 2026-07-30 - Film producers warn Paramount-Warner merger could restrict access to news archives.md
2026-07-31T09:57:37  MOVED (direct): video-000104-1415310121.mp4 -> video-000104-1415310121.mp4
2026-07-31T09:58:39  MOVED (direct): 2026-07-26 - An eye for William Henry Jackson's Cameras.md -> 2026-07-26 - An eye for William Henry Jackson's Cameras.md
2026-07-31T09:58:40  MOVED (direct): - Talking History.md -> - Talking History.md
2026-07-31T10:16:50  MOVED (direct): - Oral history interview with William Henry Jackson.md -> - Oral history interview with William Henry Jackson.md
2026-07-31T10:16:51  MOVED (direct): - Baltimore & Ohio Railroad – Legends of America.md -> - Baltimore & Ohio Railroad – Legends of America.md
2026-07-31T10:16:51  MOVED (direct): - Category_US National Archives series_ Hayden Survey, William H. Jackson, Photographs, compiled 1869 - 1878.md -> - Category_US National Archives series_ Hayden Survey, William H. Jackson, Photographs, compiled 1869 - 1878.md
2026-07-31T10:16:52  MOVED (direct): - Category_William Henry Jackson-Hayden Surveys.md -> - Category_William Henry Jackson-Hayden Surveys.md
2026-07-31T10:16:52  MOVED (direct): - Category_William Henry Jackson.md -> - Category_William Henry Jackson.md
2026-07-31T10:16:53  MOVED (direct): - Creator_William Henry Jackson.md -> - Creator_William Henry Jackson.md
2026-07-31T10:16:53  MOVED (direct): - Detroit Publishing Co. –  America In Color – Legends of America.md -> - Detroit Publishing Co. –  America In Color – Legends of America.md
2026-07-31T10:16:54  MOVED (direct): - Fur Trading on the Frontier – Legends of America.md -> - Fur Trading on the Frontier – Legends of America.md
2026-07-31T10:16:54  MOVED (direct): - Oregon Trail – Pathway to the West – Legends of America.md -> - Oregon Trail – Pathway to the West – Legends of America.md
2026-07-31T10:16:55  MOVED (direct): - The California Gold Rush – Legends of America.md -> - The California Gold Rush – Legends of America.md
2026-07-31T10:16:55  MOVED (direct): - William Henry Jackson – Photographing America – Legends of America.md -> - William Henry Jackson – Photographing America – Legends of America.md
2026-07-31T10:16:56  MOVED (direct): 2005-02-23 - Ask Us_ What does _Genesee_ mean_.md -> 2005-02-23 - Ask Us_ What does _Genesee_ mean_.md
2026-07-31T10:16:56  MOVED (direct): 2017-09-25 - “You, Sir, Have a Noble Head Throughout”_.md -> 2017-09-25 - “You, Sir, Have a Noble Head Throughout”_.md
2026-07-31T10:16:57  MOVED (direct): History Colorado - William Henry Jackson records.md -> History Colorado - William Henry Jackson records.md
2026-07-31T10:16:57  MOVED (collision): untitled.md -> untitled-20260731-101657-532075834f26a3ea.md
2026-07-31T10:32:59  MOVED (direct): AR.OH.4 index.pdf -> AR.OH.4 index.pdf
2026-07-31T10:33:00  MOVED (direct): AR.OH.4 transcript.pdf -> AR.OH.4 transcript.pdf
2026-07-31T10:33:01  MOVED (direct): AR.OH.4.jpg -> AR.OH.4.jpg
2026-07-31T10:33:01  MOVED (direct): nara-rg48-1-interior-william-henry-jackson-photographer-4-3-1941.mp3 -> nara-rg48-1-interior-william-henry-jackson-photographer-4-3-1941.mp3
2026-07-31T10:52:39  MOVED (direct): 2017-03-04 - Git (LFS)_ what is locking support_ And should I enable it_.md -> 2017-03-04 - Git (LFS)_ what is locking support_ And should I enable it_.md
2026-07-31T10:52:40  MOVED (direct): - File Locking.md -> - File Locking.md
2026-07-31T12:40:21  MOVED (direct): 2026-07-31 - Labrador Letter_ Touring Idaho's New Firing Squad Chamber.md -> 2026-07-31 - Labrador Letter_ Touring Idaho's New Firing Squad Chamber.md
2026-07-31T12:40:22  MOVED (direct): 2026-07-17 - Labrador Letter_ Record Results for Idaho Consumers.md -> 2026-07-17 - Labrador Letter_ Record Results for Idaho Consumers.md
2026-07-31T12:40:23  MOVED (direct): 2026-07-21 - $600,000 Secured by AG Labrador for Idaho in Two Consumer Data Settlements.md -> 2026-07-21 - $600,000 Secured by AG Labrador for Idaho in Two Consumer Data Settlements.md
2026-07-31T12:40:23  MOVED (direct): 2026-07-24 - Labrador Defends Rule Blocking Illegal Immigrants from Obtaining CDLs.md -> 2026-07-24 - Labrador Defends Rule Blocking Illegal Immigrants from Obtaining CDLs.md
2026-07-31T12:40:24  MOVED (direct): 2026-07-24 - Labrador Letter_ Defending Federal Rule Blocking Illegal Immigrants from Obtaining Commercial Drivers Licenses.md -> 2026-07-24 - Labrador Letter_ Defending Federal Rule Blocking Illegal Immigrants from Obtaining Commercial Drivers Licenses.md
2026-07-31T12:40:24  MOVED (direct): 2026-07-27 - AG Labrador Responds to Kohberger's Post-Conviction Relief Petition.md -> 2026-07-27 - AG Labrador Responds to Kohberger's Post-Conviction Relief Petition.md
2026-07-31T13:21:54  MOVED (direct): 2025-09-27 - Silent Film Festival_ Nell Shipman Shorts _ Moscow Idaho Chamber of Commerce.md -> 2025-09-27 - Silent Film Festival_ Nell Shipman Shorts _ Moscow Idaho Chamber of Commerce.md
2026-07-31T13:21:55  MOVED (direct): - Gwyn Hervochon and Julia Stringfellow.md -> - Gwyn Hervochon and Julia Stringfellow.md
2026-07-31T13:21:56  MOVED (collision): - Photo Gallery (U.S. National Park Service).md -> - Photo Gallery (U.S. National Park Service)-20260731-132156-d6a746bab4a7651e.md
2026-07-31T13:21:57  MOVED (direct): 2001-08-20 - Priceless piece of Shakespeare history on display at BSU.md -> 2001-08-20 - Priceless piece of Shakespeare history on display at BSU.md
2026-07-31T13:21:57  MOVED (direct): 2017-11-01 - Just Out Last Millennium.md -> 2017-11-01 - Just Out Last Millennium.md
2026-07-31T13:21:58  MOVED (direct): 2025-09-23 - Faculty receive Mayor’s Awards for Excellence in Art and History.md -> 2025-09-23 - Faculty receive Mayor’s Awards for Excellence in Art and History.md
2026-07-31T13:21:58  MOVED (direct): 2025-10-27 - The first film made in Idaho was headed back to the big screen. Then DOGE intervened.md -> 2025-10-27 - The first film made in Idaho was headed back to the big screen. Then DOGE intervened.md
2026-07-31T13:21:59  MOVED (direct): 2025-11-05 - The First Film Made in Idaho Was Headed Back to the Big Screen. Then DOGE Intervened.md -> 2025-11-05 - The First Film Made in Idaho Was Headed Back to the Big Screen. Then DOGE Intervened.md
2026-07-31T14:26:55  MOVED (direct): 29a06054-223b-4784-bd5e-1e3e01d39edbOriginal.jpg -> 29a06054-223b-4784-bd5e-1e3e01d39edbOriginal.jpg
2026-07-31T14:26:56  MOVED (direct): 29a06054-223b-4784-bd5e-1e3e01d39edbOriginal.txt -> 29a06054-223b-4784-bd5e-1e3e01d39edbOriginal.txt
2026-07-31T14:26:57  MOVED (direct): 48297732-5381-43bc-a1fb-5893d9f0fa2fOriginal.jpg -> 48297732-5381-43bc-a1fb-5893d9f0fa2fOriginal.jpg
2026-07-31T14:26:57  MOVED (direct): 48297732-5381-43bc-a1fb-5893d9f0fa2fOriginal.txt -> 48297732-5381-43bc-a1fb-5893d9f0fa2fOriginal.txt
2026-07-31T14:26:58  MOVED (direct): 5e73ef9c-88fb-447d-9e34-5b66c7a8a5ccOriginal.jpg -> 5e73ef9c-88fb-447d-9e34-5b66c7a8a5ccOriginal.jpg
2026-07-31T14:26:58  MOVED (direct): 5e73ef9c-88fb-447d-9e34-5b66c7a8a5ccOriginal.txt -> 5e73ef9c-88fb-447d-9e34-5b66c7a8a5ccOriginal.txt
2026-07-31T14:26:59  MOVED (direct): be1a7dc1-1214-4496-80cc-26dd6a0dd2cfOriginal.jpg -> be1a7dc1-1214-4496-80cc-26dd6a0dd2cfOriginal.jpg
2026-07-31T14:26:59  MOVED (direct): be1a7dc1-1214-4496-80cc-26dd6a0dd2cfOriginal.txt -> be1a7dc1-1214-4496-80cc-26dd6a0dd2cfOriginal.txt
2026-08-03T10:32:29  Watcher active. Sources='C:\Users\loganf\Downloads\Mobile Devices; C:\Users\loganf\Downloads\Phone Link' Target='C:\Users\loganf\Documents\IDAHO-VAULT'
2026-08-03T14:57:12  Watcher active. Sources='C:\Users\loganf\Downloads\Mobile Devices; C:\Users\loganf\Downloads\Phone Link' Target='C:\Users\loganf\Documents\IDAHO-VAULT'
2026-08-03T16:01:20  MOVED (direct): 2026-07-14 - Contacts, clean copy & determination_ Freelancers discuss the keys to success.md -> 2026-07-14 - Contacts, clean copy & determination_ Freelancers discuss the keys to success.md
2026-08-03T16:01:21  MOVED (direct): 2026-08-03 - East Idaho News - Air quality advisory in effect for portions of eastern Idaho, as wildfire smoke lingers.md -> 2026-08-03 - East Idaho News - Air quality advisory in effect for portions of eastern Idaho, as wildfire smoke lingers.md
2026-08-03T16:01:22  MOVED (direct): 2026-08-03 - East Idaho News - Battle won_ Power County's Lake Channel Fire reaches full containment.md -> 2026-08-03 - East Idaho News - Battle won_ Power County's Lake Channel Fire reaches full containment.md
2026-08-03T16:01:22  MOVED (direct): 2026-08-03 - Stateline - Trump official urges governors to help with immigration arrests of ‘worst of the worst’ • Stateline.md -> 2026-08-03 - Stateline - Trump official urges governors to help with immigration arrests of ‘worst of the worst’ • Stateline.md
2026-08-03T16:01:23  MOVED (direct): 2026-08-03 - The Seattle Times - ‘Could be weeks’ before some Spokane residents can return after fires.md -> 2026-08-03 - The Seattle Times - ‘Could be weeks’ before some Spokane residents can return after fires.md
2026-08-04T16:57:17  MOVED (direct): 2026-04-29 - Model Context Protocol (MCP) Server for Agentic Access.md -> 2026-04-29 - Model Context Protocol (MCP) Server for Agentic Access.md
2026-08-04T16:57:17  MOVED (direct): 2026-07-30 - Investing in Public Safety Before It Becomes a Correctional Cost.md -> 2026-07-30 - Investing in Public Safety Before It Becomes a Correctional Cost.md
2026-08-04T16:57:18  MOVED (direct): 2001-06-19 - New report shows Idaho's tax cuts leave low-income earners paying more.md -> 2001-06-19 - New report shows Idaho's tax cuts leave low-income earners paying more.md
2026-08-05T18:18:57  Watcher active. Sources='C:\Users\loganf\Downloads\Mobile Devices; C:\Users\loganf\Downloads\Phone Link' Target='C:\Users\loganf\Documents\IDAHO-VAULT'
