[2026-07-07 11:30:52:0093] Adobe ARM 1.824.460.1149 logging started.
[2026-07-07 11:30:52:0093] Command Line: 
[2026-07-07 11:30:52:0127] Too soon to check for arm update
[2026-07-07 11:30:52:0142] ProductCode: {AC76BA86-1033-FFFF-7760-BC15014EA700}
[2026-07-07 11:30:52:0143] ProductName: Adobe Acrobat (64-bit)
[2026-07-07 11:30:52:0143] ProductVersion: 26.001.21691
[2026-07-07 11:30:52:0143] ProductUACPatching: enabled
[2026-07-07 11:30:52:0675] Using registered preference AUTO_ALL
[2026-07-07 11:30:52:0677] Last check for updates not expired, code: 120300
[2026-07-07 11:30:52:0679] Using registered preference AUTO_ALL
[2026-07-07 11:30:52:0680] Last check for updates not expired, code: 120300
[2026-07-07 11:30:52:0900] ARM returns ERROR_SUCCESS
[2026-07-07 11:30:52:0900] Adobe ARM 1.824.460.1149 logging finished.



[2026-07-07 15:00:52:0151] Adobe ARM 1.824.460.1149 logging started.
[2026-07-07 15:00:52:0152] Command Line: 
[2026-07-07 15:00:52:0210] Too soon to check for arm update
[2026-07-07 15:00:52:0239] ProductCode: {AC76BA86-1033-FFFF-7760-BC15014EA700}
[2026-07-07 15:00:52:0239] ProductName: Adobe Acrobat (64-bit)
[2026-07-07 15:00:52:0239] ProductVersion: 26.001.21691
[2026-07-07 15:00:52:0239] ProductUACPatching: enabled
[2026-07-07 15:00:52:0287] Using registered preference AUTO_ALL
[2026-07-07 15:00:52:0288] Last check for updates not expired, code: 120300
[2026-07-07 15:00:52:0291] Using registered preference AUTO_ALL
[2026-07-07 15:00:52:0292] Last check for updates not expired, code: 120300
[2026-07-07 15:00:52:0504] ARM returns ERROR_SUCCESS
[2026-07-07 15:00:52:0504] Adobe ARM 1.824.460.1149 logging finished.



[2026-07-07 18:30:52:0098] Adobe ARM 1.824.460.1149 logging started.
[2026-07-07 18:30:52:0098] Command Line: 
[2026-07-07 18:30:52:0130] Too soon to check for arm update
[2026-07-07 18:30:52:0146] ProductCode: {AC76BA86-1033-FFFF-7760-BC15014EA700}
[2026-07-07 18:30:52:0146] ProductName: Adobe Acrobat (64-bit)
[2026-07-07 18:30:52:0146] ProductVersion: 26.001.21691
[2026-07-07 18:30:52:0146] ProductUACPatching: enabled
[2026-07-07 18:30:52:0173] Using registered preference AUTO_ALL
[2026-07-07 18:30:52:0174] Last check for updates not expired, code: 120300
[2026-07-07 18:30:52:0175] Using registered preference AUTO_ALL
[2026-07-07 18:30:52:0176] Last check for updates not expired, code: 120300
[2026-07-07 18:30:52:0396] ARM returns ERROR_SUCCESS
[2026-07-07 18:30:52:0396] Adobe ARM 1.824.460.1149 logging finished.



[2026-07-08 09:20:38:0306] Adobe ARM 1.824.460.1149 logging started.
[2026-07-08 09:20:38:0306] Command Line: 
[2026-07-08 09:20:38:0336] Too soon to check for arm update
[2026-07-08 09:20:38:0346] ProductCode: {AC76BA86-1033-FFFF-7760-BC15014EA700}
[2026-07-08 09:20:38:0346] ProductName: Adobe Acrobat (64-bit)
[2026-07-08 09:20:38:0346] ProductVersion: 26.001.21691
[2026-07-08 09:20:38:0346] ProductUACPatching: enabled
[2026-07-08 09:20:38:0822] Using registered preference AUTO_ALL
[2026-07-08 09:20:38:0822] Last check for updates not expired, code: 120300
[2026-07-08 09:20:38:0824] Using registered preference AUTO_ALL
[2026-07-08 09:20:38:0826] Last check for updates not expired, code: 120300
[2026-07-08 09:20:39:0051] ARM returns ERROR_SUCCESS
[2026-07-08 09:20:39:0051] Adobe ARM 1.824.460.1149 logging finished.



[2026-07-08 10:00:01:0247] Adobe ARM 1.824.460.1149 logging started.
[2026-07-08 10:00:01:0248] Command Line: 
[2026-07-08 10:00:01:0268] Too soon to check for arm update
[2026-07-08 10:00:01:0277] ProductCode: {AC76BA86-1033-FFFF-7760-BC15014EA700}
[2026-07-08 10:00:01:0278] ProductName: Adobe Acrobat (64-bit)
[2026-07-08 10:00:01:0278] ProductVersion: 26.001.21691
[2026-07-08 10:00:01:0278] ProductUACPatching: enabled
[2026-07-08 10:00:01:0297] Using registered preference AUTO_ALL
[2026-07-08 10:00:01:0298] Last check for updates not expired, code: 120300
[2026-07-08 10:00:01:0299] Using registered preference AUTO_ALL
[2026-07-08 10:00:01:0299] Last check for updates not expired, code: 120300
[2026-07-08 10:00:01:0525] ARM returns ERROR_SUCCESS
[2026-07-08 10:00:01:0525] Adobe ARM 1.824.460.1149 logging finished.



[2026-07-08 12:50:38:0309] Adobe ARM 1.824.460.1149 logging started.
[2026-07-08 12:50:38:0309] Command Line: 
[2026-07-08 12:50:38:0351] Too soon to check for arm update
[2026-07-08 12:50:38:0363] ProductCode: {AC76BA86-1033-FFFF-7760-BC15014EA700}
[2026-07-08 12:50:38:0363] ProductName: Adobe Acrobat (64-bit)
[2026-07-08 12:50:38:0363] ProductVersion: 26.001.21691
[2026-07-08 12:50:38:0363] ProductUACPatching: enabled
[2026-07-08 12:50:38:0403] Using registered preference AUTO_ALL
[2026-07-08 12:50:38:0403] Last check for updates not expired, code: 120300
[2026-07-08 12:50:38:0403] Using registered preference AUTO_ALL
[2026-07-08 12:50:38:0407] Last check for updates not expired, code: 120300
[2026-07-08 12:50:38:0625] ARM returns ERROR_SUCCESS
[2026-07-08 12:50:38:0625] Adobe ARM 1.824.460.1149 logging finished.



[2026-07-08 14:29:50:0227] Adobe ARM 1.824.460.1149 logging started.
[2026-07-08 14:29:50:0227] Command Line: /PRODUCT:Acrobat /VERSION:26.0 /MODE:3
[2026-07-08 14:29:50:0276] ProductCode: {AC76BA86-1033-FFFF-7760-BC15014EA700}
[2026-07-08 14:29:50:0276] ProductName: Adobe Acrobat (64-bit)
[2026-07-08 14:29:50:0276] ProductVersion: 26.001.21691
[2026-07-08 14:29:50:0276] ProductUACPatching: enabled
[2026-07-08 14:29:50:0321] Using CommandLine preference AUTO_ALL
[2026-07-08 14:29:50:0331] Last check for updates not expired, code: 120300
[2026-07-08 14:29:50:0335] Using registered preference AUTO_ALL
[2026-07-08 14:29:50:0335] Last check for updates not expired, code: 120300
[2026-07-08 14:29:50:0566] ARM returns ERROR_SUCCESS
[2026-07-08 14:29:50:0566] Adobe ARM 1.824.460.1149 logging finished.



[2026-07-08 16:20:38:0341] Adobe ARM 1.824.460.1149 logging started.
[2026-07-08 16:20:38:0341] Command Line: 
[2026-07-08 16:20:38:0375] Too soon to check for arm update
[2026-07-08 16:20:38:0391] ProductCode: {AC76BA86-1033-FFFF-7760-BC15014EA700}
[2026-07-08 16:20:38:0391] ProductName: Adobe Acrobat (64-bit)
[2026-07-08 16:20:38:0391] ProductVersion: 26.001.21691
[2026-07-08 16:20:38:0391] ProductUACPatching: enabled
[2026-07-08 16:20:38:0421] Using registered preference AUTO_ALL
[2026-07-08 16:20:38:0422] Last check for updates not expired, code: 120300
[2026-07-08 16:20:38:0425] Using registered preference AUTO_ALL
[2026-07-08 16:20:38:0426] Last check for updates not expired, code: 120300
[2026-07-08 16:20:38:0648] ARM returns ERROR_SUCCESS
[2026-07-08 16:20:38:0648] Adobe ARM 1.824.460.1149 logging finished.



[2026-07-08 19:50:38:0300] Adobe ARM 1.824.460.1149 logging started.
[2026-07-08 19:50:38:0300] Command Line: 
[2026-07-08 19:50:38:0324] Too soon to check for arm update
[2026-07-08 19:50:38:0334] ProductCode: {AC76BA86-1033-FFFF-7760-BC15014EA700}
[2026-07-08 19:50:38:0335] ProductName: Adobe Acrobat (64-bit)
[2026-07-08 19:50:38:0335] ProductVersion: 26.001.21691
[2026-07-08 19:50:38:0335] ProductUACPatching: enabled
[2026-07-08 19:50:38:0361] Using registered preference AUTO_ALL
[2026-07-08 19:50:38:0362] Last check for updates not expired, code: 120300
[2026-07-08 19:50:38:0363] Using registered preference AUTO_ALL
[2026-07-08 19:50:38:0364] Last check for updates not expired, code: 120300
[2026-07-08 19:50:38:0584] ARM returns ERROR_SUCCESS
[2026-07-08 19:50:38:0584] Adobe ARM 1.824.460.1149 logging finished.



[2026-07-08 23:20:38:0300] Adobe ARM 1.824.460.1149 logging started.
[2026-07-08 23:20:38:0300] Command Line: 
[2026-07-08 23:20:38:0322] Too soon to check for arm update
[2026-07-08 23:20:38:0336] ProductCode: {AC76BA86-1033-FFFF-7760-BC15014EA700}
[2026-07-08 23:20:38:0336] ProductName: Adobe Acrobat (64-bit)
[2026-07-08 23:20:38:0336] ProductVersion: 26.001.21691
[2026-07-08 23:20:38:0336] ProductUACPatching: enabled
[2026-07-08 23:20:38:0358] Using registered preference AUTO_ALL
[2026-07-08 23:20:38:0358] Last check for updates not expired, code: 120300
[2026-07-08 23:20:38:0359] Using registered preference AUTO_ALL
[2026-07-08 23:20:38:0360] Last check for updates not expired, code: 120300
[2026-07-08 23:20:38:0586] ARM returns ERROR_SUCCESS
[2026-07-08 23:20:38:0586] Adobe ARM 1.824.460.1149 logging finished.



[2026-07-09 02:50:38:0297] Adobe ARM 1.824.460.1149 logging started.
[2026-07-09 02:50:38:0297] Command Line: 
[2026-07-09 02:50:38:0314] Too soon to check for arm update
[2026-07-09 02:50:38:0330] ProductCode: {AC76BA86-1033-FFFF-7760-BC15014EA700}
[2026-07-09 02:50:38:0330] ProductName: Adobe Acrobat (64-bit)
[2026-07-09 02:50:38:0330] ProductVersion: 26.001.21691
[2026-07-09 02:50:38:0330] ProductUACPatching: enabled
[2026-07-09 02:50:38:0360] Using registered preference AUTO_ALL
[2026-07-09 02:50:38:0361] Last check for updates not expired, code: 120300
[2026-07-09 02:50:38:0362] Using registered preference AUTO_ALL
[2026-07-09 02:50:38:0362] Last check for updates not expired, code: 120300
[2026-07-09 02:50:38:0595] ARM returns ERROR_SUCCESS
[2026-07-09 02:50:38:0595] Adobe ARM 1.824.460.1149 logging finished.



[2026-07-09 06:20:38:0298] Adobe ARM 1.824.460.1149 logging started.
[2026-07-09 06:20:38:0298] Command Line: 
[2026-07-09 06:20:38:0320] Too soon to check for arm update
[2026-07-09 06:20:38:0328] ProductCode: {AC76BA86-1033-FFFF-7760-BC15014EA700}
[2026-07-09 06:20:38:0328] ProductName: Adobe Acrobat (64-bit)
[2026-07-09 06:20:38:0328] ProductVersion: 26.001.21691
[2026-07-09 06:20:38:0330] ProductUACPatching: enabled
[2026-07-09 06:20:38:0344] Using registered preference AUTO_ALL
[2026-07-09 06:20:38:0350] Last check for updates not expired, code: 120300
[2026-07-09 06:20:38:0350] Using registered preference AUTO_ALL
[2026-07-09 06:20:38:0352] Last check for updates not expired, code: 120300
[2026-07-09 06:20:38:0567] ARM returns ERROR_SUCCESS
[2026-07-09 06:20:38:0567] Adobe ARM 1.824.460.1149 logging finished.



[2026-07-09 09:50:38:0308] Adobe ARM 1.824.460.1149 logging started.
[2026-07-09 09:50:38:0309] Command Line: 
[2026-07-09 09:50:38:0334] Too soon to check for arm update
[2026-07-09 09:50:38:0346] ProductCode: {AC76BA86-1033-FFFF-7760-BC15014EA700}
[2026-07-09 09:50:38:0346] ProductName: Adobe Acrobat (64-bit)
[2026-07-09 09:50:38:0346] ProductVersion: 26.001.21691
[2026-07-09 09:50:38:0348] ProductUACPatching: enabled
[2026-07-09 09:50:38:0369] Using registered preference AUTO_ALL
[2026-07-09 09:50:38:0370] Last check for updates not expired, code: 120300
[2026-07-09 09:50:38:0371] Using registered preference AUTO_ALL
[2026-07-09 09:50:38:0371] Last check for updates not expired, code: 120300
[2026-07-09 09:50:38:0596] ARM returns ERROR_SUCCESS
[2026-07-09 09:50:38:0596] Adobe ARM 1.824.460.1149 logging finished.



[2026-07-09 10:00:01:0266] Adobe ARM 1.824.460.1149 logging started.
[2026-07-09 10:00:01:0266] Command Line: 
[2026-07-09 10:00:01:0300] Too soon to check for arm update
[2026-07-09 10:00:01:0314] ProductCode: {AC76BA86-1033-FFFF-7760-BC15014EA700}
[2026-07-09 10:00:01:0314] ProductName: Adobe Acrobat (64-bit)
[2026-07-09 10:00:01:0314] ProductVersion: 26.001.21691
[2026-07-09 10:00:01:0315] ProductUACPatching: enabled
[2026-07-09 10:00:01:0342] Using registered preference AUTO_ALL
[2026-07-09 10:00:01:0343] Last check for updates not expired, code: 120300
[2026-07-09 10:00:01:0344] Using registered preference AUTO_ALL
[2026-07-09 10:00:01:0345] Last check for updates not expired, code: 120300
[2026-07-09 10:00:01:0571] ARM returns ERROR_SUCCESS
[2026-07-09 10:00:01:0571] Adobe ARM 1.824.460.1149 logging finished.



[2026-07-09 13:20:38:0331] Adobe ARM 1.824.460.1149 logging started.
[2026-07-09 13:20:38:0331] Command Line: 
[2026-07-09 13:20:38:0345] Too soon to check for arm update
[2026-07-09 13:20:38:0359] ProductCode: {AC76BA86-1033-FFFF-7760-BC15014EA700}
[2026-07-09 13:20:38:0359] ProductName: Adobe Acrobat (64-bit)
[2026-07-09 13:20:38:0359] ProductVersion: 26.001.21691
[2026-07-09 13:20:38:0359] ProductUACPatching: enabled
[2026-07-09 13:20:38:0375] Using registered preference AUTO_ALL
[2026-07-09 13:20:38:0389] Last check for updates not expired, code: 120300
[2026-07-09 13:20:38:0389] Using registered preference AUTO_ALL
[2026-07-09 13:20:38:0392] Last check for updates not expired, code: 120300
[2026-07-09 13:20:38:0608] ARM returns ERROR_SUCCESS
[2026-07-09 13:20:38:0608] Adobe ARM 1.824.460.1149 logging finished.



[2026-07-09 16:22:53:0727] Adobe ARM 1.824.460.1149 logging started.
[2026-07-09 16:22:53:0727] Command Line: /PRODUCT:Acrobat /VERSION:26.0 /MODE:3
[2026-07-09 16:22:53:0779] ProductCode: {AC76BA86-1033-FFFF-7760-BC15014EA700}
[2026-07-09 16:22:53:0780] ProductName: Adobe Acrobat (64-bit)
[2026-07-09 16:22:53:0780] ProductVersion: 26.001.21691
[2026-07-09 16:22:53:0780] ProductUACPatching: enabled
[2026-07-09 16:22:53:0815] Using CommandLine preference AUTO_ALL
[2026-07-09 16:22:53:0817] Last check for updates not expired, code: 120300
[2026-07-09 16:22:53:0819] Using registered preference AUTO_ALL
[2026-07-09 16:22:53:0819] Last check for updates not expired, code: 120300
[2026-07-09 16:22:54:0047] ARM returns ERROR_SUCCESS
[2026-07-09 16:22:54:0047] Adobe ARM 1.824.460.1149 logging finished.



[2026-07-09 16:34:26:0916] Adobe ARM 1.824.460.1149 logging started.
[2026-07-09 16:34:26:0916] Command Line: /PRODUCT:Acrobat /VERSION:26.0 /MODE:3
[2026-07-09 16:34:26:0938] ProductCode: {AC76BA86-1033-FFFF-7760-BC15014EA700}
[2026-07-09 16:34:26:0938] ProductName: Adobe Acrobat (64-bit)
[2026-07-09 16:34:26:0938] ProductVersion: 26.001.21691
[2026-07-09 16:34:26:0938] ProductUACPatching: enabled
[2026-07-09 16:34:26:0961] Using CommandLine preference AUTO_ALL
[2026-07-09 16:34:26:0963] Last check for updates not expired, code: 120300
[2026-07-09 16:34:26:0964] Using registered preference AUTO_ALL
[2026-07-09 16:34:26:0964] Last check for updates not expired, code: 120300
[2026-07-09 16:34:27:0181] ARM returns ERROR_SUCCESS
[2026-07-09 16:34:27:0181] Adobe ARM 1.824.460.1149 logging finished.



[2026-07-09 16:50:38:0305] Adobe ARM 1.824.460.1149 logging started.
[2026-07-09 16:50:38:0305] Command Line: 
[2026-07-09 16:50:38:0327] Too soon to check for arm update
[2026-07-09 16:50:38:0337] ProductCode: {AC76BA86-1033-FFFF-7760-BC15014EA700}
[2026-07-09 16:50:38:0337] ProductName: Adobe Acrobat (64-bit)
[2026-07-09 16:50:38:0337] ProductVersion: 26.001.21691
[2026-07-09 16:50:38:0337] ProductUACPatching: enabled
[2026-07-09 16:50:38:0358] Using registered preference AUTO_ALL
[2026-07-09 16:50:38:0359] Last check for updates not expired, code: 120300
[2026-07-09 16:50:38:0360] Using registered preference AUTO_ALL
[2026-07-09 16:50:38:0360] Last check for updates not expired, code: 120300
[2026-07-09 16:50:38:0585] ARM returns ERROR_SUCCESS
[2026-07-09 16:50:38:0585] Adobe ARM 1.824.460.1149 logging finished.



[2026-07-09 20:20:38:0302] Adobe ARM 1.824.460.1149 logging started.
[2026-07-09 20:20:38:0302] Command Line: 
[2026-07-09 20:20:38:0324] Too soon to check for arm update
[2026-07-09 20:20:38:0333] ProductCode: {AC76BA86-1033-FFFF-7760-BC15014EA700}
[2026-07-09 20:20:38:0333] ProductName: Adobe Acrobat (64-bit)
[2026-07-09 20:20:38:0333] ProductVersion: 26.001.21691
[2026-07-09 20:20:38:0333] ProductUACPatching: enabled
[2026-07-09 20:20:38:0354] Using registered preference AUTO_ALL
[2026-07-09 20:20:38:0354] Last check for updates not expired, code: 120300
[2026-07-09 20:20:38:0356] Using registered preference AUTO_ALL
[2026-07-09 20:20:38:0357] Last check for updates not expired, code: 120300
[2026-07-09 20:20:38:0581] ARM returns ERROR_SUCCESS
[2026-07-09 20:20:38:0581] Adobe ARM 1.824.460.1149 logging finished.



[2026-07-09 23:50:38:0298] Adobe ARM 1.824.460.1149 logging started.
[2026-07-09 23:50:38:0298] Command Line: 
[2026-07-09 23:50:43:0582] Newer version ARM update is not available
[2026-07-09 23:50:43:0596] ProductCode: {AC76BA86-1033-FFFF-7760-BC15014EA700}
[2026-07-09 23:50:43:0596] ProductName: Adobe Acrobat (64-bit)
[2026-07-09 23:50:43:0596] ProductVersion: 26.001.21691
[2026-07-09 23:50:43:0596] ProductUACPatching: enabled
[2026-07-09 23:50:43:0960] Using registered preference AUTO_ALL
[2026-07-09 23:50:46:0452] MDOV1615
[2026-07-09 23:50:46:0454] No files in Session, setting NO_UPDATES mode
[2026-07-09 23:50:46:0507] Using registered preference AUTO_ALL
[2026-07-09 23:50:47:0875] MDOV1615
[2026-07-09 23:50:47:0878] No files in Session, setting NO_UPDATES mode
[2026-07-09 23:50:48:0158] ARM returns ERROR_SUCCESS
[2026-07-09 23:50:48:0158] Adobe ARM 1.824.460.1149 logging finished.



[2026-07-10 03:20:38:0306] Adobe ARM 1.824.460.1149 logging started.
[2026-07-10 03:20:38:0306] Command Line: 
[2026-07-10 03:20:38:0328] Too soon to check for arm update
[2026-07-10 03:20:38:0337] ProductCode: {AC76BA86-1033-FFFF-7760-BC15014EA700}
[2026-07-10 03:20:38:0337] ProductName: Adobe Acrobat (64-bit)
[2026-07-10 03:20:38:0338] ProductVersion: 26.001.21691
[2026-07-10 03:20:38:0338] ProductUACPatching: enabled
[2026-07-10 03:20:38:0367] Using registered preference AUTO_ALL
[2026-07-10 03:20:38:0368] Last check for updates not expired, code: 120300
[2026-07-10 03:20:38:0370] Using registered preference AUTO_ALL
[2026-07-10 03:20:38:0371] Last check for updates not expired, code: 120300
[2026-07-10 03:20:38:0610] ARM returns ERROR_SUCCESS
[2026-07-10 03:20:38:0610] Adobe ARM 1.824.460.1149 logging finished.



[2026-07-10 06:50:38:0308] Adobe ARM 1.824.460.1149 logging started.
[2026-07-10 06:50:38:0309] Command Line: 
[2026-07-10 06:50:38:0332] Too soon to check for arm update
[2026-07-10 06:50:38:0342] ProductCode: {AC76BA86-1033-FFFF-7760-BC15014EA700}
[2026-07-10 06:50:38:0342] ProductName: Adobe Acrobat (64-bit)
[2026-07-10 06:50:38:0342] ProductVersion: 26.001.21691
[2026-07-10 06:50:38:0342] ProductUACPatching: enabled
[2026-07-10 06:50:38:0365] Using registered preference AUTO_ALL
[2026-07-10 06:50:38:0366] Last check for updates not expired, code: 120300
[2026-07-10 06:50:38:0367] Using registered preference AUTO_ALL
[2026-07-10 06:50:38:0368] Last check for updates not expired, code: 120300
[2026-07-10 06:50:38:0592] ARM returns ERROR_SUCCESS
[2026-07-10 06:50:38:0592] Adobe ARM 1.824.460.1149 logging finished.



[2026-07-10 10:00:01:0272] Adobe ARM 1.824.460.1149 logging started.
[2026-07-10 10:00:01:0272] Command Line: 
[2026-07-10 10:00:01:0296] Too soon to check for arm update
[2026-07-10 10:00:01:0306] ProductCode: {AC76BA86-1033-FFFF-7760-BC15014EA700}
[2026-07-10 10:00:01:0306] ProductName: Adobe Acrobat (64-bit)
[2026-07-10 10:00:01:0306] ProductVersion: 26.001.21691
[2026-07-10 10:00:01:0306] ProductUACPatching: enabled
[2026-07-10 10:00:01:0327] Using registered preference AUTO_ALL
[2026-07-10 10:00:01:0328] Last check for updates not expired, code: 120300
[2026-07-10 10:00:01:0329] Using registered preference AUTO_ALL
[2026-07-10 10:00:01:0330] Last check for updates not expired, code: 120300
[2026-07-10 10:00:01:0549] ARM returns ERROR_SUCCESS
[2026-07-10 10:00:01:0549] Adobe ARM 1.824.460.1149 logging finished.



[2026-07-10 10:20:38:0343] Adobe ARM 1.824.460.1149 logging started.
[2026-07-10 10:20:38:0344] Command Line: 
[2026-07-10 10:20:38:0372] Too soon to check for arm update
[2026-07-10 10:20:38:0384] ProductCode: {AC76BA86-1033-FFFF-7760-BC15014EA700}
[2026-07-10 10:20:38:0384] ProductName: Adobe Acrobat (64-bit)
[2026-07-10 10:20:38:0384] ProductVersion: 26.001.21691
[2026-07-10 10:20:38:0384] ProductUACPatching: enabled
[2026-07-10 10:20:38:0408] Using registered preference AUTO_ALL
[2026-07-10 10:20:38:0409] Last check for updates not expired, code: 120300
[2026-07-10 10:20:38:0411] Using registered preference AUTO_ALL
[2026-07-10 10:20:38:0411] Last check for updates not expired, code: 120300
[2026-07-10 10:20:38:0623] ARM returns ERROR_SUCCESS
[2026-07-10 10:20:38:0623] Adobe ARM 1.824.460.1149 logging finished.



[2026-07-10 13:50:38:0312] Adobe ARM 1.824.460.1149 logging started.
[2026-07-10 13:50:38:0312] Command Line: 
[2026-07-10 13:50:38:0336] Too soon to check for arm update
[2026-07-10 13:50:38:0346] ProductCode: {AC76BA86-1033-FFFF-7760-BC15014EA700}
[2026-07-10 13:50:38:0346] ProductName: Adobe Acrobat (64-bit)
[2026-07-10 13:50:38:0346] ProductVersion: 26.001.21691
[2026-07-10 13:50:38:0346] ProductUACPatching: enabled
[2026-07-10 13:50:38:0371] Using registered preference AUTO_ALL
[2026-07-10 13:50:38:0372] Last check for updates not expired, code: 120300
[2026-07-10 13:50:38:0374] Using registered preference AUTO_ALL
[2026-07-10 13:50:38:0374] Last check for updates not expired, code: 120300
[2026-07-10 13:50:38:0598] ARM returns ERROR_SUCCESS
[2026-07-10 13:50:38:0598] Adobe ARM 1.824.460.1149 logging finished.



[2026-07-10 14:33:29:0409] Adobe ARM 1.824.460.1149 logging started.
[2026-07-10 14:33:29:0410] Command Line: /PRODUCT:Acrobat /VERSION:26.0 /MODE:3
[2026-07-10 14:33:29:0435] ProductCode: {AC76BA86-1033-FFFF-7760-BC15014EA700}
[2026-07-10 14:33:29:0435] ProductName: Adobe Acrobat (64-bit)
[2026-07-10 14:33:29:0435] ProductVersion: 26.001.21691
[2026-07-10 14:33:29:0435] ProductUACPatching: enabled
[2026-07-10 14:33:29:0460] Using CommandLine preference AUTO_ALL
[2026-07-10 14:33:29:0462] Last check for updates not expired, code: 120300
[2026-07-10 14:33:29:0463] Using registered preference AUTO_ALL
[2026-07-10 14:33:29:0464] Last check for updates not expired, code: 120300
[2026-07-10 14:33:29:0684] ARM returns ERROR_SUCCESS
[2026-07-10 14:33:29:0684] Adobe ARM 1.824.460.1149 logging finished.



[2026-07-10 17:20:38:0329] Adobe ARM 1.824.460.1149 logging started.
[2026-07-10 17:20:38:0329] Command Line: 
[2026-07-10 17:20:38:0356] Too soon to check for arm update
[2026-07-10 17:20:38:0368] ProductCode: {AC76BA86-1033-FFFF-7760-BC15014EA700}
[2026-07-10 17:20:38:0368] ProductName: Adobe Acrobat (64-bit)
[2026-07-10 17:20:38:0368] ProductVersion: 26.001.21691
[2026-07-10 17:20:38:0368] ProductUACPatching: enabled
[2026-07-10 17:20:38:0394] Using registered preference AUTO_ALL
[2026-07-10 17:20:38:0395] Last check for updates not expired, code: 120300
[2026-07-10 17:20:38:0396] Using registered preference AUTO_ALL
[2026-07-10 17:20:38:0397] Last check for updates not expired, code: 120300
[2026-07-10 17:20:38:0616] ARM returns ERROR_SUCCESS
[2026-07-10 17:20:38:0616] Adobe ARM 1.824.460.1149 logging finished.



[2026-07-10 20:50:38:0437] Adobe ARM 1.824.460.1149 logging started.
[2026-07-10 20:50:38:0437] Command Line: 
[2026-07-10 20:50:38:0470] Too soon to check for arm update
[2026-07-10 20:50:38:0484] ProductCode: {AC76BA86-1033-FFFF-7760-BC15014EA700}
[2026-07-10 20:50:38:0484] ProductName: Adobe Acrobat (64-bit)
[2026-07-10 20:50:38:0484] ProductVersion: 26.001.21691
[2026-07-10 20:50:38:0484] ProductUACPatching: enabled
[2026-07-10 20:50:38:0512] Using registered preference AUTO_ALL
[2026-07-10 20:50:38:0512] Last check for updates not expired, code: 120300
[2026-07-10 20:50:38:0512] Using registered preference AUTO_ALL
[2026-07-10 20:50:38:0512] Last check for updates not expired, code: 120300
[2026-07-10 20:50:38:0734] ARM returns ERROR_SUCCESS
[2026-07-10 20:50:38:0734] Adobe ARM 1.824.460.1149 logging finished.



[2026-07-11 00:20:38:0307] Adobe ARM 1.824.460.1149 logging started.
[2026-07-11 00:20:38:0307] Command Line: 
[2026-07-11 00:20:38:0332] Too soon to check for arm update
[2026-07-11 00:20:38:0348] ProductCode: {AC76BA86-1033-FFFF-7760-BC15014EA700}
[2026-07-11 00:20:38:0348] ProductName: Adobe Acrobat (64-bit)
[2026-07-11 00:20:38:0348] ProductVersion: 26.001.21691
[2026-07-11 00:20:38:0348] ProductUACPatching: enabled
[2026-07-11 00:20:38:0364] Using registered preference AUTO_ALL
[2026-07-11 00:20:38:0364] Last check for updates not expired, code: 120300
[2026-07-11 00:20:38:0364] Using registered preference AUTO_ALL
[2026-07-11 00:20:38:0364] Last check for updates not expired, code: 120300
[2026-07-11 00:20:38:0602] ARM returns ERROR_SUCCESS
[2026-07-11 00:20:38:0602] Adobe ARM 1.824.460.1149 logging finished.



[2026-07-11 03:50:38:0332] Adobe ARM 1.824.460.1149 logging started.
[2026-07-11 03:50:38:0332] Command Line: 
[2026-07-11 03:50:38:0358] Too soon to check for arm update
[2026-07-11 03:50:38:0368] ProductCode: {AC76BA86-1033-FFFF-7760-BC15014EA700}
[2026-07-11 03:50:38:0368] ProductName: Adobe Acrobat (64-bit)
[2026-07-11 03:50:38:0368] ProductVersion: 26.001.21691
[2026-07-11 03:50:38:0368] ProductUACPatching: enabled
[2026-07-11 03:50:38:0396] Using registered preference AUTO_ALL
[2026-07-11 03:50:38:0397] Last check for updates not expired, code: 120300
[2026-07-11 03:50:38:0398] Using registered preference AUTO_ALL
[2026-07-11 03:50:38:0399] Last check for updates not expired, code: 120300
[2026-07-11 03:50:38:0629] ARM returns ERROR_SUCCESS
[2026-07-11 03:50:38:0629] Adobe ARM 1.824.460.1149 logging finished.



[2026-07-11 07:20:38:0303] Adobe ARM 1.824.460.1149 logging started.
[2026-07-11 07:20:38:0303] Command Line: 
[2026-07-11 07:20:38:0328] Too soon to check for arm update
[2026-07-11 07:20:38:0338] ProductCode: {AC76BA86-1033-FFFF-7760-BC15014EA700}
[2026-07-11 07:20:38:0339] ProductName: Adobe Acrobat (64-bit)
[2026-07-11 07:20:38:0339] ProductVersion: 26.001.21691
[2026-07-11 07:20:38:0339] ProductUACPatching: enabled
[2026-07-11 07:20:38:0365] Using registered preference AUTO_ALL
[2026-07-11 07:20:38:0366] Last check for updates not expired, code: 120300
[2026-07-11 07:20:38:0367] Using registered preference AUTO_ALL
[2026-07-11 07:20:38:0367] Last check for updates not expired, code: 120300
[2026-07-11 07:20:38:0597] ARM returns ERROR_SUCCESS
[2026-07-11 07:20:38:0597] Adobe ARM 1.824.460.1149 logging finished.



[2026-07-11 10:00:01:0275] Adobe ARM 1.824.460.1149 logging started.
[2026-07-11 10:00:01:0275] Command Line: 
[2026-07-11 10:00:01:0291] Too soon to check for arm update
[2026-07-11 10:00:01:0306] ProductCode: {AC76BA86-1033-FFFF-7760-BC15014EA700}
[2026-07-11 10:00:01:0306] ProductName: Adobe Acrobat (64-bit)
[2026-07-11 10:00:01:0306] ProductVersion: 26.001.21691
[2026-07-11 10:00:01:0306] ProductUACPatching: enabled
[2026-07-11 10:00:01:0322] Using registered preference AUTO_ALL
[2026-07-11 10:00:01:0322] Last check for updates not expired, code: 120300
[2026-07-11 10:00:01:0322] Using registered preference AUTO_ALL
[2026-07-11 10:00:01:0322] Last check for updates not expired, code: 120300
[2026-07-11 10:00:01:0560] ARM returns ERROR_SUCCESS
[2026-07-11 10:00:01:0560] Adobe ARM 1.824.460.1149 logging finished.



[2026-07-11 10:50:38:0324] Adobe ARM 1.824.460.1149 logging started.
[2026-07-11 10:50:38:0324] Command Line: 
[2026-07-11 10:50:38:0357] Too soon to check for arm update
[2026-07-11 10:50:38:0371] ProductCode: {AC76BA86-1033-FFFF-7760-BC15014EA700}
[2026-07-11 10:50:38:0371] ProductName: Adobe Acrobat (64-bit)
[2026-07-11 10:50:38:0371] ProductVersion: 26.001.21691
[2026-07-11 10:50:38:0371] ProductUACPatching: enabled
[2026-07-11 10:50:38:0401] Using registered preference AUTO_ALL
[2026-07-11 10:50:38:0403] Last check for updates not expired, code: 120300
[2026-07-11 10:50:38:0405] Using registered preference AUTO_ALL
[2026-07-11 10:50:38:0405] Last check for updates not expired, code: 120300
[2026-07-11 10:50:38:0634] ARM returns ERROR_SUCCESS
[2026-07-11 10:50:38:0634] Adobe ARM 1.824.460.1149 logging finished.



[2026-07-11 14:20:38:0309] Adobe ARM 1.824.460.1149 logging started.
[2026-07-11 14:20:38:0309] Command Line: 
[2026-07-11 14:20:38:0331] Too soon to check for arm update
[2026-07-11 14:20:38:0331] ProductCode: {AC76BA86-1033-FFFF-7760-BC15014EA700}
[2026-07-11 14:20:38:0331] ProductName: Adobe Acrobat (64-bit)
[2026-07-11 14:20:38:0331] ProductVersion: 26.001.21691
[2026-07-11 14:20:38:0331] ProductUACPatching: enabled
[2026-07-11 14:20:38:0368] Using registered preference AUTO_ALL
[2026-07-11 14:20:38:0369] Last check for updates not expired, code: 120300
[2026-07-11 14:20:38:0370] Using registered preference AUTO_ALL
[2026-07-11 14:20:38:0372] Last check for updates not expired, code: 120300
[2026-07-11 14:20:38:0592] ARM returns ERROR_SUCCESS
[2026-07-11 14:20:38:0592] Adobe ARM 1.824.460.1149 logging finished.



[2026-07-11 17:50:38:0473] Adobe ARM 1.824.460.1149 logging started.
[2026-07-11 17:50:38:0474] Command Line: 
[2026-07-11 17:50:38:0505] Too soon to check for arm update
[2026-07-11 17:50:38:0515] ProductCode: {AC76BA86-1033-FFFF-7760-BC15014EA700}
[2026-07-11 17:50:38:0515] ProductName: Adobe Acrobat (64-bit)
[2026-07-11 17:50:38:0515] ProductVersion: 26.001.21691
[2026-07-11 17:50:38:0515] ProductUACPatching: enabled
[2026-07-11 17:50:38:0530] Using registered preference AUTO_ALL
[2026-07-11 17:50:38:0530] Last check for updates not expired, code: 120300
[2026-07-11 17:50:38:0530] Using registered preference AUTO_ALL
[2026-07-11 17:50:38:0530] Last check for updates not expired, code: 120300
[2026-07-11 17:50:38:0775] ARM returns ERROR_SUCCESS
[2026-07-11 17:50:38:0775] Adobe ARM 1.824.460.1149 logging finished.



[2026-07-11 21:20:38:0333] Adobe ARM 1.824.460.1149 logging started.
[2026-07-11 21:20:38:0333] Command Line: 
[2026-07-11 21:20:38:0362] Too soon to check for arm update
[2026-07-11 21:20:38:0373] ProductCode: {AC76BA86-1033-FFFF-7760-BC15014EA700}
[2026-07-11 21:20:38:0373] ProductName: Adobe Acrobat (64-bit)
[2026-07-11 21:20:38:0373] ProductVersion: 26.001.21691
[2026-07-11 21:20:38:0373] ProductUACPatching: enabled
[2026-07-11 21:20:38:0394] Using registered preference AUTO_ALL
[2026-07-11 21:20:38:0395] Last check for updates not expired, code: 120300
[2026-07-11 21:20:38:0395] Using registered preference AUTO_ALL
[2026-07-11 21:20:38:0395] Last check for updates not expired, code: 120300
[2026-07-11 21:20:38:0612] ARM returns ERROR_SUCCESS
[2026-07-11 21:20:38:0612] Adobe ARM 1.824.460.1149 logging finished.



[2026-07-12 00:50:38:0308] Adobe ARM 1.824.460.1149 logging started.
[2026-07-12 00:50:38:0308] Command Line: 
[2026-07-12 00:50:38:0326] Too soon to check for arm update
[2026-07-12 00:50:38:0326] ProductCode: {AC76BA86-1033-FFFF-7760-BC15014EA700}
[2026-07-12 00:50:38:0326] ProductName: Adobe Acrobat (64-bit)
[2026-07-12 00:50:38:0326] ProductVersion: 26.001.21691
[2026-07-12 00:50:38:0326] ProductUACPatching: enabled
[2026-07-12 00:50:38:0358] Using registered preference AUTO_ALL
[2026-07-12 00:50:38:0358] Last check for updates not expired, code: 120300
[2026-07-12 00:50:38:0358] Using registered preference AUTO_ALL
[2026-07-12 00:50:38:0358] Last check for updates not expired, code: 120300
[2026-07-12 00:50:38:0596] ARM returns ERROR_SUCCESS
[2026-07-12 00:50:38:0596] Adobe ARM 1.824.460.1149 logging finished.



[2026-07-12 04:20:38:0298] Adobe ARM 1.824.460.1149 logging started.
[2026-07-12 04:20:38:0300] Command Line: 
[2026-07-12 04:20:38:0320] Too soon to check for arm update
[2026-07-12 04:20:38:0320] ProductCode: {AC76BA86-1033-FFFF-7760-BC15014EA700}
[2026-07-12 04:20:38:0320] ProductName: Adobe Acrobat (64-bit)
[2026-07-12 04:20:38:0320] ProductVersion: 26.001.21691
[2026-07-12 04:20:38:0320] ProductUACPatching: enabled
[2026-07-12 04:20:38:0353] Using registered preference AUTO_ALL
[2026-07-12 04:20:38:0353] Last check for updates not expired, code: 120300
[2026-07-12 04:20:38:0355] Using registered preference AUTO_ALL
[2026-07-12 04:20:38:0355] Last check for updates not expired, code: 120300
[2026-07-12 04:20:38:0570] ARM returns ERROR_SUCCESS
[2026-07-12 04:20:38:0570] Adobe ARM 1.824.460.1149 logging finished.



[2026-07-12 07:50:38:0461] Adobe ARM 1.824.460.1149 logging started.
[2026-07-12 07:50:38:0461] Command Line: 
[2026-07-12 07:50:38:0499] Too soon to check for arm update
[2026-07-12 07:50:38:0510] ProductCode: {AC76BA86-1033-FFFF-7760-BC15014EA700}
[2026-07-12 07:50:38:0510] ProductName: Adobe Acrobat (64-bit)
[2026-07-12 07:50:38:0510] ProductVersion: 26.001.21691
[2026-07-12 07:50:38:0510] ProductUACPatching: enabled
[2026-07-12 07:50:38:0532] Using registered preference AUTO_ALL
[2026-07-12 07:50:38:0532] Last check for updates not expired, code: 120300
[2026-07-12 07:50:38:0534] Using registered preference AUTO_ALL
[2026-07-12 07:50:38:0534] Last check for updates not expired, code: 120300
[2026-07-12 07:50:38:0765] ARM returns ERROR_SUCCESS
[2026-07-12 07:50:38:0765] Adobe ARM 1.824.460.1149 logging finished.



[2026-07-12 10:00:01:0277] Adobe ARM 1.824.460.1149 logging started.
[2026-07-12 10:00:01:0277] Command Line: 
[2026-07-12 10:00:01:0305] Too soon to check for arm update
[2026-07-12 10:00:01:0318] ProductCode: {AC76BA86-1033-FFFF-7760-BC15014EA700}
[2026-07-12 10:00:01:0318] ProductName: Adobe Acrobat (64-bit)
[2026-07-12 10:00:01:0318] ProductVersion: 26.001.21691
[2026-07-12 10:00:01:0318] ProductUACPatching: enabled
[2026-07-12 10:00:01:0342] Using registered preference AUTO_ALL
[2026-07-12 10:00:01:0344] Last check for updates not expired, code: 120300
[2026-07-12 10:00:01:0346] Using registered preference AUTO_ALL
[2026-07-12 10:00:01:0347] Last check for updates not expired, code: 120300
[2026-07-12 10:00:01:0571] ARM returns ERROR_SUCCESS
[2026-07-12 10:00:01:0571] Adobe ARM 1.824.460.1149 logging finished.



[2026-07-12 11:20:38:0417] Adobe ARM 1.824.460.1149 logging started.
[2026-07-12 11:20:38:0417] Command Line: 
[2026-07-12 11:20:38:0453] Too soon to check for arm update
[2026-07-12 11:20:38:0461] ProductCode: {AC76BA86-1033-FFFF-7760-BC15014EA700}
[2026-07-12 11:20:38:0463] ProductName: Adobe Acrobat (64-bit)
[2026-07-12 11:20:38:0463] ProductVersion: 26.001.21691
[2026-07-12 11:20:38:0463] ProductUACPatching: enabled
[2026-07-12 11:20:38:0485] Using registered preference AUTO_ALL
[2026-07-12 11:20:38:0487] Last check for updates not expired, code: 120300
[2026-07-12 11:20:38:0487] Using registered preference AUTO_ALL
[2026-07-12 11:20:38:0489] Last check for updates not expired, code: 120300
[2026-07-12 11:20:38:0715] ARM returns ERROR_SUCCESS
[2026-07-12 11:20:38:0715] Adobe ARM 1.824.460.1149 logging finished.



[2026-07-12 14:50:38:0317] Adobe ARM 1.824.460.1149 logging started.
[2026-07-12 14:50:38:0317] Command Line: 
[2026-07-12 14:50:38:0342] Too soon to check for arm update
[2026-07-12 14:50:38:0351] ProductCode: {AC76BA86-1033-FFFF-7760-BC15014EA700}
[2026-07-12 14:50:38:0351] ProductName: Adobe Acrobat (64-bit)
[2026-07-12 14:50:38:0351] ProductVersion: 26.001.21691
[2026-07-12 14:50:38:0351] ProductUACPatching: enabled
[2026-07-12 14:50:38:0363] Using registered preference AUTO_ALL
[2026-07-12 14:50:38:0363] Last check for updates not expired, code: 120300
[2026-07-12 14:50:38:0363] Using registered preference AUTO_ALL
[2026-07-12 14:50:38:0363] Last check for updates not expired, code: 120300
[2026-07-12 14:50:38:0612] ARM returns ERROR_SUCCESS
[2026-07-12 14:50:38:0612] Adobe ARM 1.824.460.1149 logging finished.



[2026-07-12 18:20:38:0462] Adobe ARM 1.824.460.1149 logging started.
[2026-07-12 18:20:38:0462] Command Line: 
[2026-07-12 18:20:38:0487] Too soon to check for arm update
[2026-07-12 18:20:38:0497] ProductCode: {AC76BA86-1033-FFFF-7760-BC15014EA700}
[2026-07-12 18:20:38:0497] ProductName: Adobe Acrobat (64-bit)
[2026-07-12 18:20:38:0497] ProductVersion: 26.001.21691
[2026-07-12 18:20:38:0497] ProductUACPatching: enabled
[2026-07-12 18:20:38:0521] Using registered preference AUTO_ALL
[2026-07-12 18:20:38:0521] Last check for updates not expired, code: 120300
[2026-07-12 18:20:38:0521] Using registered preference AUTO_ALL
[2026-07-12 18:20:38:0521] Last check for updates not expired, code: 120300
[2026-07-12 18:20:38:0762] ARM returns ERROR_SUCCESS
[2026-07-12 18:20:38:0762] Adobe ARM 1.824.460.1149 logging finished.



[2026-07-12 21:50:38:0462] Adobe ARM 1.824.460.1149 logging started.
[2026-07-12 21:50:38:0462] Command Line: 
[2026-07-12 21:50:38:0480] Too soon to check for arm update
[2026-07-12 21:50:38:0495] ProductCode: {AC76BA86-1033-FFFF-7760-BC15014EA700}
[2026-07-12 21:50:38:0495] ProductName: Adobe Acrobat (64-bit)
[2026-07-12 21:50:38:0495] ProductVersion: 26.001.21691
[2026-07-12 21:50:38:0495] ProductUACPatching: enabled
[2026-07-12 21:50:38:0516] Using registered preference AUTO_ALL
[2026-07-12 21:50:38:0516] Last check for updates not expired, code: 120300
[2026-07-12 21:50:38:0516] Using registered preference AUTO_ALL
[2026-07-12 21:50:38:0516] Last check for updates not expired, code: 120300
[2026-07-12 21:50:38:0754] ARM returns ERROR_SUCCESS
[2026-07-12 21:50:38:0754] Adobe ARM 1.824.460.1149 logging finished.



[2026-07-13 01:20:38:0521] Adobe ARM 1.824.460.1149 logging started.
[2026-07-13 01:20:38:0521] Command Line: 
[2026-07-13 01:20:43:0842] Newer version ARM update is not available
[2026-07-13 01:20:43:0866] ProductCode: {AC76BA86-1033-FFFF-7760-BC15014EA700}
[2026-07-13 01:20:43:0866] ProductName: Adobe Acrobat (64-bit)
[2026-07-13 01:20:43:0866] ProductVersion: 26.001.21691
[2026-07-13 01:20:43:0866] ProductUACPatching: enabled
[2026-07-13 01:20:44:0275] Using registered preference AUTO_ALL
[2026-07-13 01:20:46:0773] MDOV1615
[2026-07-13 01:20:46:0775] No files in Session, setting NO_UPDATES mode
[2026-07-13 01:20:46:0819] Using registered preference AUTO_ALL
[2026-07-13 01:20:48:0174] MDOV1615
[2026-07-13 01:20:48:0177] No files in Session, setting NO_UPDATES mode
[2026-07-13 01:20:48:0453] ARM returns ERROR_SUCCESS
[2026-07-13 01:20:48:0453] Adobe ARM 1.824.460.1149 logging finished.



[2026-07-13 04:50:38:0295] Adobe ARM 1.824.460.1149 logging started.
[2026-07-13 04:50:38:0295] Command Line: 
[2026-07-13 04:50:38:0333] Too soon to check for arm update
[2026-07-13 04:50:38:0339] ProductCode: {AC76BA86-1033-FFFF-7760-BC15014EA700}
[2026-07-13 04:50:38:0339] ProductName: Adobe Acrobat (64-bit)
[2026-07-13 04:50:38:0339] ProductVersion: 26.001.21691
[2026-07-13 04:50:38:0339] ProductUACPatching: enabled
[2026-07-13 04:50:38:0365] Using registered preference AUTO_ALL
[2026-07-13 04:50:38:0365] Last check for updates not expired, code: 120300
[2026-07-13 04:50:38:0365] Using registered preference AUTO_ALL
[2026-07-13 04:50:38:0365] Last check for updates not expired, code: 120300
[2026-07-13 04:50:38:0608] ARM returns ERROR_SUCCESS
[2026-07-13 04:50:38:0608] Adobe ARM 1.824.460.1149 logging finished.



[2026-07-13 08:20:38:0303] Adobe ARM 1.824.460.1149 logging started.
[2026-07-13 08:20:38:0303] Command Line: 
[2026-07-13 08:20:38:0326] Too soon to check for arm update
[2026-07-13 08:20:38:0334] ProductCode: {AC76BA86-1033-FFFF-7760-BC15014EA700}
[2026-07-13 08:20:38:0334] ProductName: Adobe Acrobat (64-bit)
[2026-07-13 08:20:38:0334] ProductVersion: 26.001.21691
[2026-07-13 08:20:38:0334] ProductUACPatching: enabled
[2026-07-13 08:20:38:0350] Using registered preference AUTO_ALL
[2026-07-13 08:20:38:0350] Last check for updates not expired, code: 120300
[2026-07-13 08:20:38:0350] Using registered preference AUTO_ALL
[2026-07-13 08:20:38:0350] Last check for updates not expired, code: 120300
[2026-07-13 08:20:38:0594] ARM returns ERROR_SUCCESS
[2026-07-13 08:20:38:0594] Adobe ARM 1.824.460.1149 logging finished.



[2026-07-13 10:00:01:0557] Adobe ARM 1.824.460.1149 logging started.
[2026-07-13 10:00:01:0557] Command Line: 
[2026-07-13 10:00:01:0578] Too soon to check for arm update
[2026-07-13 10:00:01:0587] ProductCode: {AC76BA86-1033-FFFF-7760-BC15014EA700}
[2026-07-13 10:00:01:0587] ProductName: Adobe Acrobat (64-bit)
[2026-07-13 10:00:01:0587] ProductVersion: 26.001.21691
[2026-07-13 10:00:01:0587] ProductUACPatching: enabled
[2026-07-13 10:00:01:0607] Using registered preference AUTO_ALL
[2026-07-13 10:00:01:0608] Last check for updates not expired, code: 120300
[2026-07-13 10:00:01:0609] Using registered preference AUTO_ALL
[2026-07-13 10:00:01:0609] Last check for updates not expired, code: 120300
[2026-07-13 10:00:01:0838] ARM returns ERROR_SUCCESS
[2026-07-13 10:00:01:0838] Adobe ARM 1.824.460.1149 logging finished.



[2026-07-13 11:50:38:0311] Adobe ARM 1.824.460.1149 logging started.
[2026-07-13 11:50:38:0311] Command Line: 
[2026-07-13 11:50:38:0338] Too soon to check for arm update
[2026-07-13 11:50:38:0370] ProductCode: {AC76BA86-1033-FFFF-7760-BC15014EA700}
[2026-07-13 11:50:38:0370] ProductName: Adobe Acrobat (64-bit)
[2026-07-13 11:50:38:0370] ProductVersion: 26.001.21691
[2026-07-13 11:50:38:0370] ProductUACPatching: enabled
[2026-07-13 11:50:38:0397] Using registered preference AUTO_ALL
[2026-07-13 11:50:38:0398] Last check for updates not expired, code: 120300
[2026-07-13 11:50:38:0399] Using registered preference AUTO_ALL
[2026-07-13 11:50:38:0400] Last check for updates not expired, code: 120300
[2026-07-13 11:50:38:0635] ARM returns ERROR_SUCCESS
[2026-07-13 11:50:38:0635] Adobe ARM 1.824.460.1149 logging finished.



[2026-07-13 14:22:48:0540] Adobe ARM 1.824.460.1149 logging started.
[2026-07-13 14:22:48:0540] Command Line: /PRODUCT:Acrobat /VERSION:26.0 /MODE:3
[2026-07-13 14:22:48:0584] ProductCode: {AC76BA86-1033-FFFF-7760-BC15014EA700}
[2026-07-13 14:22:48:0584] ProductName: Adobe Acrobat (64-bit)
[2026-07-13 14:22:48:0584] ProductVersion: 26.001.21691
[2026-07-13 14:22:48:0584] ProductUACPatching: enabled
[2026-07-13 14:22:48:0603] Using CommandLine preference AUTO_ALL
[2026-07-13 14:22:48:0603] Last check for updates not expired, code: 120300
[2026-07-13 14:22:48:0603] Using registered preference AUTO_ALL
[2026-07-13 14:22:48:0603] Last check for updates not expired, code: 120300
[2026-07-13 14:22:48:0842] ARM returns ERROR_SUCCESS
[2026-07-13 14:22:48:0842] Adobe ARM 1.824.460.1149 logging finished.



[2026-07-13 14:23:30:0883] Adobe ARM 1.824.460.1149 logging started.
[2026-07-13 14:23:30:0883] Command Line: /PRODUCT:Acrobat /VERSION:26.0 /MODE:3
[2026-07-13 14:23:30:0907] ProductCode: {AC76BA86-1033-FFFF-7760-BC15014EA700}
[2026-07-13 14:23:30:0907] ProductName: Adobe Acrobat (64-bit)
[2026-07-13 14:23:30:0907] ProductVersion: 26.001.21691
[2026-07-13 14:23:30:0907] ProductUACPatching: enabled
[2026-07-13 14:23:30:0931] Using CommandLine preference AUTO_ALL
[2026-07-13 14:23:30:0933] Last check for updates not expired, code: 120300
[2026-07-13 14:23:30:0934] Using registered preference AUTO_ALL
[2026-07-13 14:23:30:0935] Last check for updates not expired, code: 120300
[2026-07-13 14:23:31:0166] ARM returns ERROR_SUCCESS
[2026-07-13 14:23:31:0166] Adobe ARM 1.824.460.1149 logging finished.



[2026-07-13 14:24:34:0944] Adobe ARM 1.824.460.1149 logging started.
[2026-07-13 14:24:34:0944] Command Line: /PRODUCT:Acrobat /VERSION:26.0 /MODE:3
[2026-07-13 14:24:34:0975] ProductCode: {AC76BA86-1033-FFFF-7760-BC15014EA700}
[2026-07-13 14:24:34:0978] ProductName: Adobe Acrobat (64-bit)
[2026-07-13 14:24:34:0978] ProductVersion: 26.001.21691
[2026-07-13 14:24:34:0978] ProductUACPatching: enabled
[2026-07-13 14:24:34:0991] Using CommandLine preference AUTO_ALL
[2026-07-13 14:24:34:0991] Last check for updates not expired, code: 120300
[2026-07-13 14:24:34:0991] Using registered preference AUTO_ALL
[2026-07-13 14:24:34:0991] Last check for updates not expired, code: 120300
[2026-07-13 14:24:35:0230] ARM returns ERROR_SUCCESS
[2026-07-13 14:24:35:0230] Adobe ARM 1.824.460.1149 logging finished.



[2026-07-13 15:20:38:0463] Adobe ARM 1.824.460.1149 logging started.
[2026-07-13 15:20:38:0463] Command Line: 
[2026-07-13 15:20:38:0492] Too soon to check for arm update
[2026-07-13 15:20:38:0506] ProductCode: {AC76BA86-1033-FFFF-7760-BC15014EA700}
[2026-07-13 15:20:38:0506] ProductName: Adobe Acrobat (64-bit)
[2026-07-13 15:20:38:0506] ProductVersion: 26.001.21691
[2026-07-13 15:20:38:0506] ProductUACPatching: enabled
[2026-07-13 15:20:38:0532] Using registered preference AUTO_ALL
[2026-07-13 15:20:38:0533] Last check for updates not expired, code: 120300
[2026-07-13 15:20:38:0534] Using registered preference AUTO_ALL
[2026-07-13 15:20:38:0534] Last check for updates not expired, code: 120300
[2026-07-13 15:20:38:0756] ARM returns ERROR_SUCCESS
[2026-07-13 15:20:38:0756] Adobe ARM 1.824.460.1149 logging finished.



[2026-07-13 16:43:32:0270] Adobe ARM 1.824.460.1149 logging started.
[2026-07-13 16:43:32:0270] Command Line: /PRODUCT:Acrobat /VERSION:26.0 /MODE:3
[2026-07-13 16:43:32:0303] ProductCode: {AC76BA86-1033-FFFF-7760-BC15014EA700}
[2026-07-13 16:43:32:0303] ProductName: Adobe Acrobat (64-bit)
[2026-07-13 16:43:32:0303] ProductVersion: 26.001.21691
[2026-07-13 16:43:32:0303] ProductUACPatching: enabled
[2026-07-13 16:43:32:0335] Using CommandLine preference AUTO_ALL
[2026-07-13 16:43:32:0338] Last check for updates not expired, code: 120300
[2026-07-13 16:43:32:0342] Using registered preference AUTO_ALL
[2026-07-13 16:43:32:0342] Last check for updates not expired, code: 120300
[2026-07-13 16:43:32:0606] ARM returns ERROR_SUCCESS
[2026-07-13 16:43:32:0606] Adobe ARM 1.824.460.1149 logging finished.



[2026-07-14 09:09:14:0904] Adobe ARM 1.824.460.1149 logging started.
[2026-07-14 09:09:14:0904] Command Line: 
[2026-07-14 09:09:14:0925] Too soon to check for arm update
[2026-07-14 09:09:14:0941] ProductCode: {AC76BA86-1033-FFFF-7760-BC15014EA700}
[2026-07-14 09:09:14:0941] ProductName: Adobe Acrobat (64-bit)
[2026-07-14 09:09:14:0941] ProductVersion: 26.001.21691
[2026-07-14 09:09:14:0942] ProductUACPatching: enabled
[2026-07-14 09:09:15:0598] Using registered preference AUTO_ALL
[2026-07-14 09:09:15:0599] Last check for updates not expired, code: 120300
[2026-07-14 09:09:15:0601] Using registered preference AUTO_ALL
[2026-07-14 09:09:15:0602] Last check for updates not expired, code: 120300
[2026-07-14 09:09:15:0831] ARM returns ERROR_SUCCESS
[2026-07-14 09:09:15:0832] Adobe ARM 1.824.460.1149 logging finished.



[2026-07-14 10:00:01:0291] Adobe ARM 1.824.460.1149 logging started.
[2026-07-14 10:00:01:0291] Command Line: 
[2026-07-14 10:00:01:0307] Too soon to check for arm update
[2026-07-14 10:00:01:0307] ProductCode: {AC76BA86-1033-FFFF-7760-BC15014EA700}
[2026-07-14 10:00:01:0307] ProductName: Adobe Acrobat (64-bit)
[2026-07-14 10:00:01:0307] ProductVersion: 26.001.21691
[2026-07-14 10:00:01:0307] ProductUACPatching: enabled
[2026-07-14 10:00:01:0323] Using registered preference AUTO_ALL
[2026-07-14 10:00:01:0323] Last check for updates not expired, code: 120300
[2026-07-14 10:00:01:0338] Using registered preference AUTO_ALL
[2026-07-14 10:00:01:0338] Last check for updates not expired, code: 120300
[2026-07-14 10:00:01:0546] ARM returns ERROR_SUCCESS
[2026-07-14 10:00:01:0546] Adobe ARM 1.824.460.1149 logging finished.



[2026-07-14 11:05:57:0063] Adobe ARM 1.824.460.1149 logging started.
[2026-07-14 11:05:57:0063] Command Line: /PRODUCT:Acrobat /VERSION:26.0 /MODE:3
[2026-07-14 11:05:57:0089] ProductCode: {AC76BA86-1033-FFFF-7760-BC15014EA700}
[2026-07-14 11:05:57:0089] ProductName: Adobe Acrobat (64-bit)
[2026-07-14 11:05:57:0089] ProductVersion: 26.001.21691
[2026-07-14 11:05:57:0089] ProductUACPatching: enabled
[2026-07-14 11:05:57:0126] Using CommandLine preference AUTO_ALL
[2026-07-14 11:05:57:0130] Last check for updates not expired, code: 120300
[2026-07-14 11:05:57:0132] Using registered preference AUTO_ALL
[2026-07-14 11:05:57:0134] Last check for updates not expired, code: 120300
[2026-07-14 11:05:57:0360] ARM returns ERROR_SUCCESS
[2026-07-14 11:05:57:0360] Adobe ARM 1.824.460.1149 logging finished.



[2026-07-14 12:39:14:0804] Adobe ARM 1.824.460.1149 logging started.
[2026-07-14 12:39:14:0805] Command Line: 
[2026-07-14 12:39:14:0835] Too soon to check for arm update
[2026-07-14 12:39:14:0851] ProductCode: {AC76BA86-1033-FFFF-7760-BC15014EA700}
[2026-07-14 12:39:14:0851] ProductName: Adobe Acrobat (64-bit)
[2026-07-14 12:39:14:0851] ProductVersion: 26.001.21691
[2026-07-14 12:39:14:0851] ProductUACPatching: enabled
[2026-07-14 12:39:14:0892] Using registered preference AUTO_ALL
[2026-07-14 12:39:14:0893] Last check for updates not expired, code: 120300
[2026-07-14 12:39:14:0894] Using registered preference AUTO_ALL
[2026-07-14 12:39:14:0895] Last check for updates not expired, code: 120300
[2026-07-14 12:39:15:0117] ARM returns ERROR_SUCCESS
[2026-07-14 12:39:15:0117] Adobe ARM 1.824.460.1149 logging finished.



[2026-07-14 13:51:42:0272] Adobe ARM 1.824.460.1149 logging started.
[2026-07-14 13:51:42:0272] Command Line: /PRODUCT:Acrobat /VERSION:26.0 /MODE:3
[2026-07-14 13:51:42:0286] ProductCode: {AC76BA86-1033-FFFF-7760-BC15014EA700}
[2026-07-14 13:51:42:0286] ProductName: Adobe Acrobat (64-bit)
[2026-07-14 13:51:42:0286] ProductVersion: 26.001.21691
[2026-07-14 13:51:42:0286] ProductUACPatching: enabled
[2026-07-14 13:51:42:0301] Using CommandLine preference AUTO_ALL
[2026-07-14 13:51:42:0301] Last check for updates not expired, code: 120300
[2026-07-14 13:51:42:0301] Using registered preference AUTO_ALL
[2026-07-14 13:51:42:0301] Last check for updates not expired, code: 120300
[2026-07-14 13:51:42:0537] ARM returns ERROR_SUCCESS
[2026-07-14 13:51:42:0537] Adobe ARM 1.824.460.1149 logging finished.



[2026-07-14 15:05:38:0680] Adobe ARM 1.824.460.1149 logging started.
[2026-07-14 15:05:38:0680] Command Line: /PRODUCT:Acrobat /VERSION:26.0 /MODE:3
[2026-07-14 15:05:38:0705] ProductCode: {AC76BA86-1033-FFFF-7760-BC15014EA700}
[2026-07-14 15:05:38:0705] ProductName: Adobe Acrobat (64-bit)
[2026-07-14 15:05:38:0705] ProductVersion: 26.001.21691
[2026-07-14 15:05:38:0705] ProductUACPatching: enabled
[2026-07-14 15:05:38:0730] Using CommandLine preference AUTO_ALL
[2026-07-14 15:05:38:0732] Last check for updates not expired, code: 120300
[2026-07-14 15:05:38:0732] Using registered preference AUTO_ALL
[2026-07-14 15:05:38:0732] Last check for updates not expired, code: 120300
[2026-07-14 15:05:38:0961] ARM returns ERROR_SUCCESS
[2026-07-14 15:05:38:0961] Adobe ARM 1.824.460.1149 logging finished.



[2026-07-14 15:06:18:0799] Adobe ARM 1.824.460.1149 logging started.
[2026-07-14 15:06:18:0799] Command Line: /PRODUCT:Acrobat /VERSION:26.0 /MODE:3
[2026-07-14 15:06:18:0819] ProductCode: {AC76BA86-1033-FFFF-7760-BC15014EA700}
[2026-07-14 15:06:18:0819] ProductName: Adobe Acrobat (64-bit)
[2026-07-14 15:06:18:0819] ProductVersion: 26.001.21691
[2026-07-14 15:06:18:0819] ProductUACPatching: enabled
[2026-07-14 15:06:18:0835] Using CommandLine preference AUTO_ALL
[2026-07-14 15:06:18:0835] Last check for updates not expired, code: 120300
[2026-07-14 15:06:18:0835] Using registered preference AUTO_ALL
[2026-07-14 15:06:18:0835] Last check for updates not expired, code: 120300
[2026-07-14 15:06:19:0074] ARM returns ERROR_SUCCESS
[2026-07-14 15:06:19:0074] Adobe ARM 1.824.460.1149 logging finished.



[2026-07-14 16:09:14:0787] Adobe ARM 1.824.460.1149 logging started.
[2026-07-14 16:09:14:0787] Command Line: 
[2026-07-14 16:09:14:0809] Too soon to check for arm update
[2026-07-14 16:09:14:0818] ProductCode: {AC76BA86-1033-FFFF-7760-BC15014EA700}
[2026-07-14 16:09:14:0818] ProductName: Adobe Acrobat (64-bit)
[2026-07-14 16:09:14:0818] ProductVersion: 26.001.21691
[2026-07-14 16:09:14:0818] ProductUACPatching: enabled
[2026-07-14 16:09:14:0839] Using registered preference AUTO_ALL
[2026-07-14 16:09:14:0840] Last check for updates not expired, code: 120300
[2026-07-14 16:09:14:0841] Using registered preference AUTO_ALL
[2026-07-14 16:09:14:0842] Last check for updates not expired, code: 120300
[2026-07-14 16:09:15:0046] ARM returns ERROR_SUCCESS
[2026-07-14 16:09:15:0046] Adobe ARM 1.824.460.1149 logging finished.



[2026-07-14 19:39:14:0768] Adobe ARM 1.824.460.1149 logging started.
[2026-07-14 19:39:14:0768] Command Line: 
[2026-07-14 19:39:14:0784] Too soon to check for arm update
[2026-07-14 19:39:14:0800] ProductCode: {AC76BA86-1033-FFFF-7760-BC15014EA700}
[2026-07-14 19:39:14:0800] ProductName: Adobe Acrobat (64-bit)
[2026-07-14 19:39:14:0800] ProductVersion: 26.001.21691
[2026-07-14 19:39:14:0800] ProductUACPatching: enabled
[2026-07-14 19:39:14:0815] Using registered preference AUTO_ALL
[2026-07-14 19:39:14:0815] Last check for updates not expired, code: 120300
[2026-07-14 19:39:14:0815] Using registered preference AUTO_ALL
[2026-07-14 19:39:14:0815] Last check for updates not expired, code: 120300
[2026-07-14 19:39:15:0055] ARM returns ERROR_SUCCESS
[2026-07-14 19:39:15:0055] Adobe ARM 1.824.460.1149 logging finished.



[2026-07-14 23:09:14:0794] Adobe ARM 1.824.460.1149 logging started.
[2026-07-14 23:09:14:0794] Command Line: 
[2026-07-14 23:09:14:0807] Too soon to check for arm update
[2026-07-14 23:09:14:0825] ProductCode: {AC76BA86-1033-FFFF-7760-BC15014EA700}
[2026-07-14 23:09:14:0825] ProductName: Adobe Acrobat (64-bit)
[2026-07-14 23:09:14:0825] ProductVersion: 26.001.21691
[2026-07-14 23:09:14:0825] ProductUACPatching: enabled
[2026-07-14 23:09:14:0839] Using registered preference AUTO_ALL
[2026-07-14 23:09:14:0839] Last check for updates not expired, code: 120300
[2026-07-14 23:09:14:0839] Using registered preference AUTO_ALL
[2026-07-14 23:09:14:0839] Last check for updates not expired, code: 120300
[2026-07-14 23:09:15:0077] ARM returns ERROR_SUCCESS
[2026-07-14 23:09:15:0077] Adobe ARM 1.824.460.1149 logging finished.



[2026-07-15 09:12:47:0317] Adobe ARM 1.824.460.1149 logging started.
[2026-07-15 09:12:47:0317] Command Line: /PRODUCT:Acrobat /VERSION:26.0 /MODE:3
[2026-07-15 09:12:47:0347] ProductCode: {AC76BA86-1033-FFFF-7760-BC15014EA700}
[2026-07-15 09:12:47:0347] ProductName: Adobe Acrobat (64-bit)
[2026-07-15 09:12:47:0347] ProductVersion: 26.001.21691
[2026-07-15 09:12:47:0347] ProductUACPatching: enabled
[2026-07-15 09:12:47:0857] Using CommandLine preference AUTO_ALL
[2026-07-15 09:12:47:0862] Last check for updates not expired, code: 120300
[2026-07-15 09:12:47:0863] Using registered preference AUTO_ALL
[2026-07-15 09:12:47:0864] Last check for updates not expired, code: 120300
[2026-07-15 09:12:48:0099] ARM returns ERROR_SUCCESS
[2026-07-15 09:12:48:0099] Adobe ARM 1.824.460.1149 logging finished.



[2026-07-15 09:18:56:0479] Adobe ARM 1.824.460.1149 logging started.
[2026-07-15 09:18:56:0479] Command Line: 
[2026-07-15 09:18:56:0507] Too soon to check for arm update
[2026-07-15 09:18:56:0507] ProductCode: {AC76BA86-1033-FFFF-7760-BC15014EA700}
[2026-07-15 09:18:56:0507] ProductName: Adobe Acrobat (64-bit)
[2026-07-15 09:18:56:0507] ProductVersion: 26.001.21691
[2026-07-15 09:18:56:0507] ProductUACPatching: enabled
[2026-07-15 09:18:56:0539] Using registered preference AUTO_ALL
[2026-07-15 09:18:56:0539] Last check for updates not expired, code: 120300
[2026-07-15 09:18:56:0539] Using registered preference AUTO_ALL
[2026-07-15 09:18:56:0539] Last check for updates not expired, code: 120300
[2026-07-15 09:18:56:0761] ARM returns ERROR_SUCCESS
[2026-07-15 09:18:56:0761] Adobe ARM 1.824.460.1149 logging finished.



[2026-07-15 09:53:34:0399] Adobe ARM 1.824.460.1149 logging started.
[2026-07-15 09:53:34:0399] Command Line: /PRODUCT:Acrobat /VERSION:26.0 /MODE:3
[2026-07-15 09:53:34:0416] ProductCode: {AC76BA86-1033-FFFF-7760-BC15014EA700}
[2026-07-15 09:53:34:0416] ProductName: Adobe Acrobat (64-bit)
[2026-07-15 09:53:34:0416] ProductVersion: 26.001.21691
[2026-07-15 09:53:34:0416] ProductUACPatching: enabled
[2026-07-15 09:53:34:0440] Using CommandLine preference AUTO_ALL
[2026-07-15 09:53:34:0440] Last check for updates not expired, code: 120300
[2026-07-15 09:53:34:0449] Using registered preference AUTO_ALL
[2026-07-15 09:53:34:0449] Last check for updates not expired, code: 120300
[2026-07-15 09:53:34:0679] ARM returns ERROR_SUCCESS
[2026-07-15 09:53:34:0679] Adobe ARM 1.824.460.1149 logging finished.



[2026-07-15 09:54:08:0700] Adobe ARM 1.824.460.1149 logging started.
[2026-07-15 09:54:08:0700] Command Line: /PRODUCT:Acrobat /VERSION:26.0 /MODE:3
[2026-07-15 09:54:08:0733] ProductCode: {AC76BA86-1033-FFFF-7760-BC15014EA700}
[2026-07-15 09:54:08:0733] ProductName: Adobe Acrobat (64-bit)
[2026-07-15 09:54:08:0733] ProductVersion: 26.001.21691
[2026-07-15 09:54:08:0733] ProductUACPatching: enabled
[2026-07-15 09:54:08:0749] Using CommandLine preference AUTO_ALL
[2026-07-15 09:54:08:0749] Last check for updates not expired, code: 120300
[2026-07-15 09:54:08:0758] Using registered preference AUTO_ALL
[2026-07-15 09:54:08:0758] Last check for updates not expired, code: 120300
[2026-07-15 09:54:08:0964] ARM returns ERROR_SUCCESS
[2026-07-15 09:54:08:0964] Adobe ARM 1.824.460.1149 logging finished.



[2026-07-15 10:00:01:0530] Adobe ARM 1.824.460.1149 logging started.
[2026-07-15 10:00:01:0530] Command Line: 
[2026-07-15 10:00:01:0551] Too soon to check for arm update
[2026-07-15 10:00:01:0560] ProductCode: {AC76BA86-1033-FFFF-7760-BC15014EA700}
[2026-07-15 10:00:01:0560] ProductName: Adobe Acrobat (64-bit)
[2026-07-15 10:00:01:0560] ProductVersion: 26.001.21691
[2026-07-15 10:00:01:0560] ProductUACPatching: enabled
[2026-07-15 10:00:01:0579] Using registered preference AUTO_ALL
[2026-07-15 10:00:01:0580] Last check for updates not expired, code: 120300
[2026-07-15 10:00:01:0581] Using registered preference AUTO_ALL
[2026-07-15 10:00:01:0581] Last check for updates not expired, code: 120300
[2026-07-15 10:00:01:0794] ARM returns ERROR_SUCCESS
[2026-07-15 10:00:01:0794] Adobe ARM 1.824.460.1149 logging finished.



[2026-07-15 12:48:56:0481] Adobe ARM 1.824.460.1149 logging started.
[2026-07-15 12:48:56:0481] Command Line: 
[2026-07-15 12:48:56:0502] Too soon to check for arm update
[2026-07-15 12:48:56:0519] ProductCode: {AC76BA86-1033-FFFF-7760-BC15014EA700}
[2026-07-15 12:48:56:0519] ProductName: Adobe Acrobat (64-bit)
[2026-07-15 12:48:56:0519] ProductVersion: 26.001.21691
[2026-07-15 12:48:56:0519] ProductUACPatching: enabled
[2026-07-15 12:48:56:0544] Using registered preference AUTO_ALL
[2026-07-15 12:48:56:0546] Last check for updates not expired, code: 120300
[2026-07-15 12:48:56:0546] Using registered preference AUTO_ALL
[2026-07-15 12:48:56:0546] Last check for updates not expired, code: 120300
[2026-07-15 12:48:56:0761] ARM returns ERROR_SUCCESS
[2026-07-15 12:48:56:0761] Adobe ARM 1.824.460.1149 logging finished.



[2026-07-15 13:44:23:0294] Adobe ARM 1.824.460.1149 logging started.
[2026-07-15 13:44:23:0294] Command Line: /PRODUCT:Acrobat /VERSION:26.0 /MODE:3
[2026-07-15 13:44:23:0317] ProductCode: {AC76BA86-1033-FFFF-7760-BC15014EA700}
[2026-07-15 13:44:23:0317] ProductName: Adobe Acrobat (64-bit)
[2026-07-15 13:44:23:0317] ProductVersion: 26.001.21691
[2026-07-15 13:44:23:0317] ProductUACPatching: enabled
[2026-07-15 13:44:23:0341] Using CommandLine preference AUTO_ALL
[2026-07-15 13:44:23:0346] Last check for updates not expired, code: 120300
[2026-07-15 13:44:23:0347] Using registered preference AUTO_ALL
[2026-07-15 13:44:23:0348] Last check for updates not expired, code: 120300
[2026-07-15 13:44:23:0568] ARM returns ERROR_SUCCESS
[2026-07-15 13:44:23:0568] Adobe ARM 1.824.460.1149 logging finished.



[2026-07-15 16:18:56:0484] Adobe ARM 1.824.460.1149 logging started.
[2026-07-15 16:18:56:0485] Command Line: 
[2026-07-15 16:18:56:0509] Too soon to check for arm update
[2026-07-15 16:18:56:0518] ProductCode: {AC76BA86-1033-FFFF-7760-BC15014EA700}
[2026-07-15 16:18:56:0518] ProductName: Adobe Acrobat (64-bit)
[2026-07-15 16:18:56:0518] ProductVersion: 26.001.21691
[2026-07-15 16:18:56:0521] ProductUACPatching: enabled
[2026-07-15 16:18:56:0542] Using registered preference AUTO_ALL
[2026-07-15 16:18:56:0542] Last check for updates not expired, code: 120300
[2026-07-15 16:18:56:0544] Using registered preference AUTO_ALL
[2026-07-15 16:18:56:0544] Last check for updates not expired, code: 120300
[2026-07-15 16:18:56:0779] ARM returns ERROR_SUCCESS
[2026-07-15 16:18:56:0779] Adobe ARM 1.824.460.1149 logging finished.



[2026-07-15 17:04:11:0299] Adobe ARM 1.824.460.1149 logging started.
[2026-07-15 17:04:11:0299] Command Line: /PRODUCT:Acrobat /VERSION:26.0 /MODE:3
[2026-07-15 17:04:11:0318] ProductCode: {AC76BA86-1033-FFFF-7760-BC15014EA700}
[2026-07-15 17:04:11:0318] ProductName: Adobe Acrobat (64-bit)
[2026-07-15 17:04:11:0318] ProductVersion: 26.001.21691
[2026-07-15 17:04:11:0318] ProductUACPatching: enabled
[2026-07-15 17:04:11:0336] Using CommandLine preference AUTO_ALL
[2026-07-15 17:04:11:0336] Last check for updates not expired, code: 120300
[2026-07-15 17:04:11:0344] Using registered preference AUTO_ALL
[2026-07-15 17:04:11:0344] Last check for updates not expired, code: 120300
[2026-07-15 17:04:11:0554] ARM returns ERROR_SUCCESS
[2026-07-15 17:04:11:0554] Adobe ARM 1.824.460.1149 logging finished.



[2026-07-15 17:07:08:0449] Adobe ARM 1.824.460.1149 logging started.
[2026-07-15 17:07:08:0449] Command Line: /PRODUCT:Acrobat /VERSION:26.0 /MODE:3
[2026-07-15 17:07:08:0470] ProductCode: {AC76BA86-1033-FFFF-7760-BC15014EA700}
[2026-07-15 17:07:08:0471] ProductName: Adobe Acrobat (64-bit)
[2026-07-15 17:07:08:0471] ProductVersion: 26.001.21691
[2026-07-15 17:07:08:0471] ProductUACPatching: enabled
[2026-07-15 17:07:08:0494] Using CommandLine preference AUTO_ALL
[2026-07-15 17:07:08:0494] Last check for updates not expired, code: 120300
[2026-07-15 17:07:08:0494] Using registered preference AUTO_ALL
[2026-07-15 17:07:08:0494] Last check for updates not expired, code: 120300
[2026-07-15 17:07:08:0738] ARM returns ERROR_SUCCESS
[2026-07-15 17:07:08:0738] Adobe ARM 1.824.460.1149 logging finished.



[2026-07-15 19:48:56:0489] Adobe ARM 1.824.460.1149 logging started.
[2026-07-15 19:48:56:0489] Command Line: 
[2026-07-15 19:48:56:0517] Too soon to check for arm update
[2026-07-15 19:48:56:0528] ProductCode: {AC76BA86-1033-FFFF-7760-BC15014EA700}
[2026-07-15 19:48:56:0528] ProductName: Adobe Acrobat (64-bit)
[2026-07-15 19:48:56:0528] ProductVersion: 26.001.21691
[2026-07-15 19:48:56:0528] ProductUACPatching: enabled
[2026-07-15 19:48:56:0546] Using registered preference AUTO_ALL
[2026-07-15 19:48:56:0546] Last check for updates not expired, code: 120300
[2026-07-15 19:48:56:0546] Using registered preference AUTO_ALL
[2026-07-15 19:48:56:0546] Last check for updates not expired, code: 120300
[2026-07-15 19:48:56:0783] ARM returns ERROR_SUCCESS
[2026-07-15 19:48:56:0783] Adobe ARM 1.824.460.1149 logging finished.



[2026-07-15 23:18:56:0483] Adobe ARM 1.824.460.1149 logging started.
[2026-07-15 23:18:56:0483] Command Line: 
[2026-07-15 23:18:56:0514] Too soon to check for arm update
[2026-07-15 23:18:56:0522] ProductCode: {AC76BA86-1033-FFFF-7760-BC15014EA700}
[2026-07-15 23:18:56:0527] ProductName: Adobe Acrobat (64-bit)
[2026-07-15 23:18:56:0527] ProductVersion: 26.001.21691
[2026-07-15 23:18:56:0527] ProductUACPatching: enabled
[2026-07-15 23:18:56:0548] Using registered preference AUTO_ALL
[2026-07-15 23:18:56:0548] Last check for updates not expired, code: 120300
[2026-07-15 23:18:56:0553] Using registered preference AUTO_ALL
[2026-07-15 23:18:56:0553] Last check for updates not expired, code: 120300
[2026-07-15 23:18:56:0774] ARM returns ERROR_SUCCESS
[2026-07-15 23:18:56:0774] Adobe ARM 1.824.460.1149 logging finished.



[2026-07-16 02:48:56:0482] Adobe ARM 1.824.460.1149 logging started.
[2026-07-16 02:48:56:0482] Command Line: 
[2026-07-16 02:49:01:0868] Newer version ARM update is not available
[2026-07-16 02:49:01:0884] ProductCode: {AC76BA86-1033-FFFF-7760-BC15014EA700}
[2026-07-16 02:49:01:0884] ProductName: Adobe Acrobat (64-bit)
[2026-07-16 02:49:01:0884] ProductVersion: 26.001.21691
[2026-07-16 02:49:01:0884] ProductUACPatching: enabled
[2026-07-16 02:49:02:0202] Using registered preference AUTO_ALL
[2026-07-16 02:49:04:0696] MDOV1615
[2026-07-16 02:49:04:0696] No files in Session, setting NO_UPDATES mode
[2026-07-16 02:49:04:0728] Using registered preference AUTO_ALL
[2026-07-16 02:49:06:0101] MDOV1615
[2026-07-16 02:49:06:0101] No files in Session, setting NO_UPDATES mode
[2026-07-16 02:49:06:0357] ARM returns ERROR_SUCCESS
[2026-07-16 02:49:06:0357] Adobe ARM 1.824.460.1149 logging finished.



[2026-07-16 06:18:56:0478] Adobe ARM 1.824.460.1149 logging started.
[2026-07-16 06:18:56:0484] Command Line: 
[2026-07-16 06:18:56:0491] Too soon to check for arm update
[2026-07-16 06:18:56:0513] ProductCode: {AC76BA86-1033-FFFF-7760-BC15014EA700}
[2026-07-16 06:18:56:0513] ProductName: Adobe Acrobat (64-bit)
[2026-07-16 06:18:56:0513] ProductVersion: 26.001.21691
[2026-07-16 06:18:56:0513] ProductUACPatching: enabled
[2026-07-16 06:18:56:0523] Using registered preference AUTO_ALL
[2026-07-16 06:18:56:0523] Last check for updates not expired, code: 120300
[2026-07-16 06:18:56:0538] Using registered preference AUTO_ALL
[2026-07-16 06:18:56:0539] Last check for updates not expired, code: 120300
[2026-07-16 06:18:56:0760] ARM returns ERROR_SUCCESS
[2026-07-16 06:18:56:0760] Adobe ARM 1.824.460.1149 logging finished.



[2026-07-16 09:48:56:0474] Adobe ARM 1.824.460.1149 logging started.
[2026-07-16 09:48:56:0474] Command Line: 
[2026-07-16 09:48:56:0506] Too soon to check for arm update
[2026-07-16 09:48:56:0506] ProductCode: {AC76BA86-1033-FFFF-7760-BC15014EA700}
[2026-07-16 09:48:56:0506] ProductName: Adobe Acrobat (64-bit)
[2026-07-16 09:48:56:0506] ProductVersion: 26.001.21691
[2026-07-16 09:48:56:0506] ProductUACPatching: enabled
[2026-07-16 09:48:56:0543] Using registered preference AUTO_ALL
[2026-07-16 09:48:56:0543] Last check for updates not expired, code: 120300
[2026-07-16 09:48:56:0543] Using registered preference AUTO_ALL
[2026-07-16 09:48:56:0543] Last check for updates not expired, code: 120300
[2026-07-16 09:48:56:0776] ARM returns ERROR_SUCCESS
[2026-07-16 09:48:56:0776] Adobe ARM 1.824.460.1149 logging finished.



[2026-07-16 10:00:01:0532] Adobe ARM 1.824.460.1149 logging started.
[2026-07-16 10:00:01:0532] Command Line: 
[2026-07-16 10:00:01:0548] Too soon to check for arm update
[2026-07-16 10:00:01:0548] ProductCode: {AC76BA86-1033-FFFF-7760-BC15014EA700}
[2026-07-16 10:00:01:0548] ProductName: Adobe Acrobat (64-bit)
[2026-07-16 10:00:01:0548] ProductVersion: 26.001.21691
[2026-07-16 10:00:01:0548] ProductUACPatching: enabled
[2026-07-16 10:00:01:0580] Using registered preference AUTO_ALL
[2026-07-16 10:00:01:0580] Last check for updates not expired, code: 120300
[2026-07-16 10:00:01:0580] Using registered preference AUTO_ALL
[2026-07-16 10:00:01:0580] Last check for updates not expired, code: 120300
[2026-07-16 10:00:01:0787] ARM returns ERROR_SUCCESS
[2026-07-16 10:00:01:0787] Adobe ARM 1.824.460.1149 logging finished.



[2026-07-16 10:18:26:0929] Adobe ARM 1.824.460.1149 logging started.
[2026-07-16 10:18:26:0929] Command Line: /PRODUCT:Acrobat /VERSION:26.0 /MODE:3
[2026-07-16 10:18:26:0951] ProductCode: {AC76BA86-1033-FFFF-7760-BC15014EA700}
[2026-07-16 10:18:26:0951] ProductName: Adobe Acrobat (64-bit)
[2026-07-16 10:18:26:0951] ProductVersion: 26.001.21691
[2026-07-16 10:18:26:0951] ProductUACPatching: enabled
[2026-07-16 10:18:26:0974] Using CommandLine preference AUTO_ALL
[2026-07-16 10:18:26:0978] Last check for updates not expired, code: 120300
[2026-07-16 10:18:26:0978] Using registered preference AUTO_ALL
[2026-07-16 10:18:26:0980] Last check for updates not expired, code: 120300
[2026-07-16 10:18:27:0187] ARM returns ERROR_SUCCESS
[2026-07-16 10:18:27:0187] Adobe ARM 1.824.460.1149 logging finished.



[2026-07-16 13:18:56:0481] Adobe ARM 1.824.460.1149 logging started.
[2026-07-16 13:18:56:0481] Command Line: 
[2026-07-16 13:18:56:0502] Too soon to check for arm update
[2026-07-16 13:18:56:0509] ProductCode: {AC76BA86-1033-FFFF-7760-BC15014EA700}
[2026-07-16 13:18:56:0509] ProductName: Adobe Acrobat (64-bit)
[2026-07-16 13:18:56:0509] ProductVersion: 26.001.21691
[2026-07-16 13:18:56:0509] ProductUACPatching: enabled
[2026-07-16 13:18:56:0535] Using registered preference AUTO_ALL
[2026-07-16 13:18:56:0535] Last check for updates not expired, code: 120300
[2026-07-16 13:18:56:0535] Using registered preference AUTO_ALL
[2026-07-16 13:18:56:0535] Last check for updates not expired, code: 120300
[2026-07-16 13:18:56:0752] ARM returns ERROR_SUCCESS
[2026-07-16 13:18:56:0752] Adobe ARM 1.824.460.1149 logging finished.



[2026-07-16 13:33:04:0441] Adobe ARM 1.824.460.1149 logging started.
[2026-07-16 13:33:04:0441] Command Line: /PRODUCT:Acrobat /VERSION:26.0 /MODE:3
[2026-07-16 13:33:04:0472] ProductCode: {AC76BA86-1033-FFFF-7760-BC15014EA700}
[2026-07-16 13:33:04:0472] ProductName: Adobe Acrobat (64-bit)
[2026-07-16 13:33:04:0472] ProductVersion: 26.001.21691
[2026-07-16 13:33:04:0472] ProductUACPatching: enabled
[2026-07-16 13:33:04:0500] Using CommandLine preference AUTO_ALL
[2026-07-16 13:33:04:0505] Last check for updates not expired, code: 120300
[2026-07-16 13:33:04:0505] Using registered preference AUTO_ALL
[2026-07-16 13:33:04:0505] Last check for updates not expired, code: 120300
[2026-07-16 13:33:04:0723] ARM returns ERROR_SUCCESS
[2026-07-16 13:33:04:0723] Adobe ARM 1.824.460.1149 logging finished.



[2026-07-16 14:44:38:0325] Adobe ARM 1.824.460.1149 logging started.
[2026-07-16 14:44:38:0325] Command Line: /PRODUCT:Acrobat /VERSION:26.0 /MODE:3
[2026-07-16 14:44:38:0350] ProductCode: {AC76BA86-1033-FFFF-7760-BC15014EA700}
[2026-07-16 14:44:38:0350] ProductName: Adobe Acrobat (64-bit)
[2026-07-16 14:44:38:0350] ProductVersion: 26.001.21691
[2026-07-16 14:44:38:0350] ProductUACPatching: enabled
[2026-07-16 14:44:38:0372] Using CommandLine preference AUTO_ALL
[2026-07-16 14:44:38:0379] Last check for updates not expired, code: 120300
[2026-07-16 14:44:38:0379] Using registered preference AUTO_ALL
[2026-07-16 14:44:38:0384] Last check for updates not expired, code: 120300
[2026-07-16 14:44:38:0610] ARM returns ERROR_SUCCESS
[2026-07-16 14:44:38:0610] Adobe ARM 1.824.460.1149 logging finished.



[2026-07-16 16:48:56:0618] Adobe ARM 1.824.460.1149 logging started.
[2026-07-16 16:48:56:0618] Command Line: 
[2026-07-16 16:48:56:0649] Too soon to check for arm update
[2026-07-16 16:48:56:0658] ProductCode: {AC76BA86-1033-FFFF-7760-BC15014EA700}
[2026-07-16 16:48:56:0658] ProductName: Adobe Acrobat (64-bit)
[2026-07-16 16:48:56:0658] ProductVersion: 26.001.21691
[2026-07-16 16:48:56:0658] ProductUACPatching: enabled
[2026-07-16 16:48:56:0681] Using registered preference AUTO_ALL
[2026-07-16 16:48:56:0681] Last check for updates not expired, code: 120300
[2026-07-16 16:48:56:0681] Using registered preference AUTO_ALL
[2026-07-16 16:48:56:0681] Last check for updates not expired, code: 120300
[2026-07-16 16:48:56:0919] ARM returns ERROR_SUCCESS
[2026-07-16 16:48:56:0919] Adobe ARM 1.824.460.1149 logging finished.



[2026-07-16 21:24:47:0163] Adobe ARM 1.824.460.1149 logging started.
[2026-07-16 21:24:47:0163] Command Line: /PRODUCT:Acrobat /VERSION:26.0 /MODE:3
[2026-07-16 21:24:47:0226] ProductCode: {AC76BA86-1033-FFFF-7760-BC15014EA700}
[2026-07-16 21:24:47:0228] ProductName: Adobe Acrobat (64-bit)
[2026-07-16 21:24:47:0228] ProductVersion: 26.001.21691
[2026-07-16 21:24:47:0228] ProductUACPatching: enabled
[2026-07-16 21:24:48:0111] Using CommandLine preference AUTO_ALL
[2026-07-16 21:24:48:0123] Last check for updates not expired, code: 120300
[2026-07-16 21:24:48:0126] Using registered preference AUTO_ALL
[2026-07-16 21:24:48:0128] Last check for updates not expired, code: 120300
[2026-07-16 21:24:48:0368] ARM returns ERROR_SUCCESS
[2026-07-16 21:24:48:0368] Adobe ARM 1.824.460.1149 logging finished.



[2026-07-17 09:21:56:0461] Adobe ARM 1.824.460.1149 logging started.
[2026-07-17 09:21:56:0461] Command Line: 
[2026-07-17 09:21:56:0487] Too soon to check for arm update
[2026-07-17 09:21:56:0496] ProductCode: {AC76BA86-1033-FFFF-7760-BC15014EA700}
[2026-07-17 09:21:56:0496] ProductName: Adobe Acrobat (64-bit)
[2026-07-17 09:21:56:0496] ProductVersion: 26.001.21691
[2026-07-17 09:21:56:0496] ProductUACPatching: enabled
[2026-07-17 09:21:57:0009] Using registered preference AUTO_ALL
[2026-07-17 09:21:57:0010] Last check for updates not expired, code: 120300
[2026-07-17 09:21:57:0011] Using registered preference AUTO_ALL
[2026-07-17 09:21:57:0012] Last check for updates not expired, code: 120300
[2026-07-17 09:21:57:0227] ARM returns ERROR_SUCCESS
[2026-07-17 09:21:57:0227] Adobe ARM 1.824.460.1149 logging finished.



[2026-07-17 09:47:43:0294] Adobe ARM 1.824.460.1149 logging started.
[2026-07-17 09:47:43:0294] Command Line: /PRODUCT:Acrobat /VERSION:26.0 /MODE:3
[2026-07-17 09:47:43:0325] ProductCode: {AC76BA86-1033-FFFF-7760-BC15014EA700}
[2026-07-17 09:47:43:0325] ProductName: Adobe Acrobat (64-bit)
[2026-07-17 09:47:43:0325] ProductVersion: 26.001.21691
[2026-07-17 09:47:43:0325] ProductUACPatching: enabled
[2026-07-17 09:47:43:0342] Using CommandLine preference AUTO_ALL
[2026-07-17 09:47:43:0342] Last check for updates not expired, code: 120300
[2026-07-17 09:47:43:0342] Using registered preference AUTO_ALL
[2026-07-17 09:47:43:0342] Last check for updates not expired, code: 120300
[2026-07-17 09:47:43:0575] ARM returns ERROR_SUCCESS
[2026-07-17 09:47:43:0575] Adobe ARM 1.824.460.1149 logging finished.



[2026-07-17 10:00:01:0535] Adobe ARM 1.824.460.1149 logging started.
[2026-07-17 10:00:01:0535] Command Line: 
[2026-07-17 10:00:01:0551] Too soon to check for arm update
[2026-07-17 10:00:01:0551] ProductCode: {AC76BA86-1033-FFFF-7760-BC15014EA700}
[2026-07-17 10:00:01:0551] ProductName: Adobe Acrobat (64-bit)
[2026-07-17 10:00:01:0551] ProductVersion: 26.001.21691
[2026-07-17 10:00:01:0551] ProductUACPatching: enabled
[2026-07-17 10:00:01:0567] Using registered preference AUTO_ALL
[2026-07-17 10:00:01:0583] Last check for updates not expired, code: 120300
[2026-07-17 10:00:01:0583] Using registered preference AUTO_ALL
[2026-07-17 10:00:01:0583] Last check for updates not expired, code: 120300
[2026-07-17 10:00:01:0790] ARM returns ERROR_SUCCESS
[2026-07-17 10:00:01:0790] Adobe ARM 1.824.460.1149 logging finished.



[2026-07-17 12:51:56:0700] Adobe ARM 1.824.460.1149 logging started.
[2026-07-17 12:51:56:0700] Command Line: 
[2026-07-17 12:51:56:0732] Too soon to check for arm update
[2026-07-17 12:51:56:0736] ProductCode: {AC76BA86-1033-FFFF-7760-BC15014EA700}
[2026-07-17 12:51:56:0736] ProductName: Adobe Acrobat (64-bit)
[2026-07-17 12:51:56:0736] ProductVersion: 26.001.21691
[2026-07-17 12:51:56:0736] ProductUACPatching: enabled
[2026-07-17 12:51:56:0760] Using registered preference AUTO_ALL
[2026-07-17 12:51:56:0760] Last check for updates not expired, code: 120300
[2026-07-17 12:51:56:0761] Using registered preference AUTO_ALL
[2026-07-17 12:51:56:0762] Last check for updates not expired, code: 120300
[2026-07-17 12:51:56:0999] ARM returns ERROR_SUCCESS
[2026-07-17 12:51:56:0999] Adobe ARM 1.824.460.1149 logging finished.



[2026-07-17 16:21:56:0723] Adobe ARM 1.824.460.1149 logging started.
[2026-07-17 16:21:56:0723] Command Line: 
[2026-07-17 16:21:56:0750] Too soon to check for arm update
[2026-07-17 16:21:56:0758] ProductCode: {AC76BA86-1033-FFFF-7760-BC15014EA700}
[2026-07-17 16:21:56:0758] ProductName: Adobe Acrobat (64-bit)
[2026-07-17 16:21:56:0758] ProductVersion: 26.001.21691
[2026-07-17 16:21:56:0758] ProductUACPatching: enabled
[2026-07-17 16:21:56:0777] Using registered preference AUTO_ALL
[2026-07-17 16:21:56:0777] Last check for updates not expired, code: 120300
[2026-07-17 16:21:56:0777] Using registered preference AUTO_ALL
[2026-07-17 16:21:56:0777] Last check for updates not expired, code: 120300
[2026-07-17 16:21:57:0012] ARM returns ERROR_SUCCESS
[2026-07-17 16:21:57:0012] Adobe ARM 1.824.460.1149 logging finished.



[2026-07-17 16:39:17:0199] Adobe ARM 1.824.460.1149 logging started.
[2026-07-17 16:39:17:0199] Command Line: /PRODUCT:Acrobat /VERSION:26.0 /MODE:3
[2026-07-17 16:39:17:0221] ProductCode: {AC76BA86-1033-FFFF-7760-BC15014EA700}
[2026-07-17 16:39:17:0221] ProductName: Adobe Acrobat (64-bit)
[2026-07-17 16:39:17:0221] ProductVersion: 26.001.21691
[2026-07-17 16:39:17:0221] ProductUACPatching: enabled
[2026-07-17 16:39:17:0245] Using CommandLine preference AUTO_ALL
[2026-07-17 16:39:17:0249] Last check for updates not expired, code: 120300
[2026-07-17 16:39:17:0251] Using registered preference AUTO_ALL
[2026-07-17 16:39:17:0251] Last check for updates not expired, code: 120300
[2026-07-17 16:39:17:0455] ARM returns ERROR_SUCCESS
[2026-07-17 16:39:17:0455] Adobe ARM 1.824.460.1149 logging finished.



[2026-07-19 11:40:14:0447] Adobe ARM 1.824.460.1149 logging started.
[2026-07-19 11:40:14:0480] Command Line: 
[2026-07-19 11:40:20:0773] Newer version ARM update is not available
[2026-07-19 11:40:20:0789] ProductCode: {AC76BA86-1033-FFFF-7760-BC15014EA700}
[2026-07-19 11:40:20:0789] ProductName: Adobe Acrobat (64-bit)
[2026-07-19 11:40:20:0789] ProductVersion: 26.001.21691
[2026-07-19 11:40:20:0789] ProductUACPatching: enabled
[2026-07-19 11:40:21:0216] Using registered preference AUTO_ALL
[2026-07-19 11:40:29:0274] MDOV1615
[2026-07-19 11:40:29:0274] No files in Session, setting NO_UPDATES mode
[2026-07-19 11:40:29:0321] Using registered preference AUTO_ALL
[2026-07-19 11:40:32:0896] MDOV1615
[2026-07-19 11:40:32:0903] No files in Session, setting NO_UPDATES mode
[2026-07-19 11:40:33:0145] ARM returns ERROR_SUCCESS
[2026-07-19 11:40:33:0145] Adobe ARM 1.824.460.1149 logging finished.



[2026-07-19 11:46:37:0053] Adobe ARM 1.824.460.1149 logging started.
[2026-07-19 11:46:37:0053] Command Line: 
[2026-07-19 11:46:37:0085] Too soon to check for arm update
[2026-07-19 11:46:37:0085] ProductCode: {AC76BA86-1033-FFFF-7760-BC15014EA700}
[2026-07-19 11:46:37:0085] ProductName: Adobe Acrobat (64-bit)
[2026-07-19 11:46:37:0085] ProductVersion: 26.001.21691
[2026-07-19 11:46:37:0085] ProductUACPatching: enabled
[2026-07-19 11:46:37:0477] Using registered preference AUTO_ALL
[2026-07-19 11:46:37:0480] Last check for updates not expired, code: 120300
[2026-07-19 11:46:37:0482] Using registered preference AUTO_ALL
[2026-07-19 11:46:37:0482] Last check for updates not expired, code: 120300
[2026-07-19 11:46:37:0702] ARM returns ERROR_SUCCESS
[2026-07-19 11:46:37:0702] Adobe ARM 1.824.460.1149 logging finished.



[2026-07-19 15:16:37:0067] Adobe ARM 1.824.460.1149 logging started.
[2026-07-19 15:16:37:0067] Command Line: 
[2026-07-19 15:16:37:0099] Too soon to check for arm update
[2026-07-19 15:16:37:0099] ProductCode: {AC76BA86-1033-FFFF-7760-BC15014EA700}
[2026-07-19 15:16:37:0099] ProductName: Adobe Acrobat (64-bit)
[2026-07-19 15:16:37:0099] ProductVersion: 26.001.21691
[2026-07-19 15:16:37:0099] ProductUACPatching: enabled
[2026-07-19 15:16:37:0115] Using registered preference AUTO_ALL
[2026-07-19 15:16:37:0115] Last check for updates not expired, code: 120300
[2026-07-19 15:16:37:0130] Using registered preference AUTO_ALL
[2026-07-19 15:16:37:0130] Last check for updates not expired, code: 120300
[2026-07-19 15:16:37:0333] ARM returns ERROR_SUCCESS
[2026-07-19 15:16:37:0333] Adobe ARM 1.824.460.1149 logging finished.



[2026-07-19 18:46:37:0066] Adobe ARM 1.824.460.1149 logging started.
[2026-07-19 18:46:37:0066] Command Line: 
[2026-07-19 18:46:37:0102] Too soon to check for arm update
[2026-07-19 18:46:37:0114] ProductCode: {AC76BA86-1033-FFFF-7760-BC15014EA700}
[2026-07-19 18:46:37:0114] ProductName: Adobe Acrobat (64-bit)
[2026-07-19 18:46:37:0114] ProductVersion: 26.001.21691
[2026-07-19 18:46:37:0114] ProductUACPatching: enabled
[2026-07-19 18:46:37:0142] Using registered preference AUTO_ALL
[2026-07-19 18:46:37:0143] Last check for updates not expired, code: 120300
[2026-07-19 18:46:37:0144] Using registered preference AUTO_ALL
[2026-07-19 18:46:37:0145] Last check for updates not expired, code: 120300
[2026-07-19 18:46:37:0366] ARM returns ERROR_SUCCESS
[2026-07-19 18:46:37:0366] Adobe ARM 1.824.460.1149 logging finished.



[2026-07-19 22:16:37:0056] Adobe ARM 1.824.460.1149 logging started.
[2026-07-19 22:16:37:0056] Command Line: 
[2026-07-19 22:16:37:0074] Too soon to check for arm update
[2026-07-19 22:16:37:0092] ProductCode: {AC76BA86-1033-FFFF-7760-BC15014EA700}
[2026-07-19 22:16:37:0092] ProductName: Adobe Acrobat (64-bit)
[2026-07-19 22:16:37:0092] ProductVersion: 26.001.21691
[2026-07-19 22:16:37:0092] ProductUACPatching: enabled
[2026-07-19 22:16:37:0517] Using registered preference AUTO_ALL
[2026-07-19 22:16:37:0517] Last check for updates not expired, code: 120300
[2026-07-19 22:16:37:0517] Using registered preference AUTO_ALL
[2026-07-19 22:16:37:0517] Last check for updates not expired, code: 120300
[2026-07-19 22:16:37:0733] ARM returns ERROR_SUCCESS
[2026-07-19 22:16:37:0733] Adobe ARM 1.824.460.1149 logging finished.



[2026-07-20 01:46:37:0069] Adobe ARM 1.824.460.1149 logging started.
[2026-07-20 01:46:37:0069] Command Line: 
[2026-07-20 01:46:37:0085] Too soon to check for arm update
[2026-07-20 01:46:37:0085] ProductCode: {AC76BA86-1033-FFFF-7760-BC15014EA700}
[2026-07-20 01:46:37:0085] ProductName: Adobe Acrobat (64-bit)
[2026-07-20 01:46:37:0085] ProductVersion: 26.001.21691
[2026-07-20 01:46:37:0085] ProductUACPatching: enabled
[2026-07-20 01:46:37:0101] Using registered preference AUTO_ALL
[2026-07-20 01:46:37:0101] Last check for updates not expired, code: 120300
[2026-07-20 01:46:37:0101] Using registered preference AUTO_ALL
[2026-07-20 01:46:37:0101] Last check for updates not expired, code: 120300
[2026-07-20 01:46:37:0330] ARM returns ERROR_SUCCESS
[2026-07-20 01:46:37:0330] Adobe ARM 1.824.460.1149 logging finished.



[2026-07-20 05:16:37:0115] Adobe ARM 1.824.460.1149 logging started.
[2026-07-20 05:16:37:0115] Command Line: 
[2026-07-20 05:16:37:0165] Too soon to check for arm update
[2026-07-20 05:16:37:0185] ProductCode: {AC76BA86-1033-FFFF-7760-BC15014EA700}
[2026-07-20 05:16:37:0185] ProductName: Adobe Acrobat (64-bit)
[2026-07-20 05:16:37:0185] ProductVersion: 26.001.21691
[2026-07-20 05:16:37:0185] ProductUACPatching: enabled
[2026-07-20 05:16:37:0223] Using registered preference AUTO_ALL
[2026-07-20 05:16:37:0226] Last check for updates not expired, code: 120300
[2026-07-20 05:16:37:0228] Using registered preference AUTO_ALL
[2026-07-20 05:16:37:0230] Last check for updates not expired, code: 120300
[2026-07-20 05:16:37:0457] ARM returns ERROR_SUCCESS
[2026-07-20 05:16:37:0457] Adobe ARM 1.824.460.1149 logging finished.



[2026-07-20 08:46:37:0059] Adobe ARM 1.824.460.1149 logging started.
[2026-07-20 08:46:37:0059] Command Line: 
[2026-07-20 08:46:37:0074] Too soon to check for arm update
[2026-07-20 08:46:37:0091] ProductCode: {AC76BA86-1033-FFFF-7760-BC15014EA700}
[2026-07-20 08:46:37:0091] ProductName: Adobe Acrobat (64-bit)
[2026-07-20 08:46:37:0091] ProductVersion: 26.001.21691
[2026-07-20 08:46:37:0091] ProductUACPatching: enabled
[2026-07-20 08:46:37:0106] Using registered preference AUTO_ALL
[2026-07-20 08:46:37:0106] Last check for updates not expired, code: 120300
[2026-07-20 08:46:37:0106] Using registered preference AUTO_ALL
[2026-07-20 08:46:37:0106] Last check for updates not expired, code: 120300
[2026-07-20 08:46:37:0321] ARM returns ERROR_SUCCESS
[2026-07-20 08:46:37:0321] Adobe ARM 1.824.460.1149 logging finished.



[2026-07-20 10:00:01:0854] Adobe ARM 1.824.460.1149 logging started.
[2026-07-20 10:00:01:0854] Command Line: 
[2026-07-20 10:00:01:0886] Too soon to check for arm update
[2026-07-20 10:00:01:0893] ProductCode: {AC76BA86-1033-FFFF-7760-BC15014EA700}
[2026-07-20 10:00:01:0893] ProductName: Adobe Acrobat (64-bit)
[2026-07-20 10:00:01:0893] ProductVersion: 26.001.21691
[2026-07-20 10:00:01:0893] ProductUACPatching: enabled
[2026-07-20 10:00:01:0918] Using registered preference AUTO_ALL
[2026-07-20 10:00:01:0918] Last check for updates not expired, code: 120300
[2026-07-20 10:00:01:0921] Using registered preference AUTO_ALL
[2026-07-20 10:00:01:0921] Last check for updates not expired, code: 120300
[2026-07-20 10:00:02:0140] ARM returns ERROR_SUCCESS
[2026-07-20 10:00:02:0140] Adobe ARM 1.824.460.1149 logging finished.



[2026-07-20 12:16:37:0070] Adobe ARM 1.824.460.1149 logging started.
[2026-07-20 12:16:37:0070] Command Line: 
[2026-07-20 12:16:37:0086] Too soon to check for arm update
[2026-07-20 12:16:37:0108] ProductCode: {AC76BA86-1033-FFFF-7760-BC15014EA700}
[2026-07-20 12:16:37:0109] ProductName: Adobe Acrobat (64-bit)
[2026-07-20 12:16:37:0109] ProductVersion: 26.001.21691
[2026-07-20 12:16:37:0109] ProductUACPatching: enabled
[2026-07-20 12:16:37:0129] Using registered preference AUTO_ALL
[2026-07-20 12:16:37:0130] Last check for updates not expired, code: 120300
[2026-07-20 12:16:37:0131] Using registered preference AUTO_ALL
[2026-07-20 12:16:37:0132] Last check for updates not expired, code: 120300
[2026-07-20 12:16:37:0334] ARM returns ERROR_SUCCESS
[2026-07-20 12:16:37:0334] Adobe ARM 1.824.460.1149 logging finished.



[2026-07-20 15:46:37:0080] Adobe ARM 1.824.460.1149 logging started.
[2026-07-20 15:46:37:0080] Command Line: 
[2026-07-20 15:46:37:0107] Too soon to check for arm update
[2026-07-20 15:46:37:0119] ProductCode: {AC76BA86-1033-FFFF-7760-BC15014EA700}
[2026-07-20 15:46:37:0119] ProductName: Adobe Acrobat (64-bit)
[2026-07-20 15:46:37:0119] ProductVersion: 26.001.21691
[2026-07-20 15:46:37:0119] ProductUACPatching: enabled
[2026-07-20 15:46:37:0145] Using registered preference AUTO_ALL
[2026-07-20 15:46:37:0146] Last check for updates not expired, code: 120300
[2026-07-20 15:46:37:0147] Using registered preference AUTO_ALL
[2026-07-20 15:46:37:0148] Last check for updates not expired, code: 120300
[2026-07-20 15:46:37:0379] ARM returns ERROR_SUCCESS
[2026-07-20 15:46:37:0379] Adobe ARM 1.824.460.1149 logging finished.



[2026-07-20 19:16:37:0062] Adobe ARM 1.824.460.1149 logging started.
[2026-07-20 19:16:37:0062] Command Line: 
[2026-07-20 19:16:37:0085] Too soon to check for arm update
[2026-07-20 19:16:37:0092] ProductCode: {AC76BA86-1033-FFFF-7760-BC15014EA700}
[2026-07-20 19:16:37:0092] ProductName: Adobe Acrobat (64-bit)
[2026-07-20 19:16:37:0092] ProductVersion: 26.001.21691
[2026-07-20 19:16:37:0092] ProductUACPatching: enabled
[2026-07-20 19:16:37:0119] Using registered preference AUTO_ALL
[2026-07-20 19:16:37:0119] Last check for updates not expired, code: 120300
[2026-07-20 19:16:37:0119] Using registered preference AUTO_ALL
[2026-07-20 19:16:37:0119] Last check for updates not expired, code: 120300
[2026-07-20 19:16:37:0346] ARM returns ERROR_SUCCESS
[2026-07-20 19:16:37:0346] Adobe ARM 1.824.460.1149 logging finished.



[2026-07-20 22:46:37:0084] Adobe ARM 1.824.460.1149 logging started.
[2026-07-20 22:46:37:0084] Command Line: 
[2026-07-20 22:46:37:0100] Too soon to check for arm update
[2026-07-20 22:46:37:0115] ProductCode: {AC76BA86-1033-FFFF-7760-BC15014EA700}
[2026-07-20 22:46:37:0115] ProductName: Adobe Acrobat (64-bit)
[2026-07-20 22:46:37:0115] ProductVersion: 26.001.21691
[2026-07-20 22:46:37:0115] ProductUACPatching: enabled
[2026-07-20 22:46:37:0131] Using registered preference AUTO_ALL
[2026-07-20 22:46:37:0131] Last check for updates not expired, code: 120300
[2026-07-20 22:46:37:0131] Using registered preference AUTO_ALL
[2026-07-20 22:46:37:0131] Last check for updates not expired, code: 120300
[2026-07-20 22:46:37:0370] ARM returns ERROR_SUCCESS
[2026-07-20 22:46:37:0370] Adobe ARM 1.824.460.1149 logging finished.



[2026-07-21 02:16:37:0050] Adobe ARM 1.824.460.1149 logging started.
[2026-07-21 02:16:37:0050] Command Line: 
[2026-07-21 02:16:37:0082] Too soon to check for arm update
[2026-07-21 02:16:37:0098] ProductCode: {AC76BA86-1033-FFFF-7760-BC15014EA700}
[2026-07-21 02:16:37:0098] ProductName: Adobe Acrobat (64-bit)
[2026-07-21 02:16:37:0098] ProductVersion: 26.001.21691
[2026-07-21 02:16:37:0098] ProductUACPatching: enabled
[2026-07-21 02:16:37:0114] Using registered preference AUTO_ALL
[2026-07-21 02:16:37:0114] Last check for updates not expired, code: 120300
[2026-07-21 02:16:37:0114] Using registered preference AUTO_ALL
[2026-07-21 02:16:37:0114] Last check for updates not expired, code: 120300
[2026-07-21 02:16:37:0321] ARM returns ERROR_SUCCESS
[2026-07-21 02:16:37:0321] Adobe ARM 1.824.460.1149 logging finished.



[2026-07-21 05:46:37:0087] Adobe ARM 1.824.460.1149 logging started.
[2026-07-21 05:46:37:0087] Command Line: 
[2026-07-21 05:46:37:0118] Too soon to check for arm update
[2026-07-21 05:46:37:0136] ProductCode: {AC76BA86-1033-FFFF-7760-BC15014EA700}
[2026-07-21 05:46:37:0136] ProductName: Adobe Acrobat (64-bit)
[2026-07-21 05:46:37:0136] ProductVersion: 26.001.21691
[2026-07-21 05:46:37:0136] ProductUACPatching: enabled
[2026-07-21 05:46:37:0150] Using registered preference AUTO_ALL
[2026-07-21 05:46:37:0150] Last check for updates not expired, code: 120300
[2026-07-21 05:46:37:0150] Using registered preference AUTO_ALL
[2026-07-21 05:46:37:0150] Last check for updates not expired, code: 120300
[2026-07-21 05:46:37:0387] ARM returns ERROR_SUCCESS
[2026-07-21 05:46:37:0387] Adobe ARM 1.824.460.1149 logging finished.



[2026-07-21 09:16:37:0146] Adobe ARM 1.824.460.1149 logging started.
[2026-07-21 09:16:37:0163] Command Line: 
[2026-07-21 09:16:37:0179] Too soon to check for arm update
[2026-07-21 09:16:37:0195] ProductCode: {AC76BA86-1033-FFFF-7760-BC15014EA700}
[2026-07-21 09:16:37:0195] ProductName: Adobe Acrobat (64-bit)
[2026-07-21 09:16:37:0195] ProductVersion: 26.001.21691
[2026-07-21 09:16:37:0195] ProductUACPatching: enabled
[2026-07-21 09:16:37:0210] Using registered preference AUTO_ALL
[2026-07-21 09:16:37:0210] Last check for updates not expired, code: 120300
[2026-07-21 09:16:37:0210] Using registered preference AUTO_ALL
[2026-07-21 09:16:37:0210] Last check for updates not expired, code: 120300
[2026-07-21 09:16:37:0433] ARM returns ERROR_SUCCESS
[2026-07-21 09:16:37:0433] Adobe ARM 1.824.460.1149 logging finished.



[2026-07-21 10:00:01:0860] Adobe ARM 1.824.460.1149 logging started.
[2026-07-21 10:00:01:0860] Command Line: 
[2026-07-21 10:00:01:0880] Too soon to check for arm update
[2026-07-21 10:00:01:0898] ProductCode: {AC76BA86-1033-FFFF-7760-BC15014EA700}
[2026-07-21 10:00:01:0898] ProductName: Adobe Acrobat (64-bit)
[2026-07-21 10:00:01:0898] ProductVersion: 26.001.21691
[2026-07-21 10:00:01:0898] ProductUACPatching: enabled
[2026-07-21 10:00:01:0918] Using registered preference AUTO_ALL
[2026-07-21 10:00:01:0919] Last check for updates not expired, code: 120300
[2026-07-21 10:00:01:0920] Using registered preference AUTO_ALL
[2026-07-21 10:00:01:0920] Last check for updates not expired, code: 120300
[2026-07-21 10:00:02:0148] ARM returns ERROR_SUCCESS
[2026-07-21 10:00:02:0148] Adobe ARM 1.824.460.1149 logging finished.



[2026-07-21 12:46:37:0072] Adobe ARM 1.824.460.1149 logging started.
[2026-07-21 12:46:37:0072] Command Line: 
[2026-07-21 12:46:37:0092] Too soon to check for arm update
[2026-07-21 12:46:37:0100] ProductCode: {AC76BA86-1033-FFFF-7760-BC15014EA700}
[2026-07-21 12:46:37:0100] ProductName: Adobe Acrobat (64-bit)
[2026-07-21 12:46:37:0100] ProductVersion: 26.001.21691
[2026-07-21 12:46:37:0100] ProductUACPatching: enabled
[2026-07-21 12:46:37:0118] Using registered preference AUTO_ALL
[2026-07-21 12:46:37:0119] Last check for updates not expired, code: 120300
[2026-07-21 12:46:37:0120] Using registered preference AUTO_ALL
[2026-07-21 12:46:37:0120] Last check for updates not expired, code: 120300
[2026-07-21 12:46:37:0332] ARM returns ERROR_SUCCESS
[2026-07-21 12:46:37:0332] Adobe ARM 1.824.460.1149 logging finished.



[2026-07-21 14:28:12:0460] Adobe ARM 1.824.460.1149 logging started.
[2026-07-21 14:28:12:0460] Command Line: /PRODUCT:Acrobat /VERSION:26.0 /MODE:3
[2026-07-21 14:28:12:0481] ProductCode: {AC76BA86-1033-FFFF-7760-BC15014EA700}
[2026-07-21 14:28:12:0481] ProductName: Adobe Acrobat (64-bit)
[2026-07-21 14:28:12:0481] ProductVersion: 26.001.21691
[2026-07-21 14:28:12:0481] ProductUACPatching: enabled
[2026-07-21 14:28:12:0503] Using CommandLine preference AUTO_ALL
[2026-07-21 14:28:12:0507] Last check for updates not expired, code: 120300
[2026-07-21 14:28:12:0508] Using registered preference AUTO_ALL
[2026-07-21 14:28:12:0509] Last check for updates not expired, code: 120300
[2026-07-21 14:28:12:0729] ARM returns ERROR_SUCCESS
[2026-07-21 14:28:12:0729] Adobe ARM 1.824.460.1149 logging finished.



[2026-07-21 16:50:12:0396] Adobe ARM 1.824.460.1149 logging started.
[2026-07-21 16:50:12:0396] Command Line: 
[2026-07-21 16:50:12:0425] Too soon to check for arm update
[2026-07-21 16:50:12:0438] ProductCode: {AC76BA86-1033-FFFF-7760-BC15014EA700}
[2026-07-21 16:50:12:0438] ProductName: Adobe Acrobat (64-bit)
[2026-07-21 16:50:12:0438] ProductVersion: 26.001.21691
[2026-07-21 16:50:12:0438] ProductUACPatching: enabled
[2026-07-21 16:50:13:0256] Using registered preference AUTO_ALL
[2026-07-21 16:50:13:0257] Last check for updates not expired, code: 120300
[2026-07-21 16:50:13:0258] Using registered preference AUTO_ALL
[2026-07-21 16:50:13:0259] Last check for updates not expired, code: 120300
[2026-07-21 16:50:13:0487] ARM returns ERROR_SUCCESS
[2026-07-21 16:50:13:0487] Adobe ARM 1.824.460.1149 logging finished.



[2026-07-21 20:20:12:0382] Adobe ARM 1.824.460.1149 logging started.
[2026-07-21 20:20:12:0382] Command Line: 
[2026-07-21 20:20:12:0403] Too soon to check for arm update
[2026-07-21 20:20:12:0411] ProductCode: {AC76BA86-1033-FFFF-7760-BC15014EA700}
[2026-07-21 20:20:12:0411] ProductName: Adobe Acrobat (64-bit)
[2026-07-21 20:20:12:0411] ProductVersion: 26.001.21691
[2026-07-21 20:20:12:0411] ProductUACPatching: enabled
[2026-07-21 20:20:12:0428] Using registered preference AUTO_ALL
[2026-07-21 20:20:12:0429] Last check for updates not expired, code: 120300
[2026-07-21 20:20:12:0430] Using registered preference AUTO_ALL
[2026-07-21 20:20:12:0430] Last check for updates not expired, code: 120300
[2026-07-21 20:20:12:0639] ARM returns ERROR_SUCCESS
[2026-07-21 20:20:12:0639] Adobe ARM 1.824.460.1149 logging finished.



[2026-07-21 23:50:12:0374] Adobe ARM 1.824.460.1149 logging started.
[2026-07-21 23:50:12:0374] Command Line: 
[2026-07-21 23:50:12:0395] Too soon to check for arm update
[2026-07-21 23:50:12:0402] ProductCode: {AC76BA86-1033-FFFF-7760-BC15014EA700}
[2026-07-21 23:50:12:0402] ProductName: Adobe Acrobat (64-bit)
[2026-07-21 23:50:12:0402] ProductVersion: 26.001.21691
[2026-07-21 23:50:12:0402] ProductUACPatching: enabled
[2026-07-21 23:50:12:0419] Using registered preference AUTO_ALL
[2026-07-21 23:50:12:0419] Last check for updates not expired, code: 120300
[2026-07-21 23:50:12:0420] Using registered preference AUTO_ALL
[2026-07-21 23:50:12:0421] Last check for updates not expired, code: 120300
[2026-07-21 23:50:12:0626] ARM returns ERROR_SUCCESS
[2026-07-21 23:50:12:0626] Adobe ARM 1.824.460.1149 logging finished.



[2026-07-22 03:20:12:0388] Adobe ARM 1.824.460.1149 logging started.
[2026-07-22 03:20:12:0388] Command Line: 
[2026-07-22 03:20:12:0408] Too soon to check for arm update
[2026-07-22 03:20:12:0416] ProductCode: {AC76BA86-1033-FFFF-7760-BC15014EA700}
[2026-07-22 03:20:12:0417] ProductName: Adobe Acrobat (64-bit)
[2026-07-22 03:20:12:0417] ProductVersion: 26.001.21691
[2026-07-22 03:20:12:0417] ProductUACPatching: enabled
[2026-07-22 03:20:12:0437] Using registered preference AUTO_ALL
[2026-07-22 03:20:12:0438] Last check for updates not expired, code: 120300
[2026-07-22 03:20:12:0439] Using registered preference AUTO_ALL
[2026-07-22 03:20:12:0439] Last check for updates not expired, code: 120300
[2026-07-22 03:20:12:0659] ARM returns ERROR_SUCCESS
[2026-07-22 03:20:12:0660] Adobe ARM 1.824.460.1149 logging finished.



[2026-07-22 06:50:12:0373] Adobe ARM 1.824.460.1149 logging started.
[2026-07-22 06:50:12:0373] Command Line: 
[2026-07-22 06:50:12:0410] Too soon to check for arm update
[2026-07-22 06:50:12:0417] ProductCode: {AC76BA86-1033-FFFF-7760-BC15014EA700}
[2026-07-22 06:50:12:0417] ProductName: Adobe Acrobat (64-bit)
[2026-07-22 06:50:12:0417] ProductVersion: 26.001.21691
[2026-07-22 06:50:12:0417] ProductUACPatching: enabled
[2026-07-22 06:50:12:0434] Using registered preference AUTO_ALL
[2026-07-22 06:50:12:0435] Last check for updates not expired, code: 120300
[2026-07-22 06:50:12:0436] Using registered preference AUTO_ALL
[2026-07-22 06:50:12:0436] Last check for updates not expired, code: 120300
[2026-07-22 06:50:12:0651] ARM returns ERROR_SUCCESS
[2026-07-22 06:50:12:0651] Adobe ARM 1.824.460.1149 logging finished.



[2026-07-22 10:00:01:0917] Adobe ARM 1.824.460.1149 logging started.
[2026-07-22 10:00:01:0917] Command Line: 
[2026-07-22 10:00:01:0939] Too soon to check for arm update
[2026-07-22 10:00:01:0945] ProductCode: {AC76BA86-1033-FFFF-7760-BC15014EA700}
[2026-07-22 10:00:01:0945] ProductName: Adobe Acrobat (64-bit)
[2026-07-22 10:00:01:0945] ProductVersion: 26.001.21691
[2026-07-22 10:00:01:0945] ProductUACPatching: enabled
[2026-07-22 10:00:01:0963] Using registered preference AUTO_ALL
[2026-07-22 10:00:01:0964] Last check for updates not expired, code: 120300
[2026-07-22 10:00:01:0965] Using registered preference AUTO_ALL
[2026-07-22 10:00:01:0965] Last check for updates not expired, code: 120300
[2026-07-22 10:00:02:0173] ARM returns ERROR_SUCCESS
[2026-07-22 10:00:02:0173] Adobe ARM 1.824.460.1149 logging finished.



[2026-07-22 10:24:00:0612] Adobe ARM 1.824.460.1149 logging started.
[2026-07-22 10:24:00:0612] Command Line: 
[2026-07-22 10:24:00:0750] Too soon to check for arm update
[2026-07-22 10:24:00:0876] ProductCode: {AC76BA86-1033-FFFF-7760-BC15014EA700}
[2026-07-22 10:24:00:0876] ProductName: Adobe Acrobat (64-bit)
[2026-07-22 10:24:00:0876] ProductVersion: 26.001.21691
[2026-07-22 10:24:00:0876] ProductUACPatching: enabled
[2026-07-22 10:24:00:0903] Using registered preference AUTO_ALL
[2026-07-22 10:24:00:0903] Last check for updates not expired, code: 120300
[2026-07-22 10:24:00:0905] Using registered preference AUTO_ALL
[2026-07-22 10:24:00:0907] Last check for updates not expired, code: 120300
[2026-07-22 10:24:01:0124] ARM returns ERROR_SUCCESS
[2026-07-22 10:24:01:0124] Adobe ARM 1.824.460.1149 logging finished.



[2026-07-22 13:50:12:0386] Adobe ARM 1.824.460.1149 logging started.
[2026-07-22 13:50:12:0386] Command Line: 
[2026-07-22 13:50:18:0790] Newer version ARM update is not available
[2026-07-22 13:50:18:0801] ProductCode: {AC76BA86-1033-FFFF-7760-BC15014EA700}
[2026-07-22 13:50:18:0802] ProductName: Adobe Acrobat (64-bit)
[2026-07-22 13:50:18:0802] ProductVersion: 26.001.21691
[2026-07-22 13:50:18:0802] ProductUACPatching: enabled
[2026-07-22 13:50:19:0255] Using registered preference AUTO_ALL
[2026-07-22 13:50:21:0730] MDOV1615
[2026-07-22 13:50:21:0731] No files in Session, setting NO_UPDATES mode
[2026-07-22 13:50:21:0778] Using registered preference AUTO_ALL
[2026-07-22 13:50:23:0139] MDOV1615
[2026-07-22 13:50:23:0142] No files in Session, setting NO_UPDATES mode
[2026-07-22 13:50:23:0418] ARM returns ERROR_SUCCESS
[2026-07-22 13:50:23:0418] Adobe ARM 1.824.460.1149 logging finished.



[2026-07-22 17:20:12:0416] Adobe ARM 1.824.460.1149 logging started.
[2026-07-22 17:20:12:0416] Command Line: 
[2026-07-22 17:20:12:0443] Too soon to check for arm update
[2026-07-22 17:20:12:0455] ProductCode: {AC76BA86-1033-FFFF-7760-BC15014EA700}
[2026-07-22 17:20:12:0455] ProductName: Adobe Acrobat (64-bit)
[2026-07-22 17:20:12:0455] ProductVersion: 26.001.21691
[2026-07-22 17:20:12:0455] ProductUACPatching: enabled
[2026-07-22 17:20:12:0483] Using registered preference AUTO_ALL
[2026-07-22 17:20:12:0483] Last check for updates not expired, code: 120300
[2026-07-22 17:20:12:0483] Using registered preference AUTO_ALL
[2026-07-22 17:20:12:0483] Last check for updates not expired, code: 120300
[2026-07-22 17:20:12:0716] ARM returns ERROR_SUCCESS
[2026-07-22 17:20:12:0717] Adobe ARM 1.824.460.1149 logging finished.



[2026-07-22 20:50:12:0379] Adobe ARM 1.824.460.1149 logging started.
[2026-07-22 20:50:12:0379] Command Line: 
[2026-07-22 20:50:12:0419] Too soon to check for arm update
[2026-07-22 20:50:12:0432] ProductCode: {AC76BA86-1033-FFFF-7760-BC15014EA700}
[2026-07-22 20:50:12:0432] ProductName: Adobe Acrobat (64-bit)
[2026-07-22 20:50:12:0432] ProductVersion: 26.001.21691
[2026-07-22 20:50:12:0432] ProductUACPatching: enabled
[2026-07-22 20:50:12:0458] Using registered preference AUTO_ALL
[2026-07-22 20:50:12:0460] Last check for updates not expired, code: 120300
[2026-07-22 20:50:12:0460] Using registered preference AUTO_ALL
[2026-07-22 20:50:12:0462] Last check for updates not expired, code: 120300
[2026-07-22 20:50:12:0681] ARM returns ERROR_SUCCESS
[2026-07-22 20:50:12:0681] Adobe ARM 1.824.460.1149 logging finished.



[2026-07-23 00:20:12:0387] Adobe ARM 1.824.460.1149 logging started.
[2026-07-23 00:20:12:0387] Command Line: 
[2026-07-23 00:20:12:0407] Too soon to check for arm update
[2026-07-23 00:20:12:0421] ProductCode: {AC76BA86-1033-FFFF-7760-BC15014EA700}
[2026-07-23 00:20:12:0421] ProductName: Adobe Acrobat (64-bit)
[2026-07-23 00:20:12:0421] ProductVersion: 26.001.21691
[2026-07-23 00:20:12:0421] ProductUACPatching: enabled
[2026-07-23 00:20:12:0443] Using registered preference AUTO_ALL
[2026-07-23 00:20:12:0443] Last check for updates not expired, code: 120300
[2026-07-23 00:20:12:0445] Using registered preference AUTO_ALL
[2026-07-23 00:20:12:0445] Last check for updates not expired, code: 120300
[2026-07-23 00:20:12:0671] ARM returns ERROR_SUCCESS
[2026-07-23 00:20:12:0671] Adobe ARM 1.824.460.1149 logging finished.



[2026-07-23 03:50:12:0380] Adobe ARM 1.824.460.1149 logging started.
[2026-07-23 03:50:12:0380] Command Line: 
[2026-07-23 03:50:12:0404] Too soon to check for arm update
[2026-07-23 03:50:12:0425] ProductCode: {AC76BA86-1033-FFFF-7760-BC15014EA700}
[2026-07-23 03:50:12:0426] ProductName: Adobe Acrobat (64-bit)
[2026-07-23 03:50:12:0426] ProductVersion: 26.001.21691
[2026-07-23 03:50:12:0426] ProductUACPatching: enabled
[2026-07-23 03:50:12:0449] Using registered preference AUTO_ALL
[2026-07-23 03:50:12:0449] Last check for updates not expired, code: 120300
[2026-07-23 03:50:12:0451] Using registered preference AUTO_ALL
[2026-07-23 03:50:12:0451] Last check for updates not expired, code: 120300
[2026-07-23 03:50:12:0677] ARM returns ERROR_SUCCESS
[2026-07-23 03:50:12:0677] Adobe ARM 1.824.460.1149 logging finished.



[2026-07-23 07:20:12:0377] Adobe ARM 1.824.460.1149 logging started.
[2026-07-23 07:20:12:0377] Command Line: 
[2026-07-23 07:20:12:0402] Too soon to check for arm update
[2026-07-23 07:20:12:0406] ProductCode: {AC76BA86-1033-FFFF-7760-BC15014EA700}
[2026-07-23 07:20:12:0406] ProductName: Adobe Acrobat (64-bit)
[2026-07-23 07:20:12:0406] ProductVersion: 26.001.21691
[2026-07-23 07:20:12:0406] ProductUACPatching: enabled
[2026-07-23 07:20:12:0418] Using registered preference AUTO_ALL
[2026-07-23 07:20:12:0428] Last check for updates not expired, code: 120300
[2026-07-23 07:20:12:0430] Using registered preference AUTO_ALL
[2026-07-23 07:20:12:0430] Last check for updates not expired, code: 120300
[2026-07-23 07:20:12:0646] ARM returns ERROR_SUCCESS
[2026-07-23 07:20:12:0646] Adobe ARM 1.824.460.1149 logging finished.



[2026-07-23 10:00:01:0867] Adobe ARM 1.824.460.1149 logging started.
[2026-07-23 10:00:01:0867] Command Line: 
[2026-07-23 10:00:01:0889] Too soon to check for arm update
[2026-07-23 10:00:01:0897] ProductCode: {AC76BA86-1033-FFFF-7760-BC15014EA700}
[2026-07-23 10:00:01:0897] ProductName: Adobe Acrobat (64-bit)
[2026-07-23 10:00:01:0897] ProductVersion: 26.001.21691
[2026-07-23 10:00:01:0897] ProductUACPatching: enabled
[2026-07-23 10:00:01:0910] Using registered preference AUTO_ALL
[2026-07-23 10:00:01:0910] Last check for updates not expired, code: 120300
[2026-07-23 10:00:01:0910] Using registered preference AUTO_ALL
[2026-07-23 10:00:01:0910] Last check for updates not expired, code: 120300
[2026-07-23 10:00:02:0125] ARM returns ERROR_SUCCESS
[2026-07-23 10:00:02:0125] Adobe ARM 1.824.460.1149 logging finished.



[2026-07-23 10:50:12:0375] Adobe ARM 1.824.460.1149 logging started.
[2026-07-23 10:50:12:0375] Command Line: 
[2026-07-23 10:50:12:0390] Too soon to check for arm update
[2026-07-23 10:50:12:0407] ProductCode: {AC76BA86-1033-FFFF-7760-BC15014EA700}
[2026-07-23 10:50:12:0407] ProductName: Adobe Acrobat (64-bit)
[2026-07-23 10:50:12:0407] ProductVersion: 26.001.21691
[2026-07-23 10:50:12:0407] ProductUACPatching: enabled
[2026-07-23 10:50:12:0438] Using registered preference AUTO_ALL
[2026-07-23 10:50:12:0439] Last check for updates not expired, code: 120300
[2026-07-23 10:50:12:0440] Using registered preference AUTO_ALL
[2026-07-23 10:50:12:0441] Last check for updates not expired, code: 120300
[2026-07-23 10:50:12:0655] ARM returns ERROR_SUCCESS
[2026-07-23 10:50:12:0655] Adobe ARM 1.824.460.1149 logging finished.



[2026-07-23 14:20:12:0387] Adobe ARM 1.824.460.1149 logging started.
[2026-07-23 14:20:12:0398] Command Line: 
[2026-07-23 14:20:12:0434] Too soon to check for arm update
[2026-07-23 14:20:12:0446] ProductCode: {AC76BA86-1033-FFFF-7760-BC15014EA700}
[2026-07-23 14:20:12:0446] ProductName: Adobe Acrobat (64-bit)
[2026-07-23 14:20:12:0446] ProductVersion: 26.001.21691
[2026-07-23 14:20:12:0446] ProductUACPatching: enabled
[2026-07-23 14:20:12:0472] Using registered preference AUTO_ALL
[2026-07-23 14:20:12:0473] Last check for updates not expired, code: 120300
[2026-07-23 14:20:12:0473] Using registered preference AUTO_ALL
[2026-07-23 14:20:12:0473] Last check for updates not expired, code: 120300
[2026-07-23 14:20:12:0690] ARM returns ERROR_SUCCESS
[2026-07-23 14:20:12:0690] Adobe ARM 1.824.460.1149 logging finished.



[2026-07-23 16:16:39:0778] Adobe ARM 1.824.460.1149 logging started.
[2026-07-23 16:16:39:0778] Command Line: /PRODUCT:Acrobat /VERSION:26.0 /MODE:3
[2026-07-23 16:16:39:0801] ProductCode: {AC76BA86-1033-FFFF-7760-BC15014EA700}
[2026-07-23 16:16:39:0801] ProductName: Adobe Acrobat (64-bit)
[2026-07-23 16:16:39:0803] ProductVersion: 26.001.21691
[2026-07-23 16:16:39:0803] ProductUACPatching: enabled
[2026-07-23 16:16:39:0825] Using CommandLine preference AUTO_ALL
[2026-07-23 16:16:39:0825] Last check for updates not expired, code: 120300
[2026-07-23 16:16:39:0825] Using registered preference AUTO_ALL
[2026-07-23 16:16:39:0825] Last check for updates not expired, code: 120300
[2026-07-23 16:16:40:0063] ARM returns ERROR_SUCCESS
[2026-07-23 16:16:40:0063] Adobe ARM 1.824.460.1149 logging finished.



[2026-07-23 18:24:49:0401] Adobe ARM 1.824.460.1149 logging started.
[2026-07-23 18:24:49:0401] Command Line: 
[2026-07-23 18:24:49:0417] Too soon to check for arm update
[2026-07-23 18:24:49:0432] ProductCode: {AC76BA86-1033-FFFF-7760-BC15014EA700}
[2026-07-23 18:24:49:0432] ProductName: Adobe Acrobat (64-bit)
[2026-07-23 18:24:49:0432] ProductVersion: 26.001.21691
[2026-07-23 18:24:49:0432] ProductUACPatching: enabled
[2026-07-23 18:24:49:0869] Using registered preference AUTO_ALL
[2026-07-23 18:24:49:0871] Last check for updates not expired, code: 120300
[2026-07-23 18:24:49:0871] Using registered preference AUTO_ALL
[2026-07-23 18:24:49:0873] Last check for updates not expired, code: 120300
[2026-07-23 18:24:50:0090] ARM returns ERROR_SUCCESS
[2026-07-23 18:24:50:0090] Adobe ARM 1.824.460.1149 logging finished.



[2026-07-23 21:54:49:0323] Adobe ARM 1.824.460.1149 logging started.
[2026-07-23 21:54:49:0323] Command Line: 
[2026-07-23 21:54:49:0339] Too soon to check for arm update
[2026-07-23 21:54:49:0339] ProductCode: {AC76BA86-1033-FFFF-7760-BC15014EA700}
[2026-07-23 21:54:49:0339] ProductName: Adobe Acrobat (64-bit)
[2026-07-23 21:54:49:0339] ProductVersion: 26.001.21691
[2026-07-23 21:54:49:0339] ProductUACPatching: enabled
[2026-07-23 21:54:49:0370] Using registered preference AUTO_ALL
[2026-07-23 21:54:49:0371] Last check for updates not expired, code: 120300
[2026-07-23 21:54:49:0372] Using registered preference AUTO_ALL
[2026-07-23 21:54:49:0373] Last check for updates not expired, code: 120300
[2026-07-23 21:54:49:0604] ARM returns ERROR_SUCCESS
[2026-07-23 21:54:49:0604] Adobe ARM 1.824.460.1149 logging finished.



[2026-07-24 01:24:49:0318] Adobe ARM 1.824.460.1149 logging started.
[2026-07-24 01:24:49:0318] Command Line: 
[2026-07-24 01:24:49:0340] Too soon to check for arm update
[2026-07-24 01:24:49:0340] ProductCode: {AC76BA86-1033-FFFF-7760-BC15014EA700}
[2026-07-24 01:24:49:0340] ProductName: Adobe Acrobat (64-bit)
[2026-07-24 01:24:49:0340] ProductVersion: 26.001.21691
[2026-07-24 01:24:49:0340] ProductUACPatching: enabled
[2026-07-24 01:24:49:0368] Using registered preference AUTO_ALL
[2026-07-24 01:24:49:0368] Last check for updates not expired, code: 120300
[2026-07-24 01:24:49:0368] Using registered preference AUTO_ALL
[2026-07-24 01:24:49:0368] Last check for updates not expired, code: 120300
[2026-07-24 01:24:49:0612] ARM returns ERROR_SUCCESS
[2026-07-24 01:24:49:0612] Adobe ARM 1.824.460.1149 logging finished.



[2026-07-24 04:54:49:0315] Adobe ARM 1.824.460.1149 logging started.
[2026-07-24 04:54:49:0315] Command Line: 
[2026-07-24 04:54:49:0330] Too soon to check for arm update
[2026-07-24 04:54:49:0340] ProductCode: {AC76BA86-1033-FFFF-7760-BC15014EA700}
[2026-07-24 04:54:49:0340] ProductName: Adobe Acrobat (64-bit)
[2026-07-24 04:54:49:0340] ProductVersion: 26.001.21691
[2026-07-24 04:54:49:0340] ProductUACPatching: enabled
[2026-07-24 04:54:49:0350] Using registered preference AUTO_ALL
[2026-07-24 04:54:49:0359] Last check for updates not expired, code: 120300
[2026-07-24 04:54:49:0359] Using registered preference AUTO_ALL
[2026-07-24 04:54:49:0359] Last check for updates not expired, code: 120300
[2026-07-24 04:54:49:0566] ARM returns ERROR_SUCCESS
[2026-07-24 04:54:49:0566] Adobe ARM 1.824.460.1149 logging finished.



[2026-07-24 08:24:49:0319] Adobe ARM 1.824.460.1149 logging started.
[2026-07-24 08:24:49:0319] Command Line: 
[2026-07-24 08:24:49:0335] Too soon to check for arm update
[2026-07-24 08:24:49:0335] ProductCode: {AC76BA86-1033-FFFF-7760-BC15014EA700}
[2026-07-24 08:24:49:0335] ProductName: Adobe Acrobat (64-bit)
[2026-07-24 08:24:49:0335] ProductVersion: 26.001.21691
[2026-07-24 08:24:49:0335] ProductUACPatching: enabled
[2026-07-24 08:24:49:0351] Using registered preference AUTO_ALL
[2026-07-24 08:24:49:0367] Last check for updates not expired, code: 120300
[2026-07-24 08:24:49:0369] Using registered preference AUTO_ALL
[2026-07-24 08:24:49:0369] Last check for updates not expired, code: 120300
[2026-07-24 08:24:49:0595] ARM returns ERROR_SUCCESS
[2026-07-24 08:24:49:0595] Adobe ARM 1.824.460.1149 logging finished.



[2026-07-24 13:49:04:0651] Adobe ARM 1.824.460.1149 logging started.
[2026-07-24 13:49:04:0693] Command Line: 
[2026-07-24 13:49:05:0144] Too soon to check for arm update
[2026-07-24 13:49:05:0786] ProductCode: {AC76BA86-1033-FFFF-7760-BC15014EA700}
[2026-07-24 13:49:05:0786] ProductName: Adobe Acrobat (64-bit)
[2026-07-24 13:49:05:0786] ProductVersion: 26.001.21691
[2026-07-24 13:49:05:0786] ProductUACPatching: enabled
[2026-07-24 13:49:05:0889] Using registered preference AUTO_ALL
[2026-07-24 13:49:05:0891] Last check for updates not expired, code: 120300
[2026-07-24 13:49:05:0893] Using registered preference AUTO_ALL
[2026-07-24 13:49:05:0896] Last check for updates not expired, code: 120300
[2026-07-24 13:49:06:0237] ARM returns ERROR_SUCCESS
[2026-07-24 13:49:06:0238] Adobe ARM 1.824.460.1149 logging finished.



[2026-07-24 13:49:06:0682] Adobe ARM 1.824.460.1149 logging started.
[2026-07-24 13:49:06:0682] Command Line: /PRODUCT:Acrobat /VERSION:26.0 /MODE:3
[2026-07-24 13:49:06:0718] ProductCode: {AC76BA86-1033-FFFF-7760-BC15014EA700}
[2026-07-24 13:49:06:0718] ProductName: Adobe Acrobat (64-bit)
[2026-07-24 13:49:06:0719] ProductVersion: 26.001.21691
[2026-07-24 13:49:06:0719] ProductUACPatching: enabled
[2026-07-24 13:49:06:0757] Using CommandLine preference AUTO_ALL
[2026-07-24 13:49:06:0764] Last check for updates not expired, code: 120300
[2026-07-24 13:49:06:0767] Using registered preference AUTO_ALL
[2026-07-24 13:49:06:0769] Last check for updates not expired, code: 120300
[2026-07-24 13:49:07:0018] ARM returns ERROR_SUCCESS
[2026-07-24 13:49:07:0018] Adobe ARM 1.824.460.1149 logging finished.



[2026-07-24 13:54:45:0896] Adobe ARM 1.824.460.1149 logging started.
[2026-07-24 13:54:45:0897] Command Line: 
[2026-07-24 13:54:45:0929] Too soon to check for arm update
[2026-07-24 13:54:45:0943] ProductCode: {AC76BA86-1033-FFFF-7760-BC15014EA700}
[2026-07-24 13:54:45:0945] ProductName: Adobe Acrobat (64-bit)
[2026-07-24 13:54:45:0945] ProductVersion: 26.001.21691
[2026-07-24 13:54:45:0945] ProductUACPatching: enabled
[2026-07-24 13:54:45:0966] Using registered preference AUTO_ALL
[2026-07-24 13:54:45:0968] Last check for updates not expired, code: 120300
[2026-07-24 13:54:45:0968] Using registered preference AUTO_ALL
[2026-07-24 13:54:45:0968] Last check for updates not expired, code: 120300
[2026-07-24 13:54:46:0198] ARM returns ERROR_SUCCESS
[2026-07-24 13:54:46:0198] Adobe ARM 1.824.460.1149 logging finished.



[2026-07-24 15:24:49:0387] Adobe ARM 1.824.460.1149 logging started.
[2026-07-24 15:24:49:0387] Command Line: 
[2026-07-24 15:24:49:0409] Too soon to check for arm update
[2026-07-24 15:24:49:0428] ProductCode: {AC76BA86-1033-FFFF-7760-BC15014EA700}
[2026-07-24 15:24:49:0428] ProductName: Adobe Acrobat (64-bit)
[2026-07-24 15:24:49:0428] ProductVersion: 26.001.21691
[2026-07-24 15:24:49:0428] ProductUACPatching: enabled
[2026-07-24 15:24:49:0442] Using registered preference AUTO_ALL
[2026-07-24 15:24:49:0442] Last check for updates not expired, code: 120300
[2026-07-24 15:24:49:0442] Using registered preference AUTO_ALL
[2026-07-24 15:24:49:0442] Last check for updates not expired, code: 120300
[2026-07-24 15:24:49:0675] ARM returns ERROR_SUCCESS
[2026-07-24 15:24:49:0675] Adobe ARM 1.824.460.1149 logging finished.



[2026-07-27 09:35:40:0940] Adobe ARM 1.824.460.1149 logging started.
[2026-07-27 09:35:40:0968] Command Line: 
[2026-07-27 09:35:46:0782] Newer version ARM update is not available
[2026-07-27 09:35:46:0802] ProductCode: {AC76BA86-1033-FFFF-7760-BC15014EA700}
[2026-07-27 09:35:46:0802] ProductName: Adobe Acrobat (64-bit)
[2026-07-27 09:35:46:0802] ProductVersion: 26.001.21691
[2026-07-27 09:35:46:0802] ProductUACPatching: enabled
[2026-07-27 09:35:47:0376] Using registered preference AUTO_ALL
[2026-07-27 09:35:49:0875] MDOV1615
[2026-07-27 09:35:49:0875] No files in Session, setting NO_UPDATES mode
[2026-07-27 09:35:49:0942] Using registered preference AUTO_ALL
[2026-07-27 09:35:51:0299] MDOV1615
[2026-07-27 09:35:51:0303] No files in Session, setting NO_UPDATES mode
[2026-07-27 09:35:51:0559] ARM returns ERROR_SUCCESS
[2026-07-27 09:35:51:0559] Adobe ARM 1.824.460.1149 logging finished.



[2026-07-27 09:43:57:0845] Adobe ARM 1.824.460.1149 logging started.
[2026-07-27 09:43:57:0845] Command Line: 
[2026-07-27 09:43:57:0861] Too soon to check for arm update
[2026-07-27 09:43:57:0876] ProductCode: {AC76BA86-1033-FFFF-7760-BC15014EA700}
[2026-07-27 09:43:57:0876] ProductName: Adobe Acrobat (64-bit)
[2026-07-27 09:43:57:0876] ProductVersion: 26.001.21691
[2026-07-27 09:43:57:0876] ProductUACPatching: enabled
[2026-07-27 09:43:58:0580] Using registered preference AUTO_ALL
[2026-07-27 09:43:58:0580] Last check for updates not expired, code: 120300
[2026-07-27 09:43:58:0595] Using registered preference AUTO_ALL
[2026-07-27 09:43:58:0595] Last check for updates not expired, code: 120300
[2026-07-27 09:43:58:0818] ARM returns ERROR_SUCCESS
[2026-07-27 09:43:58:0818] Adobe ARM 1.824.460.1149 logging finished.



[2026-07-27 10:00:01:0583] Adobe ARM 1.824.460.1149 logging started.
[2026-07-27 10:00:01:0583] Command Line: 
[2026-07-27 10:00:01:0599] Too soon to check for arm update
[2026-07-27 10:00:01:0599] ProductCode: {AC76BA86-1033-FFFF-7760-BC15014EA700}
[2026-07-27 10:00:01:0599] ProductName: Adobe Acrobat (64-bit)
[2026-07-27 10:00:01:0599] ProductVersion: 26.001.21691
[2026-07-27 10:00:01:0599] ProductUACPatching: enabled
[2026-07-27 10:00:01:0631] Using registered preference AUTO_ALL
[2026-07-27 10:00:01:0631] Last check for updates not expired, code: 120300
[2026-07-27 10:00:01:0633] Using registered preference AUTO_ALL
[2026-07-27 10:00:01:0633] Last check for updates not expired, code: 120300
[2026-07-27 10:00:01:0854] ARM returns ERROR_SUCCESS
[2026-07-27 10:00:01:0854] Adobe ARM 1.824.460.1149 logging finished.



[2026-07-27 13:13:57:0914] Adobe ARM 1.824.460.1149 logging started.
[2026-07-27 13:13:57:0914] Command Line: 
[2026-07-27 13:13:57:0935] Too soon to check for arm update
[2026-07-27 13:13:57:0949] ProductCode: {AC76BA86-1033-FFFF-7760-BC15014EA700}
[2026-07-27 13:13:57:0949] ProductName: Adobe Acrobat (64-bit)
[2026-07-27 13:13:57:0949] ProductVersion: 26.001.21691
[2026-07-27 13:13:57:0949] ProductUACPatching: enabled
[2026-07-27 13:13:57:0961] Using registered preference AUTO_ALL
[2026-07-27 13:13:57:0961] Last check for updates not expired, code: 120300
[2026-07-27 13:13:57:0972] Using registered preference AUTO_ALL
[2026-07-27 13:13:57:0972] Last check for updates not expired, code: 120300
[2026-07-27 13:13:58:0184] ARM returns ERROR_SUCCESS
[2026-07-27 13:13:58:0184] Adobe ARM 1.824.460.1149 logging finished.



[2026-07-27 16:43:57:0836] Adobe ARM 1.824.460.1149 logging started.
[2026-07-27 16:43:57:0836] Command Line: 
[2026-07-27 16:43:57:0856] Too soon to check for arm update
[2026-07-27 16:43:57:0861] ProductCode: {AC76BA86-1033-FFFF-7760-BC15014EA700}
[2026-07-27 16:43:57:0861] ProductName: Adobe Acrobat (64-bit)
[2026-07-27 16:43:57:0861] ProductVersion: 26.001.21691
[2026-07-27 16:43:57:0861] ProductUACPatching: enabled
[2026-07-27 16:43:57:0868] Using registered preference AUTO_ALL
[2026-07-27 16:43:57:0868] Last check for updates not expired, code: 120300
[2026-07-27 16:43:57:0884] Using registered preference AUTO_ALL
[2026-07-27 16:43:57:0884] Last check for updates not expired, code: 120300
[2026-07-27 16:43:58:0100] ARM returns ERROR_SUCCESS
[2026-07-27 16:43:58:0100] Adobe ARM 1.824.460.1149 logging finished.



[2026-07-27 20:13:57:0828] Adobe ARM 1.824.460.1149 logging started.
[2026-07-27 20:13:57:0828] Command Line: 
[2026-07-27 20:13:57:0848] Too soon to check for arm update
[2026-07-27 20:13:57:0855] ProductCode: {AC76BA86-1033-FFFF-7760-BC15014EA700}
[2026-07-27 20:13:57:0855] ProductName: Adobe Acrobat (64-bit)
[2026-07-27 20:13:57:0855] ProductVersion: 26.001.21691
[2026-07-27 20:13:57:0855] ProductUACPatching: enabled
[2026-07-27 20:13:57:0872] Using registered preference AUTO_ALL
[2026-07-27 20:13:57:0873] Last check for updates not expired, code: 120300
[2026-07-27 20:13:57:0874] Using registered preference AUTO_ALL
[2026-07-27 20:13:57:0874] Last check for updates not expired, code: 120300
[2026-07-27 20:13:58:0095] ARM returns ERROR_SUCCESS
[2026-07-27 20:13:58:0095] Adobe ARM 1.824.460.1149 logging finished.



[2026-07-27 23:43:57:0834] Adobe ARM 1.824.460.1149 logging started.
[2026-07-27 23:43:57:0834] Command Line: 
[2026-07-27 23:43:57:0853] Too soon to check for arm update
[2026-07-27 23:43:57:0860] ProductCode: {AC76BA86-1033-FFFF-7760-BC15014EA700}
[2026-07-27 23:43:57:0860] ProductName: Adobe Acrobat (64-bit)
[2026-07-27 23:43:57:0860] ProductVersion: 26.001.21691
[2026-07-27 23:43:57:0860] ProductUACPatching: enabled
[2026-07-27 23:43:57:0878] Using registered preference AUTO_ALL
[2026-07-27 23:43:57:0878] Last check for updates not expired, code: 120300
[2026-07-27 23:43:57:0879] Using registered preference AUTO_ALL
[2026-07-27 23:43:57:0880] Last check for updates not expired, code: 120300
[2026-07-27 23:43:58:0084] ARM returns ERROR_SUCCESS
[2026-07-27 23:43:58:0084] Adobe ARM 1.824.460.1149 logging finished.



[2026-07-28 03:13:57:0837] Adobe ARM 1.824.460.1149 logging started.
[2026-07-28 03:13:57:0837] Command Line: 
[2026-07-28 03:13:57:0853] Too soon to check for arm update
[2026-07-28 03:13:57:0861] ProductCode: {AC76BA86-1033-FFFF-7760-BC15014EA700}
[2026-07-28 03:13:57:0861] ProductName: Adobe Acrobat (64-bit)
[2026-07-28 03:13:57:0861] ProductVersion: 26.001.21691
[2026-07-28 03:13:57:0861] ProductUACPatching: enabled
[2026-07-28 03:13:57:0868] Using registered preference AUTO_ALL
[2026-07-28 03:13:57:0868] Last check for updates not expired, code: 120300
[2026-07-28 03:13:57:0868] Using registered preference AUTO_ALL
[2026-07-28 03:13:57:0868] Last check for updates not expired, code: 120300
[2026-07-28 03:13:58:0086] ARM returns ERROR_SUCCESS
[2026-07-28 03:13:58:0086] Adobe ARM 1.824.460.1149 logging finished.



[2026-07-28 06:43:57:0837] Adobe ARM 1.824.460.1149 logging started.
[2026-07-28 06:43:57:0837] Command Line: 
[2026-07-28 06:43:57:0857] Too soon to check for arm update
[2026-07-28 06:43:57:0864] ProductCode: {AC76BA86-1033-FFFF-7760-BC15014EA700}
[2026-07-28 06:43:57:0864] ProductName: Adobe Acrobat (64-bit)
[2026-07-28 06:43:57:0864] ProductVersion: 26.001.21691
[2026-07-28 06:43:57:0864] ProductUACPatching: enabled
[2026-07-28 06:43:57:0881] Using registered preference AUTO_ALL
[2026-07-28 06:43:57:0882] Last check for updates not expired, code: 120300
[2026-07-28 06:43:57:0883] Using registered preference AUTO_ALL
[2026-07-28 06:43:57:0883] Last check for updates not expired, code: 120300
[2026-07-28 06:43:58:0086] ARM returns ERROR_SUCCESS
[2026-07-28 06:43:58:0086] Adobe ARM 1.824.460.1149 logging finished.



[2026-07-28 10:00:01:0718] Adobe ARM 1.824.460.1149 logging started.
[2026-07-28 10:00:01:0718] Command Line: 
[2026-07-28 10:00:01:0738] Too soon to check for arm update
[2026-07-28 10:00:01:0747] ProductCode: {AC76BA86-1033-FFFF-7760-BC15014EA700}
[2026-07-28 10:00:01:0747] ProductName: Adobe Acrobat (64-bit)
[2026-07-28 10:00:01:0747] ProductVersion: 26.001.21691
[2026-07-28 10:00:01:0747] ProductUACPatching: enabled
[2026-07-28 10:00:01:0753] Using registered preference AUTO_ALL
[2026-07-28 10:00:01:0753] Last check for updates not expired, code: 120300
[2026-07-28 10:00:01:0753] Using registered preference AUTO_ALL
[2026-07-28 10:00:01:0753] Last check for updates not expired, code: 120300
[2026-07-28 10:00:01:0979] ARM returns ERROR_SUCCESS
[2026-07-28 10:00:01:0980] Adobe ARM 1.824.460.1149 logging finished.



[2026-07-28 10:13:57:0844] Adobe ARM 1.824.460.1149 logging started.
[2026-07-28 10:13:57:0844] Command Line: 
[2026-07-28 10:13:57:0860] Too soon to check for arm update
[2026-07-28 10:13:57:0860] ProductCode: {AC76BA86-1033-FFFF-7760-BC15014EA700}
[2026-07-28 10:13:57:0860] ProductName: Adobe Acrobat (64-bit)
[2026-07-28 10:13:57:0860] ProductVersion: 26.001.21691
[2026-07-28 10:13:57:0860] ProductUACPatching: enabled
[2026-07-28 10:13:57:0892] Using registered preference AUTO_ALL
[2026-07-28 10:13:57:0892] Last check for updates not expired, code: 120300
[2026-07-28 10:13:57:0892] Using registered preference AUTO_ALL
[2026-07-28 10:13:57:0892] Last check for updates not expired, code: 120300
[2026-07-28 10:13:58:0115] ARM returns ERROR_SUCCESS
[2026-07-28 10:13:58:0115] Adobe ARM 1.824.460.1149 logging finished.



[2026-07-28 10:26:24:0191] Adobe ARM 1.824.460.1149 logging started.
[2026-07-28 10:26:24:0191] Command Line: /PRODUCT:Acrobat /VERSION:26.0 /MODE:3
[2026-07-28 10:26:24:0217] ProductCode: {AC76BA86-1033-FFFF-7760-BC15014EA700}
[2026-07-28 10:26:24:0217] ProductName: Adobe Acrobat (64-bit)
[2026-07-28 10:26:24:0217] ProductVersion: 26.001.21691
[2026-07-28 10:26:24:0217] ProductUACPatching: enabled
[2026-07-28 10:26:24:0252] Using CommandLine preference AUTO_ALL
[2026-07-28 10:26:24:0258] Last check for updates not expired, code: 120300
[2026-07-28 10:26:24:0258] Using registered preference AUTO_ALL
[2026-07-28 10:26:24:0258] Last check for updates not expired, code: 120300
[2026-07-28 10:26:24:0483] ARM returns ERROR_SUCCESS
[2026-07-28 10:26:24:0483] Adobe ARM 1.824.460.1149 logging finished.



[2026-07-28 13:43:57:0835] Adobe ARM 1.824.460.1149 logging started.
[2026-07-28 13:43:57:0835] Command Line: 
[2026-07-28 13:43:57:0856] Too soon to check for arm update
[2026-07-28 13:43:57:0867] ProductCode: {AC76BA86-1033-FFFF-7760-BC15014EA700}
[2026-07-28 13:43:57:0867] ProductName: Adobe Acrobat (64-bit)
[2026-07-28 13:43:57:0867] ProductVersion: 26.001.21691
[2026-07-28 13:43:57:0867] ProductUACPatching: enabled
[2026-07-28 13:43:57:0895] Using registered preference AUTO_ALL
[2026-07-28 13:43:57:0897] Last check for updates not expired, code: 120300
[2026-07-28 13:43:57:0899] Using registered preference AUTO_ALL
[2026-07-28 13:43:57:0899] Last check for updates not expired, code: 120300
[2026-07-28 13:43:58:0105] ARM returns ERROR_SUCCESS
[2026-07-28 13:43:58:0105] Adobe ARM 1.824.460.1149 logging finished.



[2026-07-28 17:13:58:0176] Adobe ARM 1.824.460.1149 logging started.
[2026-07-28 17:13:58:0177] Command Line: 
[2026-07-28 17:13:58:0217] Too soon to check for arm update
[2026-07-28 17:13:58:0233] ProductCode: {AC76BA86-1033-FFFF-7760-BC15014EA700}
[2026-07-28 17:13:58:0233] ProductName: Adobe Acrobat (64-bit)
[2026-07-28 17:13:58:0233] ProductVersion: 26.001.21691
[2026-07-28 17:13:58:0233] ProductUACPatching: enabled
[2026-07-28 17:13:58:0267] Using registered preference AUTO_ALL
[2026-07-28 17:13:58:0269] Last check for updates not expired, code: 120300
[2026-07-28 17:13:58:0271] Using registered preference AUTO_ALL
[2026-07-28 17:13:58:0272] Last check for updates not expired, code: 120300
[2026-07-28 17:13:58:0497] ARM returns ERROR_SUCCESS
[2026-07-28 17:13:58:0497] Adobe ARM 1.824.460.1149 logging finished.



[2026-07-28 20:43:57:0836] Adobe ARM 1.824.460.1149 logging started.
[2026-07-28 20:43:57:0836] Command Line: 
[2026-07-28 20:43:57:0858] Too soon to check for arm update
[2026-07-28 20:43:57:0863] ProductCode: {AC76BA86-1033-FFFF-7760-BC15014EA700}
[2026-07-28 20:43:57:0863] ProductName: Adobe Acrobat (64-bit)
[2026-07-28 20:43:57:0863] ProductVersion: 26.001.21691
[2026-07-28 20:43:57:0863] ProductUACPatching: enabled
[2026-07-28 20:43:57:0879] Using registered preference AUTO_ALL
[2026-07-28 20:43:57:0879] Last check for updates not expired, code: 120300
[2026-07-28 20:43:57:0879] Using registered preference AUTO_ALL
[2026-07-28 20:43:57:0879] Last check for updates not expired, code: 120300
[2026-07-28 20:43:58:0118] ARM returns ERROR_SUCCESS
[2026-07-28 20:43:58:0118] Adobe ARM 1.824.460.1149 logging finished.



[2026-07-29 00:13:57:0845] Adobe ARM 1.824.460.1149 logging started.
[2026-07-29 00:13:57:0845] Command Line: 
[2026-07-29 00:13:57:0869] Too soon to check for arm update
[2026-07-29 00:13:57:0877] ProductCode: {AC76BA86-1033-FFFF-7760-BC15014EA700}
[2026-07-29 00:13:57:0877] ProductName: Adobe Acrobat (64-bit)
[2026-07-29 00:13:57:0877] ProductVersion: 26.001.21691
[2026-07-29 00:13:57:0877] ProductUACPatching: enabled
[2026-07-29 00:13:57:0898] Using registered preference AUTO_ALL
[2026-07-29 00:13:57:0900] Last check for updates not expired, code: 120300
[2026-07-29 00:13:57:0900] Using registered preference AUTO_ALL
[2026-07-29 00:13:57:0902] Last check for updates not expired, code: 120300
[2026-07-29 00:13:58:0128] ARM returns ERROR_SUCCESS
[2026-07-29 00:13:58:0128] Adobe ARM 1.824.460.1149 logging finished.



[2026-07-29 03:43:57:0843] Adobe ARM 1.824.460.1149 logging started.
[2026-07-29 03:43:57:0843] Command Line: 
[2026-07-29 03:43:57:0868] Too soon to check for arm update
[2026-07-29 03:43:57:0875] ProductCode: {AC76BA86-1033-FFFF-7760-BC15014EA700}
[2026-07-29 03:43:57:0875] ProductName: Adobe Acrobat (64-bit)
[2026-07-29 03:43:57:0875] ProductVersion: 26.001.21691
[2026-07-29 03:43:57:0875] ProductUACPatching: enabled
[2026-07-29 03:43:57:0891] Using registered preference AUTO_ALL
[2026-07-29 03:43:57:0891] Last check for updates not expired, code: 120300
[2026-07-29 03:43:57:0891] Using registered preference AUTO_ALL
[2026-07-29 03:43:57:0891] Last check for updates not expired, code: 120300
[2026-07-29 03:43:58:0127] ARM returns ERROR_SUCCESS
[2026-07-29 03:43:58:0127] Adobe ARM 1.824.460.1149 logging finished.



[2026-07-29 07:13:57:0840] Adobe ARM 1.824.460.1149 logging started.
[2026-07-29 07:13:57:0840] Command Line: 
[2026-07-29 07:13:57:0878] Too soon to check for arm update
[2026-07-29 07:13:57:0883] ProductCode: {AC76BA86-1033-FFFF-7760-BC15014EA700}
[2026-07-29 07:13:57:0883] ProductName: Adobe Acrobat (64-bit)
[2026-07-29 07:13:57:0883] ProductVersion: 26.001.21691
[2026-07-29 07:13:57:0883] ProductUACPatching: enabled
[2026-07-29 07:13:57:0901] Using registered preference AUTO_ALL
[2026-07-29 07:13:57:0901] Last check for updates not expired, code: 120300
[2026-07-29 07:13:57:0901] Using registered preference AUTO_ALL
[2026-07-29 07:13:57:0901] Last check for updates not expired, code: 120300
[2026-07-29 07:13:58:0132] ARM returns ERROR_SUCCESS
[2026-07-29 07:13:58:0132] Adobe ARM 1.824.460.1149 logging finished.



[2026-07-29 10:00:01:0683] Adobe ARM 1.824.460.1149 logging started.
[2026-07-29 10:00:01:0683] Command Line: 
[2026-07-29 10:00:01:0699] Too soon to check for arm update
[2026-07-29 10:00:01:0715] ProductCode: {AC76BA86-1033-FFFF-7760-BC15014EA700}
[2026-07-29 10:00:01:0715] ProductName: Adobe Acrobat (64-bit)
[2026-07-29 10:00:01:0715] ProductVersion: 26.001.21691
[2026-07-29 10:00:01:0715] ProductUACPatching: enabled
[2026-07-29 10:00:01:0735] Using registered preference AUTO_ALL
[2026-07-29 10:00:01:0735] Last check for updates not expired, code: 120300
[2026-07-29 10:00:01:0735] Using registered preference AUTO_ALL
[2026-07-29 10:00:01:0735] Last check for updates not expired, code: 120300
[2026-07-29 10:00:01:0956] ARM returns ERROR_SUCCESS
[2026-07-29 10:00:01:0956] Adobe ARM 1.824.460.1149 logging finished.



[2026-07-29 10:43:57:0892] Adobe ARM 1.824.460.1149 logging started.
[2026-07-29 10:43:57:0892] Command Line: 
[2026-07-29 10:43:57:0909] Too soon to check for arm update
[2026-07-29 10:43:57:0923] ProductCode: {AC76BA86-1033-FFFF-7760-BC15014EA700}
[2026-07-29 10:43:57:0923] ProductName: Adobe Acrobat (64-bit)
[2026-07-29 10:43:57:0923] ProductVersion: 26.001.21691
[2026-07-29 10:43:57:0923] ProductUACPatching: enabled
[2026-07-29 10:43:57:0939] Using registered preference AUTO_ALL
[2026-07-29 10:43:57:0939] Last check for updates not expired, code: 120300
[2026-07-29 10:43:57:0939] Using registered preference AUTO_ALL
[2026-07-29 10:43:57:0939] Last check for updates not expired, code: 120300
[2026-07-29 10:43:58:0147] ARM returns ERROR_SUCCESS
[2026-07-29 10:43:58:0147] Adobe ARM 1.824.460.1149 logging finished.



[2026-07-29 14:13:57:0849] Adobe ARM 1.824.460.1149 logging started.
[2026-07-29 14:13:57:0849] Command Line: 
[2026-07-29 14:13:57:0879] Too soon to check for arm update
[2026-07-29 14:13:57:0892] ProductCode: {AC76BA86-1033-FFFF-7760-BC15014EA700}
[2026-07-29 14:13:57:0892] ProductName: Adobe Acrobat (64-bit)
[2026-07-29 14:13:57:0892] ProductVersion: 26.001.21691
[2026-07-29 14:13:57:0892] ProductUACPatching: enabled
[2026-07-29 14:13:57:0917] Using registered preference AUTO_ALL
[2026-07-29 14:13:57:0918] Last check for updates not expired, code: 120300
[2026-07-29 14:13:57:0920] Using registered preference AUTO_ALL
[2026-07-29 14:13:57:0920] Last check for updates not expired, code: 120300
[2026-07-29 14:13:58:0157] ARM returns ERROR_SUCCESS
[2026-07-29 14:13:58:0157] Adobe ARM 1.824.460.1149 logging finished.



[2026-07-30 10:42:16:0921] Adobe ARM 1.824.460.1149 logging started.
[2026-07-30 10:42:16:0922] Command Line: 
[2026-07-30 10:42:24:0020] Newer version ARM update is not available
[2026-07-30 10:42:24:0031] ProductCode: {AC76BA86-1033-FFFF-7760-BC15014EA700}
[2026-07-30 10:42:24:0031] ProductName: Adobe Acrobat (64-bit)
[2026-07-30 10:42:24:0031] ProductVersion: 26.001.21691
[2026-07-30 10:42:24:0031] ProductUACPatching: enabled
[2026-07-30 10:42:24:0691] Using registered preference AUTO_ALL
[2026-07-30 10:42:28:0350] MDOV1615
[2026-07-30 10:42:28:0356] No files in Session, setting NO_UPDATES mode
[2026-07-30 10:42:28:0440] Using registered preference AUTO_ALL
[2026-07-30 10:42:29:0804] MDOV1615
[2026-07-30 10:42:29:0808] No files in Session, setting NO_UPDATES mode
[2026-07-30 10:42:30:0075] ARM returns ERROR_SUCCESS
[2026-07-30 10:42:30:0075] Adobe ARM 1.824.460.1149 logging finished.



[2026-07-30 10:48:59:0434] Adobe ARM 1.824.460.1149 logging started.
[2026-07-30 10:48:59:0434] Command Line: 
[2026-07-30 10:48:59:0454] Too soon to check for arm update
[2026-07-30 10:48:59:0464] ProductCode: {AC76BA86-1033-FFFF-7760-BC15014EA700}
[2026-07-30 10:48:59:0464] ProductName: Adobe Acrobat (64-bit)
[2026-07-30 10:48:59:0464] ProductVersion: 26.001.21691
[2026-07-30 10:48:59:0464] ProductUACPatching: enabled
[2026-07-30 10:48:59:0964] Using registered preference AUTO_ALL
[2026-07-30 10:48:59:0964] Last check for updates not expired, code: 120300
[2026-07-30 10:48:59:0964] Using registered preference AUTO_ALL
[2026-07-30 10:48:59:0964] Last check for updates not expired, code: 120300
[2026-07-30 10:49:00:0172] ARM returns ERROR_SUCCESS
[2026-07-30 10:49:00:0172] Adobe ARM 1.824.460.1149 logging finished.



[2026-07-30 14:18:59:0439] Adobe ARM 1.824.460.1149 logging started.
[2026-07-30 14:18:59:0439] Command Line: 
[2026-07-30 14:18:59:0472] Too soon to check for arm update
[2026-07-30 14:18:59:0483] ProductCode: {AC76BA86-1033-FFFF-7760-BC15014EA700}
[2026-07-30 14:18:59:0484] ProductName: Adobe Acrobat (64-bit)
[2026-07-30 14:18:59:0484] ProductVersion: 26.001.21691
[2026-07-30 14:18:59:0484] ProductUACPatching: enabled
[2026-07-30 14:18:59:0506] Using registered preference AUTO_ALL
[2026-07-30 14:18:59:0506] Last check for updates not expired, code: 120300
[2026-07-30 14:18:59:0506] Using registered preference AUTO_ALL
[2026-07-30 14:18:59:0506] Last check for updates not expired, code: 120300
[2026-07-30 14:18:59:0731] ARM returns ERROR_SUCCESS
[2026-07-30 14:18:59:0731] Adobe ARM 1.824.460.1149 logging finished.



[2026-07-30 17:48:59:0456] Adobe ARM 1.824.460.1149 logging started.
[2026-07-30 17:48:59:0456] Command Line: 
[2026-07-30 17:48:59:0487] Too soon to check for arm update
[2026-07-30 17:48:59:0497] ProductCode: {AC76BA86-1033-FFFF-7760-BC15014EA700}
[2026-07-30 17:48:59:0498] ProductName: Adobe Acrobat (64-bit)
[2026-07-30 17:48:59:0498] ProductVersion: 26.001.21691
[2026-07-30 17:48:59:0498] ProductUACPatching: enabled
[2026-07-30 17:48:59:0523] Using registered preference AUTO_ALL
[2026-07-30 17:48:59:0524] Last check for updates not expired, code: 120300
[2026-07-30 17:48:59:0525] Using registered preference AUTO_ALL
[2026-07-30 17:48:59:0526] Last check for updates not expired, code: 120300
[2026-07-30 17:48:59:0757] ARM returns ERROR_SUCCESS
[2026-07-30 17:48:59:0757] Adobe ARM 1.824.460.1149 logging finished.



[2026-07-30 21:18:59:0465] Adobe ARM 1.824.460.1149 logging started.
[2026-07-30 21:18:59:0465] Command Line: 
[2026-07-30 21:18:59:0504] Too soon to check for arm update
[2026-07-30 21:18:59:0521] ProductCode: {AC76BA86-1033-FFFF-7760-BC15014EA700}
[2026-07-30 21:18:59:0521] ProductName: Adobe Acrobat (64-bit)
[2026-07-30 21:18:59:0521] ProductVersion: 26.001.21691
[2026-07-30 21:18:59:0521] ProductUACPatching: enabled
[2026-07-30 21:18:59:0627] Using registered preference AUTO_ALL
[2026-07-30 21:18:59:0628] Last check for updates not expired, code: 120300
[2026-07-30 21:18:59:0629] Using registered preference AUTO_ALL
[2026-07-30 21:18:59:0630] Last check for updates not expired, code: 120300
[2026-07-30 21:18:59:0865] ARM returns ERROR_SUCCESS
[2026-07-30 21:18:59:0865] Adobe ARM 1.824.460.1149 logging finished.



[2026-07-31 00:48:59:0447] Adobe ARM 1.824.460.1149 logging started.
[2026-07-31 00:48:59:0447] Command Line: 
[2026-07-31 00:48:59:0480] Too soon to check for arm update
[2026-07-31 00:48:59:0490] ProductCode: {AC76BA86-1033-FFFF-7760-BC15014EA700}
[2026-07-31 00:48:59:0491] ProductName: Adobe Acrobat (64-bit)
[2026-07-31 00:48:59:0491] ProductVersion: 26.001.21691
[2026-07-31 00:48:59:0491] ProductUACPatching: enabled
[2026-07-31 00:48:59:0511] Using registered preference AUTO_ALL
[2026-07-31 00:48:59:0512] Last check for updates not expired, code: 120300
[2026-07-31 00:48:59:0513] Using registered preference AUTO_ALL
[2026-07-31 00:48:59:0513] Last check for updates not expired, code: 120300
[2026-07-31 00:48:59:0736] ARM returns ERROR_SUCCESS
[2026-07-31 00:48:59:0736] Adobe ARM 1.824.460.1149 logging finished.



[2026-07-31 04:18:59:0449] Adobe ARM 1.824.460.1149 logging started.
[2026-07-31 04:18:59:0450] Command Line: 
[2026-07-31 04:18:59:0473] Too soon to check for arm update
[2026-07-31 04:18:59:0481] ProductCode: {AC76BA86-1033-FFFF-7760-BC15014EA700}
[2026-07-31 04:18:59:0481] ProductName: Adobe Acrobat (64-bit)
[2026-07-31 04:18:59:0481] ProductVersion: 26.001.21691
[2026-07-31 04:18:59:0481] ProductUACPatching: enabled
[2026-07-31 04:18:59:0503] Using registered preference AUTO_ALL
[2026-07-31 04:18:59:0504] Last check for updates not expired, code: 120300
[2026-07-31 04:18:59:0505] Using registered preference AUTO_ALL
[2026-07-31 04:18:59:0506] Last check for updates not expired, code: 120300
[2026-07-31 04:18:59:0723] ARM returns ERROR_SUCCESS
[2026-07-31 04:18:59:0723] Adobe ARM 1.824.460.1149 logging finished.



[2026-07-31 07:48:59:0471] Adobe ARM 1.824.460.1149 logging started.
[2026-07-31 07:48:59:0471] Command Line: 
[2026-07-31 07:48:59:0504] Too soon to check for arm update
[2026-07-31 07:48:59:0521] ProductCode: {AC76BA86-1033-FFFF-7760-BC15014EA700}
[2026-07-31 07:48:59:0521] ProductName: Adobe Acrobat (64-bit)
[2026-07-31 07:48:59:0521] ProductVersion: 26.001.21691
[2026-07-31 07:48:59:0521] ProductUACPatching: enabled
[2026-07-31 07:48:59:0544] Using registered preference AUTO_ALL
[2026-07-31 07:48:59:0545] Last check for updates not expired, code: 120300
[2026-07-31 07:48:59:0547] Using registered preference AUTO_ALL
[2026-07-31 07:48:59:0547] Last check for updates not expired, code: 120300
[2026-07-31 07:48:59:0761] ARM returns ERROR_SUCCESS
[2026-07-31 07:48:59:0761] Adobe ARM 1.824.460.1149 logging finished.



[2026-07-31 10:00:01:0616] Adobe ARM 1.824.460.1149 logging started.
[2026-07-31 10:00:01:0617] Command Line: 
[2026-07-31 10:00:01:0649] Too soon to check for arm update
[2026-07-31 10:00:01:0665] ProductCode: {AC76BA86-1033-FFFF-7760-BC15014EA700}
[2026-07-31 10:00:01:0665] ProductName: Adobe Acrobat (64-bit)
[2026-07-31 10:00:01:0665] ProductVersion: 26.001.21691
[2026-07-31 10:00:01:0665] ProductUACPatching: enabled
[2026-07-31 10:00:01:0690] Using registered preference AUTO_ALL
[2026-07-31 10:00:01:0691] Last check for updates not expired, code: 120300
[2026-07-31 10:00:01:0692] Using registered preference AUTO_ALL
[2026-07-31 10:00:01:0693] Last check for updates not expired, code: 120300
[2026-07-31 10:00:01:0908] ARM returns ERROR_SUCCESS
[2026-07-31 10:00:01:0908] Adobe ARM 1.824.460.1149 logging finished.



[2026-07-31 11:07:09:0246] Adobe ARM 1.824.460.1149 logging started.
[2026-07-31 11:07:09:0246] Command Line: /PRODUCT:Acrobat /VERSION:26.0 /MODE:3
[2026-07-31 11:07:09:0291] ProductCode: {AC76BA86-1033-FFFF-7760-BC15014EA700}
[2026-07-31 11:07:09:0292] ProductName: Adobe Acrobat (64-bit)
[2026-07-31 11:07:09:0292] ProductVersion: 26.001.21691
[2026-07-31 11:07:09:0292] ProductUACPatching: enabled
[2026-07-31 11:07:09:0323] Using CommandLine preference AUTO_ALL
[2026-07-31 11:07:09:0329] Last check for updates not expired, code: 120300
[2026-07-31 11:07:09:0331] Using registered preference AUTO_ALL
[2026-07-31 11:07:09:0332] Last check for updates not expired, code: 120300
[2026-07-31 11:07:09:0560] ARM returns ERROR_SUCCESS
[2026-07-31 11:07:09:0560] Adobe ARM 1.824.460.1149 logging finished.



[2026-07-31 11:18:59:0471] Adobe ARM 1.824.460.1149 logging started.
[2026-07-31 11:18:59:0471] Command Line: 
[2026-07-31 11:18:59:0502] Too soon to check for arm update
[2026-07-31 11:18:59:0518] ProductCode: {AC76BA86-1033-FFFF-7760-BC15014EA700}
[2026-07-31 11:18:59:0518] ProductName: Adobe Acrobat (64-bit)
[2026-07-31 11:18:59:0518] ProductVersion: 26.001.21691
[2026-07-31 11:18:59:0518] ProductUACPatching: enabled
[2026-07-31 11:18:59:0548] Using registered preference AUTO_ALL
[2026-07-31 11:18:59:0549] Last check for updates not expired, code: 120300
[2026-07-31 11:18:59:0550] Using registered preference AUTO_ALL
[2026-07-31 11:18:59:0551] Last check for updates not expired, code: 120300
[2026-07-31 11:18:59:0775] ARM returns ERROR_SUCCESS
[2026-07-31 11:18:59:0775] Adobe ARM 1.824.460.1149 logging finished.



[2026-07-31 14:48:59:0475] Adobe ARM 1.824.460.1149 logging started.
[2026-07-31 14:48:59:0476] Command Line: 
[2026-07-31 14:48:59:0521] Too soon to check for arm update
[2026-07-31 14:48:59:0541] ProductCode: {AC76BA86-1033-FFFF-7760-BC15014EA700}
[2026-07-31 14:48:59:0541] ProductName: Adobe Acrobat (64-bit)
[2026-07-31 14:48:59:0542] ProductVersion: 26.001.21691
[2026-07-31 14:48:59:0542] ProductUACPatching: enabled
[2026-07-31 14:48:59:0577] Using registered preference AUTO_ALL
[2026-07-31 14:48:59:0578] Last check for updates not expired, code: 120300
[2026-07-31 14:48:59:0580] Using registered preference AUTO_ALL
[2026-07-31 14:48:59:0581] Last check for updates not expired, code: 120300
[2026-07-31 14:48:59:0816] ARM returns ERROR_SUCCESS
[2026-07-31 14:48:59:0817] Adobe ARM 1.824.460.1149 logging finished.



[2026-07-31 18:18:59:0434] Adobe ARM 1.824.460.1149 logging started.
[2026-07-31 18:18:59:0434] Command Line: 
[2026-07-31 18:18:59:0466] Too soon to check for arm update
[2026-07-31 18:18:59:0481] ProductCode: {AC76BA86-1033-FFFF-7760-BC15014EA700}
[2026-07-31 18:18:59:0481] ProductName: Adobe Acrobat (64-bit)
[2026-07-31 18:18:59:0481] ProductVersion: 26.001.21691
[2026-07-31 18:18:59:0481] ProductUACPatching: enabled
[2026-07-31 18:18:59:0498] Using registered preference AUTO_ALL
[2026-07-31 18:18:59:0498] Last check for updates not expired, code: 120300
[2026-07-31 18:18:59:0498] Using registered preference AUTO_ALL
[2026-07-31 18:18:59:0498] Last check for updates not expired, code: 120300
[2026-07-31 18:18:59:0725] ARM returns ERROR_SUCCESS
[2026-07-31 18:18:59:0725] Adobe ARM 1.824.460.1149 logging finished.



[2026-08-03 10:30:39:0519] Adobe ARM 1.824.460.1149 logging started.
[2026-08-03 10:30:39:0519] Command Line: /PRODUCT:Acrobat /VERSION:26.0 /MODE:3
[2026-08-03 10:30:39:0549] ProductCode: {AC76BA86-1033-FFFF-7760-BC15014EA700}
[2026-08-03 10:30:39:0549] ProductName: Adobe Acrobat (64-bit)
[2026-08-03 10:30:39:0549] ProductVersion: 26.001.21691
[2026-08-03 10:30:39:0549] ProductUACPatching: enabled
[2026-08-03 10:30:40:0146] Using CommandLine preference AUTO_ALL
[2026-08-03 10:30:50:0860] MDOV1615
[2026-08-03 10:30:50:0860] New file object: AcrobatDCx64Upd2600121771_incr.msp
[2026-08-03 10:30:50:0860] MVF259
[2026-08-03 10:31:25:0492] Newer version ARM update is not available
[2026-08-03 10:31:26:0650] WriteSharedMemory(): succeeded. mapping obj name: Global\{E8F34725-3471-4506-B28B-47145817B1AE}_539265657thsnYaViMRAeBoda
[2026-08-03 10:31:28:0018] ARM returns ERROR_SUCCESS
[2026-08-03 10:31:28:0018] Adobe ARM 1.824.460.1149 logging finished.



[2026-08-03 10:31:29:0607] Adobe ARM 1.824.460.1149 logging started.
[2026-08-03 10:31:29:0607] Command Line: /CloseApplications /FOLDER:"Distiller;AdobeCollabSynchronizerNotification;AcrobatTrayIcon"
[2026-08-03 10:31:29:0607] ARM returns ERROR_SUCCESS
[2026-08-03 10:31:29:0607] Adobe ARM 1.824.460.1149 logging finished.



[2026-08-03 10:33:39:0355] Adobe ARM 1.824.460.1149 logging started.
[2026-08-03 10:33:39:0355] Command Line: 
[2026-08-03 10:33:49:0165] Newer version ARM update is not available
[2026-08-03 10:33:49:0198] ProductCode: {AC76BA86-1033-FFFF-7760-BC15014EA700}
[2026-08-03 10:33:49:0198] ProductName: Adobe Acrobat (64-bit)
[2026-08-03 10:33:49:0198] ProductVersion: 26.001.21771
[2026-08-03 10:33:49:0198] ProductUACPatching: enabled
[2026-08-03 10:33:50:0076] Using registered preference AUTO_ALL
[2026-08-03 10:33:50:0076] Last check for updates not expired, code: 120300
[2026-08-03 10:33:50:0084] Using registered preference AUTO_ALL
[2026-08-03 10:33:51:0488] MDOV1615
[2026-08-03 10:33:51:0490] No files in Session, setting NO_UPDATES mode
[2026-08-03 10:33:51:0758] ARM returns ERROR_SUCCESS
[2026-08-03 10:33:51:0758] Adobe ARM 1.824.460.1149 logging finished.



[2026-08-03 10:41:27:0339] Adobe ARM 1.824.460.1149 logging started.
[2026-08-03 10:41:27:0339] Command Line: 
[2026-08-03 10:41:27:0357] Too soon to check for arm update
[2026-08-03 10:41:27:0374] ProductCode: {AC76BA86-1033-FFFF-7760-BC15014EA700}
[2026-08-03 10:41:27:0374] ProductName: Adobe Acrobat (64-bit)
[2026-08-03 10:41:27:0374] ProductVersion: 26.001.21771
[2026-08-03 10:41:27:0374] ProductUACPatching: enabled
[2026-08-03 10:41:27:0406] Using registered preference AUTO_ALL
[2026-08-03 10:41:27:0406] Last check for updates not expired, code: 120300
[2026-08-03 10:41:27:0408] Using registered preference AUTO_ALL
[2026-08-03 10:41:27:0408] Last check for updates not expired, code: 120300
[2026-08-03 10:41:27:0651] ARM returns ERROR_SUCCESS
[2026-08-03 10:41:27:0651] Adobe ARM 1.824.460.1149 logging finished.



[2026-08-03 14:11:27:0338] Adobe ARM 1.824.460.1149 logging started.
[2026-08-03 14:11:27:0338] Command Line: 
[2026-08-03 14:11:27:0362] Too soon to check for arm update
[2026-08-03 14:11:27:0370] ProductCode: {AC76BA86-1033-FFFF-7760-BC15014EA700}
[2026-08-03 14:11:27:0370] ProductName: Adobe Acrobat (64-bit)
[2026-08-03 14:11:27:0370] ProductVersion: 26.001.21771
[2026-08-03 14:11:27:0370] ProductUACPatching: enabled
[2026-08-03 14:11:27:0390] Using registered preference AUTO_ALL
[2026-08-03 14:11:27:0390] Last check for updates not expired, code: 120300
[2026-08-03 14:11:27:0402] Using registered preference AUTO_ALL
[2026-08-03 14:11:27:0402] Last check for updates not expired, code: 120300
[2026-08-03 14:11:27:0624] ARM returns ERROR_SUCCESS
[2026-08-03 14:11:27:0624] Adobe ARM 1.824.460.1149 logging finished.



[2026-08-03 15:48:27:0147] Adobe ARM 1.824.460.1149 logging started.
[2026-08-03 15:48:27:0147] Command Line: 
[2026-08-03 15:48:27:0197] Too soon to check for arm update
[2026-08-03 15:48:27:0218] ProductCode: {AC76BA86-1033-FFFF-7760-BC15014EA700}
[2026-08-03 15:48:27:0218] ProductName: Adobe Acrobat (64-bit)
[2026-08-03 15:48:27:0218] ProductVersion: 26.001.21771
[2026-08-03 15:48:27:0218] ProductUACPatching: enabled
[2026-08-03 15:48:28:0160] Using registered preference AUTO_ALL
[2026-08-03 15:48:28:0162] Last check for updates not expired, code: 120300
[2026-08-03 15:48:28:0166] Using registered preference AUTO_ALL
[2026-08-03 15:48:28:0166] Last check for updates not expired, code: 120300
[2026-08-03 15:48:28:0394] ARM returns ERROR_SUCCESS
[2026-08-03 15:48:28:0396] Adobe ARM 1.824.460.1149 logging finished.



[2026-08-03 19:18:27:0087] Adobe ARM 1.824.460.1149 logging started.
[2026-08-03 19:18:27:0087] Command Line: 
[2026-08-03 19:18:27:0108] Too soon to check for arm update
[2026-08-03 19:18:27:0120] ProductCode: {AC76BA86-1033-FFFF-7760-BC15014EA700}
[2026-08-03 19:18:27:0120] ProductName: Adobe Acrobat (64-bit)
[2026-08-03 19:18:27:0120] ProductVersion: 26.001.21771
[2026-08-03 19:18:27:0120] ProductUACPatching: enabled
[2026-08-03 19:18:27:0143] Using registered preference AUTO_ALL
[2026-08-03 19:18:27:0143] Last check for updates not expired, code: 120300
[2026-08-03 19:18:27:0143] Using registered preference AUTO_ALL
[2026-08-03 19:18:27:0143] Last check for updates not expired, code: 120300
[2026-08-03 19:18:27:0375] ARM returns ERROR_SUCCESS
[2026-08-03 19:18:27:0375] Adobe ARM 1.824.460.1149 logging finished.



[2026-08-03 22:48:27:0176] Adobe ARM 1.824.460.1149 logging started.
[2026-08-03 22:48:27:0178] Command Line: 
[2026-08-03 22:48:27:0244] Too soon to check for arm update
[2026-08-03 22:48:27:0268] ProductCode: {AC76BA86-1033-FFFF-7760-BC15014EA700}
[2026-08-03 22:48:27:0268] ProductName: Adobe Acrobat (64-bit)
[2026-08-03 22:48:27:0268] ProductVersion: 26.001.21771
[2026-08-03 22:48:27:0268] ProductUACPatching: enabled
[2026-08-03 22:48:27:0304] Using registered preference AUTO_ALL
[2026-08-03 22:48:27:0304] Last check for updates not expired, code: 120300
[2026-08-03 22:48:27:0304] Using registered preference AUTO_ALL
[2026-08-03 22:48:27:0304] Last check for updates not expired, code: 120300
[2026-08-03 22:48:27:0537] ARM returns ERROR_SUCCESS
[2026-08-03 22:48:27:0537] Adobe ARM 1.824.460.1149 logging finished.



[2026-08-04 02:18:27:0127] Adobe ARM 1.824.460.1149 logging started.
[2026-08-04 02:18:27:0127] Command Line: 
[2026-08-04 02:18:27:0158] Too soon to check for arm update
[2026-08-04 02:18:27:0174] ProductCode: {AC76BA86-1033-FFFF-7760-BC15014EA700}
[2026-08-04 02:18:27:0174] ProductName: Adobe Acrobat (64-bit)
[2026-08-04 02:18:27:0174] ProductVersion: 26.001.21771
[2026-08-04 02:18:27:0174] ProductUACPatching: enabled
[2026-08-04 02:18:27:0192] Using registered preference AUTO_ALL
[2026-08-04 02:18:27:0192] Last check for updates not expired, code: 120300
[2026-08-04 02:18:27:0192] Using registered preference AUTO_ALL
[2026-08-04 02:18:27:0192] Last check for updates not expired, code: 120300
[2026-08-04 02:18:27:0397] ARM returns ERROR_SUCCESS
[2026-08-04 02:18:27:0397] Adobe ARM 1.824.460.1149 logging finished.



[2026-08-04 05:48:27:0078] Adobe ARM 1.824.460.1149 logging started.
[2026-08-04 05:48:27:0078] Command Line: 
[2026-08-04 05:48:27:0094] Too soon to check for arm update
[2026-08-04 05:48:27:0094] ProductCode: {AC76BA86-1033-FFFF-7760-BC15014EA700}
[2026-08-04 05:48:27:0094] ProductName: Adobe Acrobat (64-bit)
[2026-08-04 05:48:27:0094] ProductVersion: 26.001.21771
[2026-08-04 05:48:27:0094] ProductUACPatching: enabled
[2026-08-04 05:48:27:0110] Using registered preference AUTO_ALL
[2026-08-04 05:48:27:0125] Last check for updates not expired, code: 120300
[2026-08-04 05:48:27:0125] Using registered preference AUTO_ALL
[2026-08-04 05:48:27:0125] Last check for updates not expired, code: 120300
[2026-08-04 05:48:27:0334] ARM returns ERROR_SUCCESS
[2026-08-04 05:48:27:0334] Adobe ARM 1.824.460.1149 logging finished.



[2026-08-04 09:18:27:0067] Adobe ARM 1.824.460.1149 logging started.
[2026-08-04 09:18:27:0076] Command Line: 
[2026-08-04 09:18:27:0098] Too soon to check for arm update
[2026-08-04 09:18:27:0107] ProductCode: {AC76BA86-1033-FFFF-7760-BC15014EA700}
[2026-08-04 09:18:27:0107] ProductName: Adobe Acrobat (64-bit)
[2026-08-04 09:18:27:0107] ProductVersion: 26.001.21771
[2026-08-04 09:18:27:0107] ProductUACPatching: enabled
[2026-08-04 09:18:27:0129] Using registered preference AUTO_ALL
[2026-08-04 09:18:27:0129] Last check for updates not expired, code: 120300
[2026-08-04 09:18:27:0131] Using registered preference AUTO_ALL
[2026-08-04 09:18:27:0131] Last check for updates not expired, code: 120300
[2026-08-04 09:18:27:0337] ARM returns ERROR_SUCCESS
[2026-08-04 09:18:27:0337] Adobe ARM 1.824.460.1149 logging finished.



[2026-08-04 10:00:01:0197] Adobe ARM 1.824.460.1149 logging started.
[2026-08-04 10:00:01:0197] Command Line: 
[2026-08-04 10:00:01:0213] Too soon to check for arm update
[2026-08-04 10:00:01:0222] ProductCode: {AC76BA86-1033-FFFF-7760-BC15014EA700}
[2026-08-04 10:00:01:0222] ProductName: Adobe Acrobat (64-bit)
[2026-08-04 10:00:01:0222] ProductVersion: 26.001.21771
[2026-08-04 10:00:01:0222] ProductUACPatching: enabled
[2026-08-04 10:00:01:0229] Using registered preference AUTO_ALL
[2026-08-04 10:00:01:0229] Last check for updates not expired, code: 120300
[2026-08-04 10:00:01:0229] Using registered preference AUTO_ALL
[2026-08-04 10:00:01:0229] Last check for updates not expired, code: 120300
[2026-08-04 10:00:01:0452] ARM returns ERROR_SUCCESS
[2026-08-04 10:00:01:0452] Adobe ARM 1.824.460.1149 logging finished.



[2026-08-04 12:48:27:0197] Adobe ARM 1.824.460.1149 logging started.
[2026-08-04 12:48:27:0213] Command Line: 
[2026-08-04 12:48:27:0231] Too soon to check for arm update
[2026-08-04 12:48:27:0244] ProductCode: {AC76BA86-1033-FFFF-7760-BC15014EA700}
[2026-08-04 12:48:27:0244] ProductName: Adobe Acrobat (64-bit)
[2026-08-04 12:48:27:0244] ProductVersion: 26.001.21771
[2026-08-04 12:48:27:0244] ProductUACPatching: enabled
[2026-08-04 12:48:27:0265] Using registered preference AUTO_ALL
[2026-08-04 12:48:27:0265] Last check for updates not expired, code: 120300
[2026-08-04 12:48:27:0265] Using registered preference AUTO_ALL
[2026-08-04 12:48:27:0265] Last check for updates not expired, code: 120300
[2026-08-04 12:48:27:0485] ARM returns ERROR_SUCCESS
[2026-08-04 12:48:27:0485] Adobe ARM 1.824.460.1149 logging finished.



[2026-08-04 16:18:27:0111] Adobe ARM 1.824.460.1149 logging started.
[2026-08-04 16:18:27:0111] Command Line: 
[2026-08-04 16:18:27:0146] Too soon to check for arm update
[2026-08-04 16:18:27:0157] ProductCode: {AC76BA86-1033-FFFF-7760-BC15014EA700}
[2026-08-04 16:18:27:0157] ProductName: Adobe Acrobat (64-bit)
[2026-08-04 16:18:27:0157] ProductVersion: 26.001.21771
[2026-08-04 16:18:27:0157] ProductUACPatching: enabled
[2026-08-04 16:18:27:0186] Using registered preference AUTO_ALL
[2026-08-04 16:18:27:0187] Last check for updates not expired, code: 120300
[2026-08-04 16:18:27:0189] Using registered preference AUTO_ALL
[2026-08-04 16:18:27:0191] Last check for updates not expired, code: 120300
[2026-08-04 16:18:27:0419] ARM returns ERROR_SUCCESS
[2026-08-04 16:18:27:0419] Adobe ARM 1.824.460.1149 logging finished.



[2026-08-04 19:48:27:0100] Adobe ARM 1.824.460.1149 logging started.
[2026-08-04 19:48:27:0100] Command Line: 
[2026-08-04 19:48:27:0137] Too soon to check for arm update
[2026-08-04 19:48:27:0150] ProductCode: {AC76BA86-1033-FFFF-7760-BC15014EA700}
[2026-08-04 19:48:27:0150] ProductName: Adobe Acrobat (64-bit)
[2026-08-04 19:48:27:0150] ProductVersion: 26.001.21771
[2026-08-04 19:48:27:0150] ProductUACPatching: enabled
[2026-08-04 19:48:27:0171] Using registered preference AUTO_ALL
[2026-08-04 19:48:27:0172] Last check for updates not expired, code: 120300
[2026-08-04 19:48:27:0173] Using registered preference AUTO_ALL
[2026-08-04 19:48:27:0174] Last check for updates not expired, code: 120300
[2026-08-04 19:48:27:0383] ARM returns ERROR_SUCCESS
[2026-08-04 19:48:27:0383] Adobe ARM 1.824.460.1149 logging finished.



[2026-08-04 23:18:27:0113] Adobe ARM 1.824.460.1149 logging started.
[2026-08-04 23:18:27:0113] Command Line: 
[2026-08-04 23:18:27:0137] Too soon to check for arm update
[2026-08-04 23:18:27:0170] ProductCode: {AC76BA86-1033-FFFF-7760-BC15014EA700}
[2026-08-04 23:18:27:0170] ProductName: Adobe Acrobat (64-bit)
[2026-08-04 23:18:27:0170] ProductVersion: 26.001.21771
[2026-08-04 23:18:27:0170] ProductUACPatching: enabled
[2026-08-04 23:18:27:0197] Using registered preference AUTO_ALL
[2026-08-04 23:18:27:0197] Last check for updates not expired, code: 120300
[2026-08-04 23:18:27:0199] Using registered preference AUTO_ALL
[2026-08-04 23:18:27:0199] Last check for updates not expired, code: 120300
[2026-08-04 23:18:27:0419] ARM returns ERROR_SUCCESS
[2026-08-04 23:18:27:0419] Adobe ARM 1.824.460.1149 logging finished.



[2026-08-05 02:48:27:0091] Adobe ARM 1.824.460.1149 logging started.
[2026-08-05 02:48:27:0091] Command Line: 
[2026-08-05 02:48:27:0123] Too soon to check for arm update
[2026-08-05 02:48:27:0123] ProductCode: {AC76BA86-1033-FFFF-7760-BC15014EA700}
[2026-08-05 02:48:27:0123] ProductName: Adobe Acrobat (64-bit)
[2026-08-05 02:48:27:0123] ProductVersion: 26.001.21771
[2026-08-05 02:48:27:0123] ProductUACPatching: enabled
[2026-08-05 02:48:27:0155] Using registered preference AUTO_ALL
[2026-08-05 02:48:27:0155] Last check for updates not expired, code: 120300
[2026-08-05 02:48:27:0155] Using registered preference AUTO_ALL
[2026-08-05 02:48:27:0155] Last check for updates not expired, code: 120300
[2026-08-05 02:48:27:0363] ARM returns ERROR_SUCCESS
[2026-08-05 02:48:27:0363] Adobe ARM 1.824.460.1149 logging finished.



[2026-08-05 06:18:27:0073] Adobe ARM 1.824.460.1149 logging started.
[2026-08-05 06:18:27:0073] Command Line: 
[2026-08-05 06:18:27:0105] Too soon to check for arm update
[2026-08-05 06:18:27:0120] ProductCode: {AC76BA86-1033-FFFF-7760-BC15014EA700}
[2026-08-05 06:18:27:0120] ProductName: Adobe Acrobat (64-bit)
[2026-08-05 06:18:27:0120] ProductVersion: 26.001.21771
[2026-08-05 06:18:27:0120] ProductUACPatching: enabled
[2026-08-05 06:18:27:0141] Using registered preference AUTO_ALL
[2026-08-05 06:18:27:0141] Last check for updates not expired, code: 120300
[2026-08-05 06:18:27:0141] Using registered preference AUTO_ALL
[2026-08-05 06:18:27:0141] Last check for updates not expired, code: 120300
[2026-08-05 06:18:27:0359] ARM returns ERROR_SUCCESS
[2026-08-05 06:18:27:0359] Adobe ARM 1.824.460.1149 logging finished.



[2026-08-05 09:48:27:0077] Adobe ARM 1.824.460.1149 logging started.
[2026-08-05 09:48:27:0077] Command Line: 
[2026-08-05 09:48:27:0124] Too soon to check for arm update
[2026-08-05 09:48:27:0139] ProductCode: {AC76BA86-1033-FFFF-7760-BC15014EA700}
[2026-08-05 09:48:27:0139] ProductName: Adobe Acrobat (64-bit)
[2026-08-05 09:48:27:0139] ProductVersion: 26.001.21771
[2026-08-05 09:48:27:0139] ProductUACPatching: enabled
[2026-08-05 09:48:27:0155] Using registered preference AUTO_ALL
[2026-08-05 09:48:27:0155] Last check for updates not expired, code: 120300
[2026-08-05 09:48:27:0155] Using registered preference AUTO_ALL
[2026-08-05 09:48:27:0155] Last check for updates not expired, code: 120300
[2026-08-05 09:48:27:0396] ARM returns ERROR_SUCCESS
[2026-08-05 09:48:27:0396] Adobe ARM 1.824.460.1149 logging finished.



[2026-08-05 10:00:01:0768] Adobe ARM 1.824.460.1149 logging started.
[2026-08-05 10:00:01:0768] Command Line: 
[2026-08-05 10:00:01:0776] Too soon to check for arm update
[2026-08-05 10:00:01:0792] ProductCode: {AC76BA86-1033-FFFF-7760-BC15014EA700}
[2026-08-05 10:00:01:0792] ProductName: Adobe Acrobat (64-bit)
[2026-08-05 10:00:01:0798] ProductVersion: 26.001.21771
[2026-08-05 10:00:01:0798] ProductUACPatching: enabled
[2026-08-05 10:00:01:0808] Using registered preference AUTO_ALL
[2026-08-05 10:00:01:0808] Last check for updates not expired, code: 120300
[2026-08-05 10:00:01:0808] Using registered preference AUTO_ALL
[2026-08-05 10:00:01:0808] Last check for updates not expired, code: 120300
[2026-08-05 10:00:02:0032] ARM returns ERROR_SUCCESS
[2026-08-05 10:00:02:0032] Adobe ARM 1.824.460.1149 logging finished.



[2026-08-05 13:18:27:0153] Adobe ARM 1.824.460.1149 logging started.
[2026-08-05 13:18:27:0153] Command Line: 
[2026-08-05 13:18:27:0170] Too soon to check for arm update
[2026-08-05 13:18:27:0188] ProductCode: {AC76BA86-1033-FFFF-7760-BC15014EA700}
[2026-08-05 13:18:27:0188] ProductName: Adobe Acrobat (64-bit)
[2026-08-05 13:18:27:0188] ProductVersion: 26.001.21771
[2026-08-05 13:18:27:0188] ProductUACPatching: enabled
[2026-08-05 13:18:27:0203] Using registered preference AUTO_ALL
[2026-08-05 13:18:27:0203] Last check for updates not expired, code: 120300
[2026-08-05 13:18:27:0217] Using registered preference AUTO_ALL
[2026-08-05 13:18:27:0217] Last check for updates not expired, code: 120300
[2026-08-05 13:18:27:0436] ARM returns ERROR_SUCCESS
[2026-08-05 13:18:27:0436] Adobe ARM 1.824.460.1149 logging finished.



[2026-08-05 18:06:47:0212] Adobe ARM 1.824.460.1149 logging started.
[2026-08-05 18:06:47:0212] Command Line: 
[2026-08-05 18:06:47:0345] Too soon to check for arm update
[2026-08-05 18:06:47:0545] ProductCode: {AC76BA86-1033-FFFF-7760-BC15014EA700}
[2026-08-05 18:06:47:0545] ProductName: Adobe Acrobat (64-bit)
[2026-08-05 18:06:47:0545] ProductVersion: 26.001.21771
[2026-08-05 18:06:47:0545] ProductUACPatching: enabled
[2026-08-05 18:06:47:0597] Using registered preference AUTO_ALL
[2026-08-05 18:06:47:0597] Last check for updates not expired, code: 120300
[2026-08-05 18:06:47:0597] Using registered preference AUTO_ALL
[2026-08-05 18:06:47:0597] Last check for updates not expired, code: 120300
[2026-08-05 18:06:47:0815] ARM returns ERROR_SUCCESS
[2026-08-05 18:06:47:0815] Adobe ARM 1.824.460.1149 logging finished.



[2026-08-05 20:18:27:0069] Adobe ARM 1.824.460.1149 logging started.
[2026-08-05 20:18:27:0069] Command Line: 
[2026-08-05 20:18:27:0086] Too soon to check for arm update
[2026-08-05 20:18:27:0086] ProductCode: {AC76BA86-1033-FFFF-7760-BC15014EA700}
[2026-08-05 20:18:27:0086] ProductName: Adobe Acrobat (64-bit)
[2026-08-05 20:18:27:0086] ProductVersion: 26.001.21771
[2026-08-05 20:18:27:0086] ProductUACPatching: enabled
[2026-08-05 20:18:27:0102] Using registered preference AUTO_ALL
[2026-08-05 20:18:27:0102] Last check for updates not expired, code: 120300
[2026-08-05 20:18:27:0118] Using registered preference AUTO_ALL
[2026-08-05 20:18:27:0118] Last check for updates not expired, code: 120300
[2026-08-05 20:18:27:0325] ARM returns ERROR_SUCCESS
[2026-08-05 20:18:27:0325] Adobe ARM 1.824.460.1149 logging finished.



[2026-08-05 23:48:27:0330] Adobe ARM 1.824.460.1149 logging started.
[2026-08-05 23:48:27:0330] Command Line: 
[2026-08-05 23:48:27:0374] Too soon to check for arm update
[2026-08-05 23:48:27:0389] ProductCode: {AC76BA86-1033-FFFF-7760-BC15014EA700}
[2026-08-05 23:48:27:0389] ProductName: Adobe Acrobat (64-bit)
[2026-08-05 23:48:27:0389] ProductVersion: 26.001.21771
[2026-08-05 23:48:27:0389] ProductUACPatching: enabled
[2026-08-05 23:48:28:0242] Using registered preference AUTO_ALL
[2026-08-05 23:48:28:0242] Last check for updates not expired, code: 120300
[2026-08-05 23:48:28:0242] Using registered preference AUTO_ALL
[2026-08-05 23:48:28:0242] Last check for updates not expired, code: 120300
[2026-08-05 23:48:28:0474] ARM returns ERROR_SUCCESS
[2026-08-05 23:48:28:0474] Adobe ARM 1.824.460.1149 logging finished.
