[2026-07-07_11-21-44] ADBox has launched
[2026-07-07_11-21-44] ADBox version=25.1.21223
[2026-07-07_11-21-44] Num of req params found: 3
[2026-07-07_11-21-44] Package Codes list: {AC76BA86-1033-FFFF-7760-BC15014EA700},{AC76BA86-1049-1033-7760-BC15014EA700},{AC76BA86-1051-1033-7760-BC15014EA700},{AC76BA86-1045-1033-7760-BC15014EA700},{AC76BA86-1042-1033-7760-BC15014EA700},{AC76BA86-1033-FFFF-7760-0E1401753200},{AC76BA86-1035-1033-7760-BC15014EA700},{AC76BA86-1031-1033-7760-BC15014EA700},{AC76BA86-1046-1033-7760-BC15014EA700},{AC76BA86-1033-FFFF-7760-BC15014EA700},{AC76BA86-1036-1033-7760-BC15014EA700},{AC76BA86-1041-1033-7760-BC15014EA700},{AC76BA86-1060-1033-7760-BC15014EA700},{AC76BA86-1055-1033-7760-BC15014EA700},{AC76BA86-1053-1033-7760-BC15014EA700},{AC76BA86-1033-FFFF-7760-BE180175AB00},{AC76BA86-2052-1033-7760-BC15014EA700},{AC76BA86-1028-1033-7760-BC15014EA700},{AC76BA86-1030-1033-7760-BC15014EA700},{AC76BA86-1033-FFFF-7760-0E1108756300},{AC76BA86-1043-1033-7760-BC15014EA700},{AC76BA86-1040-1033-7760-BC15014EA700},{AC76BA86-1033-FF00-7760-BC15014EA700},{AC76BA86-1033-1033-7760-BC15014EA700},{AC76BA86-1058-1033-7760-BC15014EA700},{AC76BA86-1044-1033-7760-BC15014EA700},{AC76BA86-1038-1033-7760-BC15014EA700},{AC76BA86-1029-1033-7760-BC15014EA700},{AC76BA86-1034-1033-7760-BC15014EA700}
[2026-07-07_11-21-44] WorkflowInfo node not found in input xml
[2026-07-07_11-21-44] Package Codes list for Appstatus from input xml: {AC76BA86-1033-FFFF-7760-BC15014EA700},{AC76BA86-1049-1033-7760-BC15014EA700},{AC76BA86-1051-1033-7760-BC15014EA700},{AC76BA86-1045-1033-7760-BC15014EA700},{AC76BA86-1042-1033-7760-BC15014EA700},{AC76BA86-1033-FFFF-7760-0E1401753200},{AC76BA86-1035-1033-7760-BC15014EA700},{AC76BA86-1031-1033-7760-BC15014EA700},{AC76BA86-1046-1033-7760-BC15014EA700},{AC76BA86-1033-FFFF-7760-BC15014EA700},{AC76BA86-1036-1033-7760-BC15014EA700},{AC76BA86-1041-1033-7760-BC15014EA700},{AC76BA86-1060-1033-7760-BC15014EA700},{AC76BA86-1055-1033-7760-BC15014EA700},{AC76BA86-1053-1033-7760-BC15014EA700},{AC76BA86-1033-FFFF-7760-BE180175AB00},{AC76BA86-2052-1033-7760-BC15014EA700},{AC76BA86-1028-1033-7760-BC15014EA700},{AC76BA86-1030-1033-7760-BC15014EA700},{AC76BA86-1033-FFFF-7760-0E1108756300},{AC76BA86-1043-1033-7760-BC15014EA700},{AC76BA86-1040-1033-7760-BC15014EA700},{AC76BA86-1033-FF00-7760-BC15014EA700},{AC76BA86-1033-1033-7760-BC15014EA700},{AC76BA86-1058-1033-7760-BC15014EA700},{AC76BA86-1044-1033-7760-BC15014EA700},{AC76BA86-1038-1033-7760-BC15014EA700},{AC76BA86-1029-1033-7760-BC15014EA700},{AC76BA86-1034-1033-7760-BC15014EA700}
[2026-07-07_11-21-44] Get app status operation detected
[2026-07-07_11-21-44] In Do Operation Synchronously
[2026-07-07_11-21-44] In thread
[2026-07-07_11-21-44] Output XML path: C:\Users\loganf\AppData\Local\Temp\{F4CDC11A-C77A-4AB8-BA2F-21A4496D2DD9}\{28ECD504-1EC0-443F-A534-E88846F6461C}
[2026-07-07_11-21-44] EXE has been launched in 'getAppStatus' mode
[2026-07-07_11-21-44] Fetching Product Upgrade code
[2026-07-07_11-21-44] Fetching Product Upgrade code
[2026-07-07_11-21-44] Fetching Product Upgrade code
[2026-07-07_11-21-44] Fetching Product Upgrade code
[2026-07-07_11-21-44] GetInstalledProduct called
[2026-07-07_11-21-44] Installed product is Acrobat product
[2026-07-07_11-21-44] Major version : 26
[2026-07-07_11-21-44] Installed product is Adobe Acrobat
[2026-07-07_11-21-44] The product is installed, Action : Show Installed
[2026-07-07_11-21-44] ADBox exited with error code: 0
/****************************************************/
[2026-07-08_09-11-10] ADBox has launched
[2026-07-08_09-11-10] ADBox version=25.1.21223
[2026-07-08_09-11-10] Num of req params found: 3
[2026-07-08_09-11-10] Package Codes list: {AC76BA86-1033-FFFF-7760-BC15014EA700},{AC76BA86-1049-1033-7760-BC15014EA700},{AC76BA86-1051-1033-7760-BC15014EA700},{AC76BA86-1045-1033-7760-BC15014EA700},{AC76BA86-1042-1033-7760-BC15014EA700},{AC76BA86-1033-FFFF-7760-0E1401753200},{AC76BA86-1035-1033-7760-BC15014EA700},{AC76BA86-1031-1033-7760-BC15014EA700},{AC76BA86-1046-1033-7760-BC15014EA700},{AC76BA86-1033-FFFF-7760-BC15014EA700},{AC76BA86-1036-1033-7760-BC15014EA700},{AC76BA86-1041-1033-7760-BC15014EA700},{AC76BA86-1060-1033-7760-BC15014EA700},{AC76BA86-1055-1033-7760-BC15014EA700},{AC76BA86-1053-1033-7760-BC15014EA700},{AC76BA86-1033-FFFF-7760-BE180175AB00},{AC76BA86-2052-1033-7760-BC15014EA700},{AC76BA86-1028-1033-7760-BC15014EA700},{AC76BA86-1030-1033-7760-BC15014EA700},{AC76BA86-1033-FFFF-7760-0E1108756300},{AC76BA86-1043-1033-7760-BC15014EA700},{AC76BA86-1040-1033-7760-BC15014EA700},{AC76BA86-1033-FF00-7760-BC15014EA700},{AC76BA86-1033-1033-7760-BC15014EA700},{AC76BA86-1058-1033-7760-BC15014EA700},{AC76BA86-1044-1033-7760-BC15014EA700},{AC76BA86-1038-1033-7760-BC15014EA700},{AC76BA86-1029-1033-7760-BC15014EA700},{AC76BA86-1034-1033-7760-BC15014EA700}
[2026-07-08_09-11-10] WorkflowInfo node not found in input xml
[2026-07-08_09-11-10] Package Codes list for Appstatus from input xml: {AC76BA86-1033-FFFF-7760-BC15014EA700},{AC76BA86-1049-1033-7760-BC15014EA700},{AC76BA86-1051-1033-7760-BC15014EA700},{AC76BA86-1045-1033-7760-BC15014EA700},{AC76BA86-1042-1033-7760-BC15014EA700},{AC76BA86-1033-FFFF-7760-0E1401753200},{AC76BA86-1035-1033-7760-BC15014EA700},{AC76BA86-1031-1033-7760-BC15014EA700},{AC76BA86-1046-1033-7760-BC15014EA700},{AC76BA86-1033-FFFF-7760-BC15014EA700},{AC76BA86-1036-1033-7760-BC15014EA700},{AC76BA86-1041-1033-7760-BC15014EA700},{AC76BA86-1060-1033-7760-BC15014EA700},{AC76BA86-1055-1033-7760-BC15014EA700},{AC76BA86-1053-1033-7760-BC15014EA700},{AC76BA86-1033-FFFF-7760-BE180175AB00},{AC76BA86-2052-1033-7760-BC15014EA700},{AC76BA86-1028-1033-7760-BC15014EA700},{AC76BA86-1030-1033-7760-BC15014EA700},{AC76BA86-1033-FFFF-7760-0E1108756300},{AC76BA86-1043-1033-7760-BC15014EA700},{AC76BA86-1040-1033-7760-BC15014EA700},{AC76BA86-1033-FF00-7760-BC15014EA700},{AC76BA86-1033-1033-7760-BC15014EA700},{AC76BA86-1058-1033-7760-BC15014EA700},{AC76BA86-1044-1033-7760-BC15014EA700},{AC76BA86-1038-1033-7760-BC15014EA700},{AC76BA86-1029-1033-7760-BC15014EA700},{AC76BA86-1034-1033-7760-BC15014EA700}
[2026-07-08_09-11-10] Get app status operation detected
[2026-07-08_09-11-10] In Do Operation Synchronously
[2026-07-08_09-11-10] In thread
[2026-07-08_09-11-10] Output XML path: C:\Users\loganf\AppData\Local\Temp\{FE0E3628-334A-44CC-8AD3-726951CFE686}\{1886D23C-611F-4B07-AD59-F28E0638A910}
[2026-07-08_09-11-10] EXE has been launched in 'getAppStatus' mode
[2026-07-08_09-11-10] Fetching Product Upgrade code
[2026-07-08_09-11-10] Fetching Product Upgrade code
[2026-07-08_09-11-10] Fetching Product Upgrade code
[2026-07-08_09-11-10] Fetching Product Upgrade code
[2026-07-08_09-11-10] GetInstalledProduct called
[2026-07-08_09-11-10] Installed product is Acrobat product
[2026-07-08_09-11-10] Major version : 26
[2026-07-08_09-11-10] Installed product is Adobe Acrobat
[2026-07-08_09-11-10] The product is installed, Action : Show Installed
[2026-07-08_09-11-10] ADBox exited with error code: 0
/****************************************************/
[2026-07-08_09-16-34] ADBox has launched
[2026-07-08_09-16-34] ADBox version=25.1.21223
[2026-07-08_09-16-34] Num of req params found: 3
[2026-07-08_09-16-34] Package Codes list: {AC76BA86-1033-FFFF-7760-BC15014EA700},{AC76BA86-1049-1033-7760-BC15014EA700},{AC76BA86-1051-1033-7760-BC15014EA700},{AC76BA86-1045-1033-7760-BC15014EA700},{AC76BA86-1042-1033-7760-BC15014EA700},{AC76BA86-1033-FFFF-7760-0E1401753200},{AC76BA86-1035-1033-7760-BC15014EA700},{AC76BA86-1031-1033-7760-BC15014EA700},{AC76BA86-1046-1033-7760-BC15014EA700},{AC76BA86-1033-FFFF-7760-BC15014EA700},{AC76BA86-1036-1033-7760-BC15014EA700},{AC76BA86-1041-1033-7760-BC15014EA700},{AC76BA86-1060-1033-7760-BC15014EA700},{AC76BA86-1055-1033-7760-BC15014EA700},{AC76BA86-1053-1033-7760-BC15014EA700},{AC76BA86-1033-FFFF-7760-BE180175AB00},{AC76BA86-2052-1033-7760-BC15014EA700},{AC76BA86-1028-1033-7760-BC15014EA700},{AC76BA86-1030-1033-7760-BC15014EA700},{AC76BA86-1033-FFFF-7760-0E1108756300},{AC76BA86-1043-1033-7760-BC15014EA700},{AC76BA86-1040-1033-7760-BC15014EA700},{AC76BA86-1033-FF00-7760-BC15014EA700},{AC76BA86-1033-1033-7760-BC15014EA700},{AC76BA86-1058-1033-7760-BC15014EA700},{AC76BA86-1044-1033-7760-BC15014EA700},{AC76BA86-1038-1033-7760-BC15014EA700},{AC76BA86-1029-1033-7760-BC15014EA700},{AC76BA86-1034-1033-7760-BC15014EA700}
[2026-07-08_09-16-34] WorkflowInfo node not found in input xml
[2026-07-08_09-16-34] Package Codes list for Appstatus from input xml: {AC76BA86-1033-FFFF-7760-BC15014EA700},{AC76BA86-1049-1033-7760-BC15014EA700},{AC76BA86-1051-1033-7760-BC15014EA700},{AC76BA86-1045-1033-7760-BC15014EA700},{AC76BA86-1042-1033-7760-BC15014EA700},{AC76BA86-1033-FFFF-7760-0E1401753200},{AC76BA86-1035-1033-7760-BC15014EA700},{AC76BA86-1031-1033-7760-BC15014EA700},{AC76BA86-1046-1033-7760-BC15014EA700},{AC76BA86-1033-FFFF-7760-BC15014EA700},{AC76BA86-1036-1033-7760-BC15014EA700},{AC76BA86-1041-1033-7760-BC15014EA700},{AC76BA86-1060-1033-7760-BC15014EA700},{AC76BA86-1055-1033-7760-BC15014EA700},{AC76BA86-1053-1033-7760-BC15014EA700},{AC76BA86-1033-FFFF-7760-BE180175AB00},{AC76BA86-2052-1033-7760-BC15014EA700},{AC76BA86-1028-1033-7760-BC15014EA700},{AC76BA86-1030-1033-7760-BC15014EA700},{AC76BA86-1033-FFFF-7760-0E1108756300},{AC76BA86-1043-1033-7760-BC15014EA700},{AC76BA86-1040-1033-7760-BC15014EA700},{AC76BA86-1033-FF00-7760-BC15014EA700},{AC76BA86-1033-1033-7760-BC15014EA700},{AC76BA86-1058-1033-7760-BC15014EA700},{AC76BA86-1044-1033-7760-BC15014EA700},{AC76BA86-1038-1033-7760-BC15014EA700},{AC76BA86-1029-1033-7760-BC15014EA700},{AC76BA86-1034-1033-7760-BC15014EA700}
[2026-07-08_09-16-34] Get app status operation detected
[2026-07-08_09-16-34] In Do Operation Synchronously
[2026-07-08_09-16-34] In thread
[2026-07-08_09-16-34] Output XML path: C:\Users\loganf\AppData\Local\Temp\{24EA48B8-A86E-4CB6-98D7-6225BD5D4190}\{FD33B957-127A-4080-BD3C-E587454A39E5}
[2026-07-08_09-16-34] EXE has been launched in 'getAppStatus' mode
[2026-07-08_09-16-34] Fetching Product Upgrade code
[2026-07-08_09-16-34] Fetching Product Upgrade code
[2026-07-08_09-16-34] Fetching Product Upgrade code
[2026-07-08_09-16-34] Fetching Product Upgrade code
[2026-07-08_09-16-34] GetInstalledProduct called
[2026-07-08_09-16-34] Installed product is Acrobat product
[2026-07-08_09-16-34] Major version : 26
[2026-07-08_09-16-34] Installed product is Adobe Acrobat
[2026-07-08_09-16-34] The product is installed, Action : Show Installed
[2026-07-08_09-16-34] ADBox exited with error code: 0
/****************************************************/
[2026-07-08_11-54-03] ADBox has launched
[2026-07-08_11-54-03] ADBox version=25.1.21223
[2026-07-08_11-54-03] Num of req params found: 3
[2026-07-08_11-54-03] Package Codes list: {AC76BA86-1033-FFFF-7760-BC15014EA700},{AC76BA86-1049-1033-7760-BC15014EA700},{AC76BA86-1051-1033-7760-BC15014EA700},{AC76BA86-1045-1033-7760-BC15014EA700},{AC76BA86-1042-1033-7760-BC15014EA700},{AC76BA86-1033-FFFF-7760-0E1401753200},{AC76BA86-1035-1033-7760-BC15014EA700},{AC76BA86-1031-1033-7760-BC15014EA700},{AC76BA86-1046-1033-7760-BC15014EA700},{AC76BA86-1033-FFFF-7760-BC15014EA700},{AC76BA86-1036-1033-7760-BC15014EA700},{AC76BA86-1041-1033-7760-BC15014EA700},{AC76BA86-1060-1033-7760-BC15014EA700},{AC76BA86-1055-1033-7760-BC15014EA700},{AC76BA86-1053-1033-7760-BC15014EA700},{AC76BA86-1033-FFFF-7760-BE180175AB00},{AC76BA86-2052-1033-7760-BC15014EA700},{AC76BA86-1028-1033-7760-BC15014EA700},{AC76BA86-1030-1033-7760-BC15014EA700},{AC76BA86-1033-FFFF-7760-0E1108756300},{AC76BA86-1043-1033-7760-BC15014EA700},{AC76BA86-1040-1033-7760-BC15014EA700},{AC76BA86-1033-FF00-7760-BC15014EA700},{AC76BA86-1033-1033-7760-BC15014EA700},{AC76BA86-1058-1033-7760-BC15014EA700},{AC76BA86-1044-1033-7760-BC15014EA700},{AC76BA86-1038-1033-7760-BC15014EA700},{AC76BA86-1029-1033-7760-BC15014EA700},{AC76BA86-1034-1033-7760-BC15014EA700}
[2026-07-08_11-54-03] WorkflowInfo node not found in input xml
[2026-07-08_11-54-03] Package Codes list for Appstatus from input xml: {AC76BA86-1033-FFFF-7760-BC15014EA700},{AC76BA86-1049-1033-7760-BC15014EA700},{AC76BA86-1051-1033-7760-BC15014EA700},{AC76BA86-1045-1033-7760-BC15014EA700},{AC76BA86-1042-1033-7760-BC15014EA700},{AC76BA86-1033-FFFF-7760-0E1401753200},{AC76BA86-1035-1033-7760-BC15014EA700},{AC76BA86-1031-1033-7760-BC15014EA700},{AC76BA86-1046-1033-7760-BC15014EA700},{AC76BA86-1033-FFFF-7760-BC15014EA700},{AC76BA86-1036-1033-7760-BC15014EA700},{AC76BA86-1041-1033-7760-BC15014EA700},{AC76BA86-1060-1033-7760-BC15014EA700},{AC76BA86-1055-1033-7760-BC15014EA700},{AC76BA86-1053-1033-7760-BC15014EA700},{AC76BA86-1033-FFFF-7760-BE180175AB00},{AC76BA86-2052-1033-7760-BC15014EA700},{AC76BA86-1028-1033-7760-BC15014EA700},{AC76BA86-1030-1033-7760-BC15014EA700},{AC76BA86-1033-FFFF-7760-0E1108756300},{AC76BA86-1043-1033-7760-BC15014EA700},{AC76BA86-1040-1033-7760-BC15014EA700},{AC76BA86-1033-FF00-7760-BC15014EA700},{AC76BA86-1033-1033-7760-BC15014EA700},{AC76BA86-1058-1033-7760-BC15014EA700},{AC76BA86-1044-1033-7760-BC15014EA700},{AC76BA86-1038-1033-7760-BC15014EA700},{AC76BA86-1029-1033-7760-BC15014EA700},{AC76BA86-1034-1033-7760-BC15014EA700}
[2026-07-08_11-54-03] Get app status operation detected
[2026-07-08_11-54-03] In Do Operation Synchronously
[2026-07-08_11-54-03] In thread
[2026-07-08_11-54-03] Output XML path: C:\Users\loganf\AppData\Local\Temp\{2158D2C0-20D5-4951-9400-1E3856CBD0DD}\{5B0188EC-D51D-423C-BBF0-B8C3E710F7BB}
[2026-07-08_11-54-03] EXE has been launched in 'getAppStatus' mode
[2026-07-08_11-54-03] Fetching Product Upgrade code
[2026-07-08_11-54-03] Fetching Product Upgrade code
[2026-07-08_11-54-03] Fetching Product Upgrade code
[2026-07-08_11-54-03] Fetching Product Upgrade code
[2026-07-08_11-54-03] GetInstalledProduct called
[2026-07-08_11-54-03] Installed product is Acrobat product
[2026-07-08_11-54-03] Major version : 26
[2026-07-08_11-54-03] Installed product is Adobe Acrobat
[2026-07-08_11-54-03] The product is installed, Action : Show Installed
[2026-07-08_11-54-03] ADBox exited with error code: 0
/****************************************************/
[2026-07-09_09-08-10] ADBox has launched
[2026-07-09_09-08-10] ADBox version=25.1.21223
[2026-07-09_09-08-10] Num of req params found: 3
[2026-07-09_09-08-10] Package Codes list: {AC76BA86-1033-FFFF-7760-BC15014EA700},{AC76BA86-1049-1033-7760-BC15014EA700},{AC76BA86-1051-1033-7760-BC15014EA700},{AC76BA86-1045-1033-7760-BC15014EA700},{AC76BA86-1042-1033-7760-BC15014EA700},{AC76BA86-1033-FFFF-7760-0E1401753200},{AC76BA86-1035-1033-7760-BC15014EA700},{AC76BA86-1031-1033-7760-BC15014EA700},{AC76BA86-1046-1033-7760-BC15014EA700},{AC76BA86-1033-FFFF-7760-BC15014EA700},{AC76BA86-1036-1033-7760-BC15014EA700},{AC76BA86-1041-1033-7760-BC15014EA700},{AC76BA86-1060-1033-7760-BC15014EA700},{AC76BA86-1055-1033-7760-BC15014EA700},{AC76BA86-1053-1033-7760-BC15014EA700},{AC76BA86-1033-FFFF-7760-BE180175AB00},{AC76BA86-2052-1033-7760-BC15014EA700},{AC76BA86-1028-1033-7760-BC15014EA700},{AC76BA86-1030-1033-7760-BC15014EA700},{AC76BA86-1033-FFFF-7760-0E1108756300},{AC76BA86-1043-1033-7760-BC15014EA700},{AC76BA86-1040-1033-7760-BC15014EA700},{AC76BA86-1033-FF00-7760-BC15014EA700},{AC76BA86-1033-1033-7760-BC15014EA700},{AC76BA86-1058-1033-7760-BC15014EA700},{AC76BA86-1044-1033-7760-BC15014EA700},{AC76BA86-1038-1033-7760-BC15014EA700},{AC76BA86-1029-1033-7760-BC15014EA700},{AC76BA86-1034-1033-7760-BC15014EA700}
[2026-07-09_09-08-10] WorkflowInfo node not found in input xml
[2026-07-09_09-08-10] Package Codes list for Appstatus from input xml: {AC76BA86-1033-FFFF-7760-BC15014EA700},{AC76BA86-1049-1033-7760-BC15014EA700},{AC76BA86-1051-1033-7760-BC15014EA700},{AC76BA86-1045-1033-7760-BC15014EA700},{AC76BA86-1042-1033-7760-BC15014EA700},{AC76BA86-1033-FFFF-7760-0E1401753200},{AC76BA86-1035-1033-7760-BC15014EA700},{AC76BA86-1031-1033-7760-BC15014EA700},{AC76BA86-1046-1033-7760-BC15014EA700},{AC76BA86-1033-FFFF-7760-BC15014EA700},{AC76BA86-1036-1033-7760-BC15014EA700},{AC76BA86-1041-1033-7760-BC15014EA700},{AC76BA86-1060-1033-7760-BC15014EA700},{AC76BA86-1055-1033-7760-BC15014EA700},{AC76BA86-1053-1033-7760-BC15014EA700},{AC76BA86-1033-FFFF-7760-BE180175AB00},{AC76BA86-2052-1033-7760-BC15014EA700},{AC76BA86-1028-1033-7760-BC15014EA700},{AC76BA86-1030-1033-7760-BC15014EA700},{AC76BA86-1033-FFFF-7760-0E1108756300},{AC76BA86-1043-1033-7760-BC15014EA700},{AC76BA86-1040-1033-7760-BC15014EA700},{AC76BA86-1033-FF00-7760-BC15014EA700},{AC76BA86-1033-1033-7760-BC15014EA700},{AC76BA86-1058-1033-7760-BC15014EA700},{AC76BA86-1044-1033-7760-BC15014EA700},{AC76BA86-1038-1033-7760-BC15014EA700},{AC76BA86-1029-1033-7760-BC15014EA700},{AC76BA86-1034-1033-7760-BC15014EA700}
[2026-07-09_09-08-10] Get app status operation detected
[2026-07-09_09-08-10] In Do Operation Synchronously
[2026-07-09_09-08-10] In thread
[2026-07-09_09-08-10] Output XML path: C:\Users\loganf\AppData\Local\Temp\{83AAB03F-249D-4506-A6FD-0DD5ACB26213}\{01FD281B-42AB-4A19-B9A0-FD761773A5DB}
[2026-07-09_09-08-10] EXE has been launched in 'getAppStatus' mode
[2026-07-09_09-08-10] Fetching Product Upgrade code
[2026-07-09_09-08-10] Fetching Product Upgrade code
[2026-07-09_09-08-10] Fetching Product Upgrade code
[2026-07-09_09-08-10] Fetching Product Upgrade code
[2026-07-09_09-08-10] GetInstalledProduct called
[2026-07-09_09-08-10] Installed product is Acrobat product
[2026-07-09_09-08-10] Major version : 26
[2026-07-09_09-08-10] Installed product is Adobe Acrobat
[2026-07-09_09-08-10] The product is installed, Action : Show Installed
[2026-07-09_09-08-10] ADBox exited with error code: 0
/****************************************************/
[2026-07-10_09-05-15] ADBox has launched
[2026-07-10_09-05-15] ADBox version=25.1.21223
[2026-07-10_09-05-15] Num of req params found: 3
[2026-07-10_09-05-15] Package Codes list: {AC76BA86-1033-FFFF-7760-BC15014EA700},{AC76BA86-1049-1033-7760-BC15014EA700},{AC76BA86-1051-1033-7760-BC15014EA700},{AC76BA86-1045-1033-7760-BC15014EA700},{AC76BA86-1042-1033-7760-BC15014EA700},{AC76BA86-1033-FFFF-7760-0E1401753200},{AC76BA86-1035-1033-7760-BC15014EA700},{AC76BA86-1031-1033-7760-BC15014EA700},{AC76BA86-1046-1033-7760-BC15014EA700},{AC76BA86-1033-FFFF-7760-BC15014EA700},{AC76BA86-1036-1033-7760-BC15014EA700},{AC76BA86-1041-1033-7760-BC15014EA700},{AC76BA86-1060-1033-7760-BC15014EA700},{AC76BA86-1055-1033-7760-BC15014EA700},{AC76BA86-1053-1033-7760-BC15014EA700},{AC76BA86-1033-FFFF-7760-BE180175AB00},{AC76BA86-2052-1033-7760-BC15014EA700},{AC76BA86-1028-1033-7760-BC15014EA700},{AC76BA86-1030-1033-7760-BC15014EA700},{AC76BA86-1033-FFFF-7760-0E1108756300},{AC76BA86-1043-1033-7760-BC15014EA700},{AC76BA86-1040-1033-7760-BC15014EA700},{AC76BA86-1033-FF00-7760-BC15014EA700},{AC76BA86-1033-1033-7760-BC15014EA700},{AC76BA86-1058-1033-7760-BC15014EA700},{AC76BA86-1044-1033-7760-BC15014EA700},{AC76BA86-1038-1033-7760-BC15014EA700},{AC76BA86-1029-1033-7760-BC15014EA700},{AC76BA86-1034-1033-7760-BC15014EA700}
[2026-07-10_09-05-15] WorkflowInfo node not found in input xml
[2026-07-10_09-05-15] Package Codes list for Appstatus from input xml: {AC76BA86-1033-FFFF-7760-BC15014EA700},{AC76BA86-1049-1033-7760-BC15014EA700},{AC76BA86-1051-1033-7760-BC15014EA700},{AC76BA86-1045-1033-7760-BC15014EA700},{AC76BA86-1042-1033-7760-BC15014EA700},{AC76BA86-1033-FFFF-7760-0E1401753200},{AC76BA86-1035-1033-7760-BC15014EA700},{AC76BA86-1031-1033-7760-BC15014EA700},{AC76BA86-1046-1033-7760-BC15014EA700},{AC76BA86-1033-FFFF-7760-BC15014EA700},{AC76BA86-1036-1033-7760-BC15014EA700},{AC76BA86-1041-1033-7760-BC15014EA700},{AC76BA86-1060-1033-7760-BC15014EA700},{AC76BA86-1055-1033-7760-BC15014EA700},{AC76BA86-1053-1033-7760-BC15014EA700},{AC76BA86-1033-FFFF-7760-BE180175AB00},{AC76BA86-2052-1033-7760-BC15014EA700},{AC76BA86-1028-1033-7760-BC15014EA700},{AC76BA86-1030-1033-7760-BC15014EA700},{AC76BA86-1033-FFFF-7760-0E1108756300},{AC76BA86-1043-1033-7760-BC15014EA700},{AC76BA86-1040-1033-7760-BC15014EA700},{AC76BA86-1033-FF00-7760-BC15014EA700},{AC76BA86-1033-1033-7760-BC15014EA700},{AC76BA86-1058-1033-7760-BC15014EA700},{AC76BA86-1044-1033-7760-BC15014EA700},{AC76BA86-1038-1033-7760-BC15014EA700},{AC76BA86-1029-1033-7760-BC15014EA700},{AC76BA86-1034-1033-7760-BC15014EA700}
[2026-07-10_09-05-15] Get app status operation detected
[2026-07-10_09-05-15] In Do Operation Synchronously
[2026-07-10_09-05-15] In thread
[2026-07-10_09-05-15] Output XML path: C:\Users\loganf\AppData\Local\Temp\{14BA7F5B-91F7-439D-83BC-4A27A060388E}\{33FE203D-F892-45A2-8C4A-F52BE8A498AB}
[2026-07-10_09-05-15] EXE has been launched in 'getAppStatus' mode
[2026-07-10_09-05-15] Fetching Product Upgrade code
[2026-07-10_09-05-15] Fetching Product Upgrade code
[2026-07-10_09-05-15] Fetching Product Upgrade code
[2026-07-10_09-05-15] Fetching Product Upgrade code
[2026-07-10_09-05-15] GetInstalledProduct called
[2026-07-10_09-05-15] Installed product is Acrobat product
[2026-07-10_09-05-15] Major version : 26
[2026-07-10_09-05-15] Installed product is Adobe Acrobat
[2026-07-10_09-05-15] The product is installed, Action : Show Installed
[2026-07-10_09-05-15] ADBox exited with error code: 0
/****************************************************/
[2026-07-11_09-02-13] ADBox has launched
[2026-07-11_09-02-13] ADBox version=25.1.21223
[2026-07-11_09-02-13] Num of req params found: 3
[2026-07-11_09-02-13] Package Codes list: {AC76BA86-1033-FFFF-7760-BC15014EA700},{AC76BA86-1049-1033-7760-BC15014EA700},{AC76BA86-1051-1033-7760-BC15014EA700},{AC76BA86-1045-1033-7760-BC15014EA700},{AC76BA86-1042-1033-7760-BC15014EA700},{AC76BA86-1033-FFFF-7760-0E1401753200},{AC76BA86-1035-1033-7760-BC15014EA700},{AC76BA86-1031-1033-7760-BC15014EA700},{AC76BA86-1046-1033-7760-BC15014EA700},{AC76BA86-1033-FFFF-7760-BC15014EA700},{AC76BA86-1036-1033-7760-BC15014EA700},{AC76BA86-1041-1033-7760-BC15014EA700},{AC76BA86-1060-1033-7760-BC15014EA700},{AC76BA86-1055-1033-7760-BC15014EA700},{AC76BA86-1053-1033-7760-BC15014EA700},{AC76BA86-1033-FFFF-7760-BE180175AB00},{AC76BA86-2052-1033-7760-BC15014EA700},{AC76BA86-1028-1033-7760-BC15014EA700},{AC76BA86-1030-1033-7760-BC15014EA700},{AC76BA86-1033-FFFF-7760-0E1108756300},{AC76BA86-1043-1033-7760-BC15014EA700},{AC76BA86-1040-1033-7760-BC15014EA700},{AC76BA86-1033-FF00-7760-BC15014EA700},{AC76BA86-1033-1033-7760-BC15014EA700},{AC76BA86-1058-1033-7760-BC15014EA700},{AC76BA86-1044-1033-7760-BC15014EA700},{AC76BA86-1038-1033-7760-BC15014EA700},{AC76BA86-1029-1033-7760-BC15014EA700},{AC76BA86-1034-1033-7760-BC15014EA700}
[2026-07-11_09-02-13] WorkflowInfo node not found in input xml
[2026-07-11_09-02-13] Package Codes list for Appstatus from input xml: {AC76BA86-1033-FFFF-7760-BC15014EA700},{AC76BA86-1049-1033-7760-BC15014EA700},{AC76BA86-1051-1033-7760-BC15014EA700},{AC76BA86-1045-1033-7760-BC15014EA700},{AC76BA86-1042-1033-7760-BC15014EA700},{AC76BA86-1033-FFFF-7760-0E1401753200},{AC76BA86-1035-1033-7760-BC15014EA700},{AC76BA86-1031-1033-7760-BC15014EA700},{AC76BA86-1046-1033-7760-BC15014EA700},{AC76BA86-1033-FFFF-7760-BC15014EA700},{AC76BA86-1036-1033-7760-BC15014EA700},{AC76BA86-1041-1033-7760-BC15014EA700},{AC76BA86-1060-1033-7760-BC15014EA700},{AC76BA86-1055-1033-7760-BC15014EA700},{AC76BA86-1053-1033-7760-BC15014EA700},{AC76BA86-1033-FFFF-7760-BE180175AB00},{AC76BA86-2052-1033-7760-BC15014EA700},{AC76BA86-1028-1033-7760-BC15014EA700},{AC76BA86-1030-1033-7760-BC15014EA700},{AC76BA86-1033-FFFF-7760-0E1108756300},{AC76BA86-1043-1033-7760-BC15014EA700},{AC76BA86-1040-1033-7760-BC15014EA700},{AC76BA86-1033-FF00-7760-BC15014EA700},{AC76BA86-1033-1033-7760-BC15014EA700},{AC76BA86-1058-1033-7760-BC15014EA700},{AC76BA86-1044-1033-7760-BC15014EA700},{AC76BA86-1038-1033-7760-BC15014EA700},{AC76BA86-1029-1033-7760-BC15014EA700},{AC76BA86-1034-1033-7760-BC15014EA700}
[2026-07-11_09-02-13] Get app status operation detected
[2026-07-11_09-02-13] In Do Operation Synchronously
[2026-07-11_09-02-13] In thread
[2026-07-11_09-02-13] Output XML path: C:\Users\loganf\AppData\Local\Temp\{F8CBB1A1-19E0-4734-858C-75BCE0CC6347}\{1F5C5A0F-06D4-4A72-95B5-54218855BC06}
[2026-07-11_09-02-13] EXE has been launched in 'getAppStatus' mode
[2026-07-11_09-02-13] Fetching Product Upgrade code
[2026-07-11_09-02-13] Fetching Product Upgrade code
[2026-07-11_09-02-13] Fetching Product Upgrade code
[2026-07-11_09-02-13] Fetching Product Upgrade code
[2026-07-11_09-02-13] GetInstalledProduct called
[2026-07-11_09-02-13] Installed product is Acrobat product
[2026-07-11_09-02-13] Major version : 26
[2026-07-11_09-02-13] Installed product is Adobe Acrobat
[2026-07-11_09-02-13] The product is installed, Action : Show Installed
[2026-07-11_09-02-13] ADBox exited with error code: 0
/****************************************************/
[2026-07-13_18-26-31] ADBox has launched
[2026-07-13_18-26-31] ADBox version=25.1.21223
[2026-07-13_18-26-31] Num of req params found: 3
[2026-07-13_18-26-31] Package Codes list: {AC76BA86-1033-FFFF-7760-BC15014EA700},{AC76BA86-1049-1033-7760-BC15014EA700},{AC76BA86-1051-1033-7760-BC15014EA700},{AC76BA86-1045-1033-7760-BC15014EA700},{AC76BA86-1042-1033-7760-BC15014EA700},{AC76BA86-1033-FFFF-7760-0E1401753200},{AC76BA86-1035-1033-7760-BC15014EA700},{AC76BA86-1031-1033-7760-BC15014EA700},{AC76BA86-1046-1033-7760-BC15014EA700},{AC76BA86-1033-FFFF-7760-BC15014EA700},{AC76BA86-1036-1033-7760-BC15014EA700},{AC76BA86-1041-1033-7760-BC15014EA700},{AC76BA86-1060-1033-7760-BC15014EA700},{AC76BA86-1055-1033-7760-BC15014EA700},{AC76BA86-1053-1033-7760-BC15014EA700},{AC76BA86-1033-FFFF-7760-BE180175AB00},{AC76BA86-2052-1033-7760-BC15014EA700},{AC76BA86-1028-1033-7760-BC15014EA700},{AC76BA86-1030-1033-7760-BC15014EA700},{AC76BA86-1033-FFFF-7760-0E1108756300},{AC76BA86-1043-1033-7760-BC15014EA700},{AC76BA86-1040-1033-7760-BC15014EA700},{AC76BA86-1033-FF00-7760-BC15014EA700},{AC76BA86-1033-1033-7760-BC15014EA700},{AC76BA86-1058-1033-7760-BC15014EA700},{AC76BA86-1044-1033-7760-BC15014EA700},{AC76BA86-1038-1033-7760-BC15014EA700},{AC76BA86-1029-1033-7760-BC15014EA700},{AC76BA86-1034-1033-7760-BC15014EA700}
[2026-07-13_18-26-31] WorkflowInfo node not found in input xml
[2026-07-13_18-26-31] Package Codes list for Appstatus from input xml: {AC76BA86-1033-FFFF-7760-BC15014EA700},{AC76BA86-1049-1033-7760-BC15014EA700},{AC76BA86-1051-1033-7760-BC15014EA700},{AC76BA86-1045-1033-7760-BC15014EA700},{AC76BA86-1042-1033-7760-BC15014EA700},{AC76BA86-1033-FFFF-7760-0E1401753200},{AC76BA86-1035-1033-7760-BC15014EA700},{AC76BA86-1031-1033-7760-BC15014EA700},{AC76BA86-1046-1033-7760-BC15014EA700},{AC76BA86-1033-FFFF-7760-BC15014EA700},{AC76BA86-1036-1033-7760-BC15014EA700},{AC76BA86-1041-1033-7760-BC15014EA700},{AC76BA86-1060-1033-7760-BC15014EA700},{AC76BA86-1055-1033-7760-BC15014EA700},{AC76BA86-1053-1033-7760-BC15014EA700},{AC76BA86-1033-FFFF-7760-BE180175AB00},{AC76BA86-2052-1033-7760-BC15014EA700},{AC76BA86-1028-1033-7760-BC15014EA700},{AC76BA86-1030-1033-7760-BC15014EA700},{AC76BA86-1033-FFFF-7760-0E1108756300},{AC76BA86-1043-1033-7760-BC15014EA700},{AC76BA86-1040-1033-7760-BC15014EA700},{AC76BA86-1033-FF00-7760-BC15014EA700},{AC76BA86-1033-1033-7760-BC15014EA700},{AC76BA86-1058-1033-7760-BC15014EA700},{AC76BA86-1044-1033-7760-BC15014EA700},{AC76BA86-1038-1033-7760-BC15014EA700},{AC76BA86-1029-1033-7760-BC15014EA700},{AC76BA86-1034-1033-7760-BC15014EA700}
[2026-07-13_18-26-31] Get app status operation detected
[2026-07-13_18-26-31] In Do Operation Synchronously
[2026-07-13_18-26-31] In thread
[2026-07-13_18-26-31] Output XML path: C:\Users\loganf\AppData\Local\Temp\{D2B3A633-B99A-4161-8A62-ED9941860882}\{69222006-9BCA-4AEE-9D4A-BF920C45264B}
[2026-07-13_18-26-31] EXE has been launched in 'getAppStatus' mode
[2026-07-13_18-26-31] Fetching Product Upgrade code
[2026-07-13_18-26-31] Fetching Product Upgrade code
[2026-07-13_18-26-31] Fetching Product Upgrade code
[2026-07-13_18-26-31] Fetching Product Upgrade code
[2026-07-13_18-26-31] GetInstalledProduct called
[2026-07-13_18-26-31] Installed product is Acrobat product
[2026-07-13_18-26-31] Major version : 26
[2026-07-13_18-26-31] Installed product is Adobe Acrobat
[2026-07-13_18-26-31] The product is installed, Action : Show Installed
[2026-07-13_18-26-31] ADBox exited with error code: 0
/****************************************************/
[2026-07-14_18-23-24] ADBox has launched
[2026-07-14_18-23-24] ADBox version=25.1.21223
[2026-07-14_18-23-24] Num of req params found: 3
[2026-07-14_18-23-24] Package Codes list: {AC76BA86-1033-FFFF-7760-BC15014EA700},{AC76BA86-1049-1033-7760-BC15014EA700},{AC76BA86-1051-1033-7760-BC15014EA700},{AC76BA86-1045-1033-7760-BC15014EA700},{AC76BA86-1042-1033-7760-BC15014EA700},{AC76BA86-1033-FFFF-7760-0E1401753200},{AC76BA86-1035-1033-7760-BC15014EA700},{AC76BA86-1031-1033-7760-BC15014EA700},{AC76BA86-1046-1033-7760-BC15014EA700},{AC76BA86-1033-FFFF-7760-BC15014EA700},{AC76BA86-1036-1033-7760-BC15014EA700},{AC76BA86-1041-1033-7760-BC15014EA700},{AC76BA86-1060-1033-7760-BC15014EA700},{AC76BA86-1055-1033-7760-BC15014EA700},{AC76BA86-1053-1033-7760-BC15014EA700},{AC76BA86-1033-FFFF-7760-BE180175AB00},{AC76BA86-2052-1033-7760-BC15014EA700},{AC76BA86-1028-1033-7760-BC15014EA700},{AC76BA86-1030-1033-7760-BC15014EA700},{AC76BA86-1033-FFFF-7760-0E1108756300},{AC76BA86-1043-1033-7760-BC15014EA700},{AC76BA86-1040-1033-7760-BC15014EA700},{AC76BA86-1033-FF00-7760-BC15014EA700},{AC76BA86-1033-1033-7760-BC15014EA700},{AC76BA86-1058-1033-7760-BC15014EA700},{AC76BA86-1044-1033-7760-BC15014EA700},{AC76BA86-1038-1033-7760-BC15014EA700},{AC76BA86-1029-1033-7760-BC15014EA700},{AC76BA86-1034-1033-7760-BC15014EA700}
[2026-07-14_18-23-24] WorkflowInfo node not found in input xml
[2026-07-14_18-23-24] Package Codes list for Appstatus from input xml: {AC76BA86-1033-FFFF-7760-BC15014EA700},{AC76BA86-1049-1033-7760-BC15014EA700},{AC76BA86-1051-1033-7760-BC15014EA700},{AC76BA86-1045-1033-7760-BC15014EA700},{AC76BA86-1042-1033-7760-BC15014EA700},{AC76BA86-1033-FFFF-7760-0E1401753200},{AC76BA86-1035-1033-7760-BC15014EA700},{AC76BA86-1031-1033-7760-BC15014EA700},{AC76BA86-1046-1033-7760-BC15014EA700},{AC76BA86-1033-FFFF-7760-BC15014EA700},{AC76BA86-1036-1033-7760-BC15014EA700},{AC76BA86-1041-1033-7760-BC15014EA700},{AC76BA86-1060-1033-7760-BC15014EA700},{AC76BA86-1055-1033-7760-BC15014EA700},{AC76BA86-1053-1033-7760-BC15014EA700},{AC76BA86-1033-FFFF-7760-BE180175AB00},{AC76BA86-2052-1033-7760-BC15014EA700},{AC76BA86-1028-1033-7760-BC15014EA700},{AC76BA86-1030-1033-7760-BC15014EA700},{AC76BA86-1033-FFFF-7760-0E1108756300},{AC76BA86-1043-1033-7760-BC15014EA700},{AC76BA86-1040-1033-7760-BC15014EA700},{AC76BA86-1033-FF00-7760-BC15014EA700},{AC76BA86-1033-1033-7760-BC15014EA700},{AC76BA86-1058-1033-7760-BC15014EA700},{AC76BA86-1044-1033-7760-BC15014EA700},{AC76BA86-1038-1033-7760-BC15014EA700},{AC76BA86-1029-1033-7760-BC15014EA700},{AC76BA86-1034-1033-7760-BC15014EA700}
[2026-07-14_18-23-24] Get app status operation detected
[2026-07-14_18-23-24] In Do Operation Synchronously
[2026-07-14_18-23-24] In thread
[2026-07-14_18-23-24] Output XML path: C:\Users\loganf\AppData\Local\Temp\{274B8E35-F670-46BB-B745-491D247306F9}\{C9763E72-B2D4-4195-8AD0-3C1C192701EE}
[2026-07-14_18-23-24] EXE has been launched in 'getAppStatus' mode
[2026-07-14_18-23-24] Fetching Product Upgrade code
[2026-07-14_18-23-24] Fetching Product Upgrade code
[2026-07-14_18-23-24] Fetching Product Upgrade code
[2026-07-14_18-23-24] Fetching Product Upgrade code
[2026-07-14_18-23-24] GetInstalledProduct called
[2026-07-14_18-23-24] Installed product is Acrobat product
[2026-07-14_18-23-24] Major version : 26
[2026-07-14_18-23-24] Installed product is Adobe Acrobat
[2026-07-14_18-23-24] The product is installed, Action : Show Installed
[2026-07-14_18-23-24] ADBox exited with error code: 0
/****************************************************/
[2026-07-15_09-09-35] ADBox has launched
[2026-07-15_09-09-35] ADBox version=25.1.21223
[2026-07-15_09-09-35] Num of req params found: 3
[2026-07-15_09-09-35] Package Codes list: {AC76BA86-1033-FFFF-7760-BC15014EA700},{AC76BA86-1049-1033-7760-BC15014EA700},{AC76BA86-1051-1033-7760-BC15014EA700},{AC76BA86-1045-1033-7760-BC15014EA700},{AC76BA86-1042-1033-7760-BC15014EA700},{AC76BA86-1033-FFFF-7760-0E1401753200},{AC76BA86-1035-1033-7760-BC15014EA700},{AC76BA86-1031-1033-7760-BC15014EA700},{AC76BA86-1046-1033-7760-BC15014EA700},{AC76BA86-1033-FFFF-7760-BC15014EA700},{AC76BA86-1036-1033-7760-BC15014EA700},{AC76BA86-1041-1033-7760-BC15014EA700},{AC76BA86-1060-1033-7760-BC15014EA700},{AC76BA86-1055-1033-7760-BC15014EA700},{AC76BA86-1053-1033-7760-BC15014EA700},{AC76BA86-1033-FFFF-7760-BE180175AB00},{AC76BA86-2052-1033-7760-BC15014EA700},{AC76BA86-1028-1033-7760-BC15014EA700},{AC76BA86-1030-1033-7760-BC15014EA700},{AC76BA86-1033-FFFF-7760-0E1108756300},{AC76BA86-1043-1033-7760-BC15014EA700},{AC76BA86-1040-1033-7760-BC15014EA700},{AC76BA86-1033-FF00-7760-BC15014EA700},{AC76BA86-1033-1033-7760-BC15014EA700},{AC76BA86-1058-1033-7760-BC15014EA700},{AC76BA86-1044-1033-7760-BC15014EA700},{AC76BA86-1038-1033-7760-BC15014EA700},{AC76BA86-1029-1033-7760-BC15014EA700},{AC76BA86-1034-1033-7760-BC15014EA700}
[2026-07-15_09-09-35] WorkflowInfo node not found in input xml
[2026-07-15_09-09-35] Package Codes list for Appstatus from input xml: {AC76BA86-1033-FFFF-7760-BC15014EA700},{AC76BA86-1049-1033-7760-BC15014EA700},{AC76BA86-1051-1033-7760-BC15014EA700},{AC76BA86-1045-1033-7760-BC15014EA700},{AC76BA86-1042-1033-7760-BC15014EA700},{AC76BA86-1033-FFFF-7760-0E1401753200},{AC76BA86-1035-1033-7760-BC15014EA700},{AC76BA86-1031-1033-7760-BC15014EA700},{AC76BA86-1046-1033-7760-BC15014EA700},{AC76BA86-1033-FFFF-7760-BC15014EA700},{AC76BA86-1036-1033-7760-BC15014EA700},{AC76BA86-1041-1033-7760-BC15014EA700},{AC76BA86-1060-1033-7760-BC15014EA700},{AC76BA86-1055-1033-7760-BC15014EA700},{AC76BA86-1053-1033-7760-BC15014EA700},{AC76BA86-1033-FFFF-7760-BE180175AB00},{AC76BA86-2052-1033-7760-BC15014EA700},{AC76BA86-1028-1033-7760-BC15014EA700},{AC76BA86-1030-1033-7760-BC15014EA700},{AC76BA86-1033-FFFF-7760-0E1108756300},{AC76BA86-1043-1033-7760-BC15014EA700},{AC76BA86-1040-1033-7760-BC15014EA700},{AC76BA86-1033-FF00-7760-BC15014EA700},{AC76BA86-1033-1033-7760-BC15014EA700},{AC76BA86-1058-1033-7760-BC15014EA700},{AC76BA86-1044-1033-7760-BC15014EA700},{AC76BA86-1038-1033-7760-BC15014EA700},{AC76BA86-1029-1033-7760-BC15014EA700},{AC76BA86-1034-1033-7760-BC15014EA700}
[2026-07-15_09-09-35] Get app status operation detected
[2026-07-15_09-09-35] In Do Operation Synchronously
[2026-07-15_09-09-35] In thread
[2026-07-15_09-09-35] Output XML path: C:\Users\loganf\AppData\Local\Temp\{BA5DB821-DE72-497C-ABAD-7DB9813BAFA2}\{D9A7DD7A-6F0C-40DF-83F6-E9E06E255C51}
[2026-07-15_09-09-35] EXE has been launched in 'getAppStatus' mode
[2026-07-15_09-09-35] Fetching Product Upgrade code
[2026-07-15_09-09-35] Fetching Product Upgrade code
[2026-07-15_09-09-35] Fetching Product Upgrade code
[2026-07-15_09-09-35] Fetching Product Upgrade code
[2026-07-15_09-09-35] GetInstalledProduct called
[2026-07-15_09-09-35] Installed product is Acrobat product
[2026-07-15_09-09-35] Major version : 26
[2026-07-15_09-09-35] Installed product is Adobe Acrobat
[2026-07-15_09-09-35] The product is installed, Action : Show Installed
[2026-07-15_09-09-35] ADBox exited with error code: 0
/****************************************************/
[2026-07-16_09-06-31] ADBox has launched
[2026-07-16_09-06-31] ADBox version=25.1.21223
[2026-07-16_09-06-31] Num of req params found: 3
[2026-07-16_09-06-31] Package Codes list: {AC76BA86-1033-FFFF-7760-BC15014EA700},{AC76BA86-1049-1033-7760-BC15014EA700},{AC76BA86-1051-1033-7760-BC15014EA700},{AC76BA86-1045-1033-7760-BC15014EA700},{AC76BA86-1042-1033-7760-BC15014EA700},{AC76BA86-1033-FFFF-7760-0E1401753200},{AC76BA86-1035-1033-7760-BC15014EA700},{AC76BA86-1031-1033-7760-BC15014EA700},{AC76BA86-1046-1033-7760-BC15014EA700},{AC76BA86-1033-FFFF-7760-BC15014EA700},{AC76BA86-1036-1033-7760-BC15014EA700},{AC76BA86-1041-1033-7760-BC15014EA700},{AC76BA86-1060-1033-7760-BC15014EA700},{AC76BA86-1055-1033-7760-BC15014EA700},{AC76BA86-1053-1033-7760-BC15014EA700},{AC76BA86-1033-FFFF-7760-BE180175AB00},{AC76BA86-2052-1033-7760-BC15014EA700},{AC76BA86-1028-1033-7760-BC15014EA700},{AC76BA86-1030-1033-7760-BC15014EA700},{AC76BA86-1033-FFFF-7760-0E1108756300},{AC76BA86-1043-1033-7760-BC15014EA700},{AC76BA86-1040-1033-7760-BC15014EA700},{AC76BA86-1033-FF00-7760-BC15014EA700},{AC76BA86-1033-1033-7760-BC15014EA700},{AC76BA86-1058-1033-7760-BC15014EA700},{AC76BA86-1044-1033-7760-BC15014EA700},{AC76BA86-1038-1033-7760-BC15014EA700},{AC76BA86-1029-1033-7760-BC15014EA700},{AC76BA86-1034-1033-7760-BC15014EA700}
[2026-07-16_09-06-31] WorkflowInfo node not found in input xml
[2026-07-16_09-06-31] Package Codes list for Appstatus from input xml: {AC76BA86-1033-FFFF-7760-BC15014EA700},{AC76BA86-1049-1033-7760-BC15014EA700},{AC76BA86-1051-1033-7760-BC15014EA700},{AC76BA86-1045-1033-7760-BC15014EA700},{AC76BA86-1042-1033-7760-BC15014EA700},{AC76BA86-1033-FFFF-7760-0E1401753200},{AC76BA86-1035-1033-7760-BC15014EA700},{AC76BA86-1031-1033-7760-BC15014EA700},{AC76BA86-1046-1033-7760-BC15014EA700},{AC76BA86-1033-FFFF-7760-BC15014EA700},{AC76BA86-1036-1033-7760-BC15014EA700},{AC76BA86-1041-1033-7760-BC15014EA700},{AC76BA86-1060-1033-7760-BC15014EA700},{AC76BA86-1055-1033-7760-BC15014EA700},{AC76BA86-1053-1033-7760-BC15014EA700},{AC76BA86-1033-FFFF-7760-BE180175AB00},{AC76BA86-2052-1033-7760-BC15014EA700},{AC76BA86-1028-1033-7760-BC15014EA700},{AC76BA86-1030-1033-7760-BC15014EA700},{AC76BA86-1033-FFFF-7760-0E1108756300},{AC76BA86-1043-1033-7760-BC15014EA700},{AC76BA86-1040-1033-7760-BC15014EA700},{AC76BA86-1033-FF00-7760-BC15014EA700},{AC76BA86-1033-1033-7760-BC15014EA700},{AC76BA86-1058-1033-7760-BC15014EA700},{AC76BA86-1044-1033-7760-BC15014EA700},{AC76BA86-1038-1033-7760-BC15014EA700},{AC76BA86-1029-1033-7760-BC15014EA700},{AC76BA86-1034-1033-7760-BC15014EA700}
[2026-07-16_09-06-31] Get app status operation detected
[2026-07-16_09-06-31] In Do Operation Synchronously
[2026-07-16_09-06-31] In thread
[2026-07-16_09-06-31] Output XML path: C:\Users\loganf\AppData\Local\Temp\{A03DEE2A-14F2-4EB5-BF21-3F6FF5C6B272}\{C99D3D80-C89B-4FE9-B688-DFB4D74585F2}
[2026-07-16_09-06-31] EXE has been launched in 'getAppStatus' mode
[2026-07-16_09-06-31] Fetching Product Upgrade code
[2026-07-16_09-06-31] Fetching Product Upgrade code
[2026-07-16_09-06-31] Fetching Product Upgrade code
[2026-07-16_09-06-31] Fetching Product Upgrade code
[2026-07-16_09-06-31] GetInstalledProduct called
[2026-07-16_09-06-31] Installed product is Acrobat product
[2026-07-16_09-06-31] Major version : 26
[2026-07-16_09-06-31] Installed product is Adobe Acrobat
[2026-07-16_09-06-31] The product is installed, Action : Show Installed
[2026-07-16_09-06-31] ADBox exited with error code: 0
/****************************************************/
[2026-07-16_09-07-10] ADBox has launched
[2026-07-16_09-07-10] ADBox version=25.1.21223
[2026-07-16_09-07-10] Num of req params found: 3
[2026-07-16_09-07-10] Package Codes list: {AC76BA86-1033-FFFF-7760-BC15014EA700},{AC76BA86-1049-1033-7760-BC15014EA700},{AC76BA86-1051-1033-7760-BC15014EA700},{AC76BA86-1045-1033-7760-BC15014EA700},{AC76BA86-1042-1033-7760-BC15014EA700},{AC76BA86-1033-FFFF-7760-0E1401753200},{AC76BA86-1035-1033-7760-BC15014EA700},{AC76BA86-1031-1033-7760-BC15014EA700},{AC76BA86-1046-1033-7760-BC15014EA700},{AC76BA86-1033-FFFF-7760-BC15014EA700},{AC76BA86-1036-1033-7760-BC15014EA700},{AC76BA86-1041-1033-7760-BC15014EA700},{AC76BA86-1060-1033-7760-BC15014EA700},{AC76BA86-1055-1033-7760-BC15014EA700},{AC76BA86-1053-1033-7760-BC15014EA700},{AC76BA86-1033-FFFF-7760-BE180175AB00},{AC76BA86-2052-1033-7760-BC15014EA700},{AC76BA86-1028-1033-7760-BC15014EA700},{AC76BA86-1030-1033-7760-BC15014EA700},{AC76BA86-1033-FFFF-7760-0E1108756300},{AC76BA86-1043-1033-7760-BC15014EA700},{AC76BA86-1040-1033-7760-BC15014EA700},{AC76BA86-1033-FF00-7760-BC15014EA700},{AC76BA86-1033-1033-7760-BC15014EA700},{AC76BA86-1058-1033-7760-BC15014EA700},{AC76BA86-1044-1033-7760-BC15014EA700},{AC76BA86-1038-1033-7760-BC15014EA700},{AC76BA86-1029-1033-7760-BC15014EA700},{AC76BA86-1034-1033-7760-BC15014EA700}
[2026-07-16_09-07-10] WorkflowInfo node not found in input xml
[2026-07-16_09-07-10] Package Codes list for Appstatus from input xml: {AC76BA86-1033-FFFF-7760-BC15014EA700},{AC76BA86-1049-1033-7760-BC15014EA700},{AC76BA86-1051-1033-7760-BC15014EA700},{AC76BA86-1045-1033-7760-BC15014EA700},{AC76BA86-1042-1033-7760-BC15014EA700},{AC76BA86-1033-FFFF-7760-0E1401753200},{AC76BA86-1035-1033-7760-BC15014EA700},{AC76BA86-1031-1033-7760-BC15014EA700},{AC76BA86-1046-1033-7760-BC15014EA700},{AC76BA86-1033-FFFF-7760-BC15014EA700},{AC76BA86-1036-1033-7760-BC15014EA700},{AC76BA86-1041-1033-7760-BC15014EA700},{AC76BA86-1060-1033-7760-BC15014EA700},{AC76BA86-1055-1033-7760-BC15014EA700},{AC76BA86-1053-1033-7760-BC15014EA700},{AC76BA86-1033-FFFF-7760-BE180175AB00},{AC76BA86-2052-1033-7760-BC15014EA700},{AC76BA86-1028-1033-7760-BC15014EA700},{AC76BA86-1030-1033-7760-BC15014EA700},{AC76BA86-1033-FFFF-7760-0E1108756300},{AC76BA86-1043-1033-7760-BC15014EA700},{AC76BA86-1040-1033-7760-BC15014EA700},{AC76BA86-1033-FF00-7760-BC15014EA700},{AC76BA86-1033-1033-7760-BC15014EA700},{AC76BA86-1058-1033-7760-BC15014EA700},{AC76BA86-1044-1033-7760-BC15014EA700},{AC76BA86-1038-1033-7760-BC15014EA700},{AC76BA86-1029-1033-7760-BC15014EA700},{AC76BA86-1034-1033-7760-BC15014EA700}
[2026-07-16_09-07-10] Get app status operation detected
[2026-07-16_09-07-10] In Do Operation Synchronously
[2026-07-16_09-07-10] In thread
[2026-07-16_09-07-10] Output XML path: C:\Users\loganf\AppData\Local\Temp\{984C50EF-C0BC-4A48-9A7A-F23FBCA47151}\{8BB21500-305E-47CF-B3A0-48A6222A78D1}
[2026-07-16_09-07-10] EXE has been launched in 'getAppStatus' mode
[2026-07-16_09-07-10] Fetching Product Upgrade code
[2026-07-16_09-07-10] Fetching Product Upgrade code
[2026-07-16_09-07-10] Fetching Product Upgrade code
[2026-07-16_09-07-10] Fetching Product Upgrade code
[2026-07-16_09-07-10] GetInstalledProduct called
[2026-07-16_09-07-10] Installed product is Acrobat product
[2026-07-16_09-07-10] Major version : 26
[2026-07-16_09-07-10] Installed product is Adobe Acrobat
[2026-07-16_09-07-10] The product is installed, Action : Show Installed
[2026-07-16_09-07-10] ADBox exited with error code: 0
/****************************************************/
[2026-07-16_21-23-35] ADBox has launched
[2026-07-16_21-23-35] ADBox version=25.1.21223
[2026-07-16_21-23-35] Num of req params found: 3
[2026-07-16_21-23-35] Package Codes list: {AC76BA86-1033-FFFF-7760-BC15014EA700},{AC76BA86-1049-1033-7760-BC15014EA700},{AC76BA86-1051-1033-7760-BC15014EA700},{AC76BA86-1045-1033-7760-BC15014EA700},{AC76BA86-1042-1033-7760-BC15014EA700},{AC76BA86-1033-FFFF-7760-0E1401753200},{AC76BA86-1035-1033-7760-BC15014EA700},{AC76BA86-1031-1033-7760-BC15014EA700},{AC76BA86-1046-1033-7760-BC15014EA700},{AC76BA86-1033-FFFF-7760-BC15014EA700},{AC76BA86-1036-1033-7760-BC15014EA700},{AC76BA86-1041-1033-7760-BC15014EA700},{AC76BA86-1060-1033-7760-BC15014EA700},{AC76BA86-1055-1033-7760-BC15014EA700},{AC76BA86-1053-1033-7760-BC15014EA700},{AC76BA86-1033-FFFF-7760-BE180175AB00},{AC76BA86-2052-1033-7760-BC15014EA700},{AC76BA86-1028-1033-7760-BC15014EA700},{AC76BA86-1030-1033-7760-BC15014EA700},{AC76BA86-1033-FFFF-7760-0E1108756300},{AC76BA86-1043-1033-7760-BC15014EA700},{AC76BA86-1040-1033-7760-BC15014EA700},{AC76BA86-1033-FF00-7760-BC15014EA700},{AC76BA86-1033-1033-7760-BC15014EA700},{AC76BA86-1058-1033-7760-BC15014EA700},{AC76BA86-1044-1033-7760-BC15014EA700},{AC76BA86-1038-1033-7760-BC15014EA700},{AC76BA86-1029-1033-7760-BC15014EA700},{AC76BA86-1034-1033-7760-BC15014EA700}
[2026-07-16_21-23-35] WorkflowInfo node not found in input xml
[2026-07-16_21-23-35] Package Codes list for Appstatus from input xml: {AC76BA86-1033-FFFF-7760-BC15014EA700},{AC76BA86-1049-1033-7760-BC15014EA700},{AC76BA86-1051-1033-7760-BC15014EA700},{AC76BA86-1045-1033-7760-BC15014EA700},{AC76BA86-1042-1033-7760-BC15014EA700},{AC76BA86-1033-FFFF-7760-0E1401753200},{AC76BA86-1035-1033-7760-BC15014EA700},{AC76BA86-1031-1033-7760-BC15014EA700},{AC76BA86-1046-1033-7760-BC15014EA700},{AC76BA86-1033-FFFF-7760-BC15014EA700},{AC76BA86-1036-1033-7760-BC15014EA700},{AC76BA86-1041-1033-7760-BC15014EA700},{AC76BA86-1060-1033-7760-BC15014EA700},{AC76BA86-1055-1033-7760-BC15014EA700},{AC76BA86-1053-1033-7760-BC15014EA700},{AC76BA86-1033-FFFF-7760-BE180175AB00},{AC76BA86-2052-1033-7760-BC15014EA700},{AC76BA86-1028-1033-7760-BC15014EA700},{AC76BA86-1030-1033-7760-BC15014EA700},{AC76BA86-1033-FFFF-7760-0E1108756300},{AC76BA86-1043-1033-7760-BC15014EA700},{AC76BA86-1040-1033-7760-BC15014EA700},{AC76BA86-1033-FF00-7760-BC15014EA700},{AC76BA86-1033-1033-7760-BC15014EA700},{AC76BA86-1058-1033-7760-BC15014EA700},{AC76BA86-1044-1033-7760-BC15014EA700},{AC76BA86-1038-1033-7760-BC15014EA700},{AC76BA86-1029-1033-7760-BC15014EA700},{AC76BA86-1034-1033-7760-BC15014EA700}
[2026-07-16_21-23-35] Get app status operation detected
[2026-07-16_21-23-35] In Do Operation Synchronously
[2026-07-16_21-23-35] In thread
[2026-07-16_21-23-35] Output XML path: C:\Users\loganf\AppData\Local\Temp\{8073B624-44C3-4E7D-B6A5-A19E352C5E6C}\{4EE6CE00-B4C0-4FC1-840D-61B3FE4D52D7}
[2026-07-16_21-23-35] EXE has been launched in 'getAppStatus' mode
[2026-07-16_21-23-35] Fetching Product Upgrade code
[2026-07-16_21-23-35] Fetching Product Upgrade code
[2026-07-16_21-23-35] Fetching Product Upgrade code
[2026-07-16_21-23-35] Fetching Product Upgrade code
[2026-07-16_21-23-35] GetInstalledProduct called
[2026-07-16_21-23-35] Installed product is Acrobat product
[2026-07-16_21-23-35] Major version : 26
[2026-07-16_21-23-35] Installed product is Adobe Acrobat
[2026-07-16_21-23-35] The product is installed, Action : Show Installed
[2026-07-16_21-23-35] ADBox exited with error code: 0
/****************************************************/
[2026-07-17_09-12-14] ADBox has launched
[2026-07-17_09-12-14] ADBox version=25.1.21223
[2026-07-17_09-12-14] Num of req params found: 3
[2026-07-17_09-12-14] Package Codes list: {AC76BA86-1033-FFFF-7760-BC15014EA700},{AC76BA86-1049-1033-7760-BC15014EA700},{AC76BA86-1051-1033-7760-BC15014EA700},{AC76BA86-1045-1033-7760-BC15014EA700},{AC76BA86-1042-1033-7760-BC15014EA700},{AC76BA86-1033-FFFF-7760-0E1401753200},{AC76BA86-1035-1033-7760-BC15014EA700},{AC76BA86-1031-1033-7760-BC15014EA700},{AC76BA86-1046-1033-7760-BC15014EA700},{AC76BA86-1033-FFFF-7760-BC15014EA700},{AC76BA86-1036-1033-7760-BC15014EA700},{AC76BA86-1041-1033-7760-BC15014EA700},{AC76BA86-1060-1033-7760-BC15014EA700},{AC76BA86-1055-1033-7760-BC15014EA700},{AC76BA86-1053-1033-7760-BC15014EA700},{AC76BA86-1033-FFFF-7760-BE180175AB00},{AC76BA86-2052-1033-7760-BC15014EA700},{AC76BA86-1028-1033-7760-BC15014EA700},{AC76BA86-1030-1033-7760-BC15014EA700},{AC76BA86-1033-FFFF-7760-0E1108756300},{AC76BA86-1043-1033-7760-BC15014EA700},{AC76BA86-1040-1033-7760-BC15014EA700},{AC76BA86-1033-FF00-7760-BC15014EA700},{AC76BA86-1033-1033-7760-BC15014EA700},{AC76BA86-1058-1033-7760-BC15014EA700},{AC76BA86-1044-1033-7760-BC15014EA700},{AC76BA86-1038-1033-7760-BC15014EA700},{AC76BA86-1029-1033-7760-BC15014EA700},{AC76BA86-1034-1033-7760-BC15014EA700}
[2026-07-17_09-12-14] WorkflowInfo node not found in input xml
[2026-07-17_09-12-14] Package Codes list for Appstatus from input xml: {AC76BA86-1033-FFFF-7760-BC15014EA700},{AC76BA86-1049-1033-7760-BC15014EA700},{AC76BA86-1051-1033-7760-BC15014EA700},{AC76BA86-1045-1033-7760-BC15014EA700},{AC76BA86-1042-1033-7760-BC15014EA700},{AC76BA86-1033-FFFF-7760-0E1401753200},{AC76BA86-1035-1033-7760-BC15014EA700},{AC76BA86-1031-1033-7760-BC15014EA700},{AC76BA86-1046-1033-7760-BC15014EA700},{AC76BA86-1033-FFFF-7760-BC15014EA700},{AC76BA86-1036-1033-7760-BC15014EA700},{AC76BA86-1041-1033-7760-BC15014EA700},{AC76BA86-1060-1033-7760-BC15014EA700},{AC76BA86-1055-1033-7760-BC15014EA700},{AC76BA86-1053-1033-7760-BC15014EA700},{AC76BA86-1033-FFFF-7760-BE180175AB00},{AC76BA86-2052-1033-7760-BC15014EA700},{AC76BA86-1028-1033-7760-BC15014EA700},{AC76BA86-1030-1033-7760-BC15014EA700},{AC76BA86-1033-FFFF-7760-0E1108756300},{AC76BA86-1043-1033-7760-BC15014EA700},{AC76BA86-1040-1033-7760-BC15014EA700},{AC76BA86-1033-FF00-7760-BC15014EA700},{AC76BA86-1033-1033-7760-BC15014EA700},{AC76BA86-1058-1033-7760-BC15014EA700},{AC76BA86-1044-1033-7760-BC15014EA700},{AC76BA86-1038-1033-7760-BC15014EA700},{AC76BA86-1029-1033-7760-BC15014EA700},{AC76BA86-1034-1033-7760-BC15014EA700}
[2026-07-17_09-12-14] Get app status operation detected
[2026-07-17_09-12-14] In Do Operation Synchronously
[2026-07-17_09-12-14] In thread
[2026-07-17_09-12-14] Output XML path: C:\Users\loganf\AppData\Local\Temp\{0E6E3122-21EC-4D04-BD37-BF6CE9C6B912}\{9E3EC201-8D3D-457B-A40B-339F66548C7A}
[2026-07-17_09-12-14] EXE has been launched in 'getAppStatus' mode
[2026-07-17_09-12-14] Fetching Product Upgrade code
[2026-07-17_09-12-14] Fetching Product Upgrade code
[2026-07-17_09-12-14] Fetching Product Upgrade code
[2026-07-17_09-12-14] Fetching Product Upgrade code
[2026-07-17_09-12-14] GetInstalledProduct called
[2026-07-17_09-12-14] Installed product is Acrobat product
[2026-07-17_09-12-14] Major version : 26
[2026-07-17_09-12-14] Installed product is Adobe Acrobat
[2026-07-17_09-12-14] The product is installed, Action : Show Installed
[2026-07-17_09-12-14] ADBox exited with error code: 0
/****************************************************/
[2026-07-19_11-37-11] ADBox has launched
[2026-07-19_11-37-11] ADBox version=25.1.21223
[2026-07-19_11-37-11] Num of req params found: 3
[2026-07-19_11-37-11] Package Codes list: {AC76BA86-1033-FFFF-7760-BC15014EA700},{AC76BA86-1049-1033-7760-BC15014EA700},{AC76BA86-1051-1033-7760-BC15014EA700},{AC76BA86-1045-1033-7760-BC15014EA700},{AC76BA86-1042-1033-7760-BC15014EA700},{AC76BA86-1033-FFFF-7760-0E1401753200},{AC76BA86-1035-1033-7760-BC15014EA700},{AC76BA86-1031-1033-7760-BC15014EA700},{AC76BA86-1046-1033-7760-BC15014EA700},{AC76BA86-1033-FFFF-7760-BC15014EA700},{AC76BA86-1036-1033-7760-BC15014EA700},{AC76BA86-1041-1033-7760-BC15014EA700},{AC76BA86-1060-1033-7760-BC15014EA700},{AC76BA86-1055-1033-7760-BC15014EA700},{AC76BA86-1053-1033-7760-BC15014EA700},{AC76BA86-1033-FFFF-7760-BE180175AB00},{AC76BA86-2052-1033-7760-BC15014EA700},{AC76BA86-1028-1033-7760-BC15014EA700},{AC76BA86-1030-1033-7760-BC15014EA700},{AC76BA86-1033-FFFF-7760-0E1108756300},{AC76BA86-1043-1033-7760-BC15014EA700},{AC76BA86-1040-1033-7760-BC15014EA700},{AC76BA86-1033-FF00-7760-BC15014EA700},{AC76BA86-1033-1033-7760-BC15014EA700},{AC76BA86-1058-1033-7760-BC15014EA700},{AC76BA86-1044-1033-7760-BC15014EA700},{AC76BA86-1038-1033-7760-BC15014EA700},{AC76BA86-1029-1033-7760-BC15014EA700},{AC76BA86-1034-1033-7760-BC15014EA700}
[2026-07-19_11-37-11] WorkflowInfo node not found in input xml
[2026-07-19_11-37-11] Package Codes list for Appstatus from input xml: {AC76BA86-1033-FFFF-7760-BC15014EA700},{AC76BA86-1049-1033-7760-BC15014EA700},{AC76BA86-1051-1033-7760-BC15014EA700},{AC76BA86-1045-1033-7760-BC15014EA700},{AC76BA86-1042-1033-7760-BC15014EA700},{AC76BA86-1033-FFFF-7760-0E1401753200},{AC76BA86-1035-1033-7760-BC15014EA700},{AC76BA86-1031-1033-7760-BC15014EA700},{AC76BA86-1046-1033-7760-BC15014EA700},{AC76BA86-1033-FFFF-7760-BC15014EA700},{AC76BA86-1036-1033-7760-BC15014EA700},{AC76BA86-1041-1033-7760-BC15014EA700},{AC76BA86-1060-1033-7760-BC15014EA700},{AC76BA86-1055-1033-7760-BC15014EA700},{AC76BA86-1053-1033-7760-BC15014EA700},{AC76BA86-1033-FFFF-7760-BE180175AB00},{AC76BA86-2052-1033-7760-BC15014EA700},{AC76BA86-1028-1033-7760-BC15014EA700},{AC76BA86-1030-1033-7760-BC15014EA700},{AC76BA86-1033-FFFF-7760-0E1108756300},{AC76BA86-1043-1033-7760-BC15014EA700},{AC76BA86-1040-1033-7760-BC15014EA700},{AC76BA86-1033-FF00-7760-BC15014EA700},{AC76BA86-1033-1033-7760-BC15014EA700},{AC76BA86-1058-1033-7760-BC15014EA700},{AC76BA86-1044-1033-7760-BC15014EA700},{AC76BA86-1038-1033-7760-BC15014EA700},{AC76BA86-1029-1033-7760-BC15014EA700},{AC76BA86-1034-1033-7760-BC15014EA700}
[2026-07-19_11-37-11] Get app status operation detected
[2026-07-19_11-37-11] In Do Operation Synchronously
[2026-07-19_11-37-11] In thread
[2026-07-19_11-37-11] Output XML path: C:\Users\loganf\AppData\Local\Temp\{590AF842-60AD-4C07-8F39-E31A955CFFDE}\{61453636-EBAA-4FC8-8769-3A49AA768441}
[2026-07-19_11-37-11] EXE has been launched in 'getAppStatus' mode
[2026-07-19_11-37-11] Fetching Product Upgrade code
[2026-07-19_11-37-11] Fetching Product Upgrade code
[2026-07-19_11-37-11] Fetching Product Upgrade code
[2026-07-19_11-37-11] Fetching Product Upgrade code
[2026-07-19_11-37-11] GetInstalledProduct called
[2026-07-19_11-37-11] Installed product is Acrobat product
[2026-07-19_11-37-11] Major version : 26
[2026-07-19_11-37-11] Installed product is Adobe Acrobat
[2026-07-19_11-37-11] The product is installed, Action : Show Installed
[2026-07-19_11-37-11] ADBox exited with error code: 0
/****************************************************/
[2026-07-20_11-34-22] ADBox has launched
[2026-07-20_11-34-22] ADBox version=25.1.21223
[2026-07-20_11-34-22] Num of req params found: 3
[2026-07-20_11-34-22] Package Codes list: {AC76BA86-1033-FFFF-7760-BC15014EA700},{AC76BA86-1049-1033-7760-BC15014EA700},{AC76BA86-1051-1033-7760-BC15014EA700},{AC76BA86-1045-1033-7760-BC15014EA700},{AC76BA86-1042-1033-7760-BC15014EA700},{AC76BA86-1033-FFFF-7760-0E1401753200},{AC76BA86-1035-1033-7760-BC15014EA700},{AC76BA86-1031-1033-7760-BC15014EA700},{AC76BA86-1046-1033-7760-BC15014EA700},{AC76BA86-1033-FFFF-7760-BC15014EA700},{AC76BA86-1036-1033-7760-BC15014EA700},{AC76BA86-1041-1033-7760-BC15014EA700},{AC76BA86-1060-1033-7760-BC15014EA700},{AC76BA86-1055-1033-7760-BC15014EA700},{AC76BA86-1053-1033-7760-BC15014EA700},{AC76BA86-1033-FFFF-7760-BE180175AB00},{AC76BA86-2052-1033-7760-BC15014EA700},{AC76BA86-1028-1033-7760-BC15014EA700},{AC76BA86-1030-1033-7760-BC15014EA700},{AC76BA86-1033-FFFF-7760-0E1108756300},{AC76BA86-1043-1033-7760-BC15014EA700},{AC76BA86-1040-1033-7760-BC15014EA700},{AC76BA86-1033-FF00-7760-BC15014EA700},{AC76BA86-1033-1033-7760-BC15014EA700},{AC76BA86-1058-1033-7760-BC15014EA700},{AC76BA86-1044-1033-7760-BC15014EA700},{AC76BA86-1038-1033-7760-BC15014EA700},{AC76BA86-1029-1033-7760-BC15014EA700},{AC76BA86-1034-1033-7760-BC15014EA700}
[2026-07-20_11-34-22] WorkflowInfo node not found in input xml
[2026-07-20_11-34-22] Package Codes list for Appstatus from input xml: {AC76BA86-1033-FFFF-7760-BC15014EA700},{AC76BA86-1049-1033-7760-BC15014EA700},{AC76BA86-1051-1033-7760-BC15014EA700},{AC76BA86-1045-1033-7760-BC15014EA700},{AC76BA86-1042-1033-7760-BC15014EA700},{AC76BA86-1033-FFFF-7760-0E1401753200},{AC76BA86-1035-1033-7760-BC15014EA700},{AC76BA86-1031-1033-7760-BC15014EA700},{AC76BA86-1046-1033-7760-BC15014EA700},{AC76BA86-1033-FFFF-7760-BC15014EA700},{AC76BA86-1036-1033-7760-BC15014EA700},{AC76BA86-1041-1033-7760-BC15014EA700},{AC76BA86-1060-1033-7760-BC15014EA700},{AC76BA86-1055-1033-7760-BC15014EA700},{AC76BA86-1053-1033-7760-BC15014EA700},{AC76BA86-1033-FFFF-7760-BE180175AB00},{AC76BA86-2052-1033-7760-BC15014EA700},{AC76BA86-1028-1033-7760-BC15014EA700},{AC76BA86-1030-1033-7760-BC15014EA700},{AC76BA86-1033-FFFF-7760-0E1108756300},{AC76BA86-1043-1033-7760-BC15014EA700},{AC76BA86-1040-1033-7760-BC15014EA700},{AC76BA86-1033-FF00-7760-BC15014EA700},{AC76BA86-1033-1033-7760-BC15014EA700},{AC76BA86-1058-1033-7760-BC15014EA700},{AC76BA86-1044-1033-7760-BC15014EA700},{AC76BA86-1038-1033-7760-BC15014EA700},{AC76BA86-1029-1033-7760-BC15014EA700},{AC76BA86-1034-1033-7760-BC15014EA700}
[2026-07-20_11-34-22] Get app status operation detected
[2026-07-20_11-34-22] In Do Operation Synchronously
[2026-07-20_11-34-22] In thread
[2026-07-20_11-34-22] Output XML path: C:\Users\loganf\AppData\Local\Temp\{D727C4A4-C30B-4CE7-A0B9-29A0E760ABC2}\{8BD73773-0423-4F9C-9F58-294BB71ECCA5}
[2026-07-20_11-34-22] EXE has been launched in 'getAppStatus' mode
[2026-07-20_11-34-22] Fetching Product Upgrade code
[2026-07-20_11-34-22] Fetching Product Upgrade code
[2026-07-20_11-34-22] Fetching Product Upgrade code
[2026-07-20_11-34-22] Fetching Product Upgrade code
[2026-07-20_11-34-22] GetInstalledProduct called
[2026-07-20_11-34-22] Installed product is Acrobat product
[2026-07-20_11-34-22] Major version : 26
[2026-07-20_11-34-22] Installed product is Adobe Acrobat
[2026-07-20_11-34-22] The product is installed, Action : Show Installed
[2026-07-20_11-34-22] ADBox exited with error code: 0
/****************************************************/
[2026-07-21_11-31-21] ADBox has launched
[2026-07-21_11-31-21] ADBox version=25.1.21223
[2026-07-21_11-31-21] Num of req params found: 3
[2026-07-21_11-31-21] Package Codes list: {AC76BA86-1033-FFFF-7760-BC15014EA700},{AC76BA86-1049-1033-7760-BC15014EA700},{AC76BA86-1051-1033-7760-BC15014EA700},{AC76BA86-1045-1033-7760-BC15014EA700},{AC76BA86-1042-1033-7760-BC15014EA700},{AC76BA86-1033-FFFF-7760-0E1401753200},{AC76BA86-1035-1033-7760-BC15014EA700},{AC76BA86-1031-1033-7760-BC15014EA700},{AC76BA86-1046-1033-7760-BC15014EA700},{AC76BA86-1033-FFFF-7760-BC15014EA700},{AC76BA86-1036-1033-7760-BC15014EA700},{AC76BA86-1041-1033-7760-BC15014EA700},{AC76BA86-1060-1033-7760-BC15014EA700},{AC76BA86-1055-1033-7760-BC15014EA700},{AC76BA86-1053-1033-7760-BC15014EA700},{AC76BA86-1033-FFFF-7760-BE180175AB00},{AC76BA86-2052-1033-7760-BC15014EA700},{AC76BA86-1028-1033-7760-BC15014EA700},{AC76BA86-1030-1033-7760-BC15014EA700},{AC76BA86-1033-FFFF-7760-0E1108756300},{AC76BA86-1043-1033-7760-BC15014EA700},{AC76BA86-1040-1033-7760-BC15014EA700},{AC76BA86-1033-FF00-7760-BC15014EA700},{AC76BA86-1033-1033-7760-BC15014EA700},{AC76BA86-1058-1033-7760-BC15014EA700},{AC76BA86-1044-1033-7760-BC15014EA700},{AC76BA86-1038-1033-7760-BC15014EA700},{AC76BA86-1029-1033-7760-BC15014EA700},{AC76BA86-1034-1033-7760-BC15014EA700}
[2026-07-21_11-31-21] WorkflowInfo node not found in input xml
[2026-07-21_11-31-21] Package Codes list for Appstatus from input xml: {AC76BA86-1033-FFFF-7760-BC15014EA700},{AC76BA86-1049-1033-7760-BC15014EA700},{AC76BA86-1051-1033-7760-BC15014EA700},{AC76BA86-1045-1033-7760-BC15014EA700},{AC76BA86-1042-1033-7760-BC15014EA700},{AC76BA86-1033-FFFF-7760-0E1401753200},{AC76BA86-1035-1033-7760-BC15014EA700},{AC76BA86-1031-1033-7760-BC15014EA700},{AC76BA86-1046-1033-7760-BC15014EA700},{AC76BA86-1033-FFFF-7760-BC15014EA700},{AC76BA86-1036-1033-7760-BC15014EA700},{AC76BA86-1041-1033-7760-BC15014EA700},{AC76BA86-1060-1033-7760-BC15014EA700},{AC76BA86-1055-1033-7760-BC15014EA700},{AC76BA86-1053-1033-7760-BC15014EA700},{AC76BA86-1033-FFFF-7760-BE180175AB00},{AC76BA86-2052-1033-7760-BC15014EA700},{AC76BA86-1028-1033-7760-BC15014EA700},{AC76BA86-1030-1033-7760-BC15014EA700},{AC76BA86-1033-FFFF-7760-0E1108756300},{AC76BA86-1043-1033-7760-BC15014EA700},{AC76BA86-1040-1033-7760-BC15014EA700},{AC76BA86-1033-FF00-7760-BC15014EA700},{AC76BA86-1033-1033-7760-BC15014EA700},{AC76BA86-1058-1033-7760-BC15014EA700},{AC76BA86-1044-1033-7760-BC15014EA700},{AC76BA86-1038-1033-7760-BC15014EA700},{AC76BA86-1029-1033-7760-BC15014EA700},{AC76BA86-1034-1033-7760-BC15014EA700}
[2026-07-21_11-31-21] Get app status operation detected
[2026-07-21_11-31-21] In Do Operation Synchronously
[2026-07-21_11-31-21] In thread
[2026-07-21_11-31-21] Output XML path: C:\Users\loganf\AppData\Local\Temp\{83C571F4-57C4-4A40-AEA8-A86286AF2075}\{8C55A562-A3EC-4715-B1E5-F95DFB9B459A}
[2026-07-21_11-31-21] EXE has been launched in 'getAppStatus' mode
[2026-07-21_11-31-21] Fetching Product Upgrade code
[2026-07-21_11-31-21] Fetching Product Upgrade code
[2026-07-21_11-31-21] Fetching Product Upgrade code
[2026-07-21_11-31-21] Fetching Product Upgrade code
[2026-07-21_11-31-21] GetInstalledProduct called
[2026-07-21_11-31-21] Installed product is Acrobat product
[2026-07-21_11-31-21] Major version : 26
[2026-07-21_11-31-21] Installed product is Adobe Acrobat
[2026-07-21_11-31-21] The product is installed, Action : Show Installed
[2026-07-21_11-31-21] ADBox exited with error code: 0
/****************************************************/
[2026-07-21_11-32-13] ADBox has launched
[2026-07-21_11-32-13] ADBox version=25.1.21223
[2026-07-21_11-32-13] Num of req params found: 3
[2026-07-21_11-32-13] Package Codes list: {AC76BA86-1033-FFFF-7760-BC15014EA700},{AC76BA86-1049-1033-7760-BC15014EA700},{AC76BA86-1051-1033-7760-BC15014EA700},{AC76BA86-1045-1033-7760-BC15014EA700},{AC76BA86-1042-1033-7760-BC15014EA700},{AC76BA86-1033-FFFF-7760-0E1401753200},{AC76BA86-1035-1033-7760-BC15014EA700},{AC76BA86-1031-1033-7760-BC15014EA700},{AC76BA86-1046-1033-7760-BC15014EA700},{AC76BA86-1033-FFFF-7760-BC15014EA700},{AC76BA86-1036-1033-7760-BC15014EA700},{AC76BA86-1041-1033-7760-BC15014EA700},{AC76BA86-1060-1033-7760-BC15014EA700},{AC76BA86-1055-1033-7760-BC15014EA700},{AC76BA86-1053-1033-7760-BC15014EA700},{AC76BA86-1033-FFFF-7760-BE180175AB00},{AC76BA86-2052-1033-7760-BC15014EA700},{AC76BA86-1028-1033-7760-BC15014EA700},{AC76BA86-1030-1033-7760-BC15014EA700},{AC76BA86-1033-FFFF-7760-0E1108756300},{AC76BA86-1043-1033-7760-BC15014EA700},{AC76BA86-1040-1033-7760-BC15014EA700},{AC76BA86-1033-FF00-7760-BC15014EA700},{AC76BA86-1033-1033-7760-BC15014EA700},{AC76BA86-1058-1033-7760-BC15014EA700},{AC76BA86-1044-1033-7760-BC15014EA700},{AC76BA86-1038-1033-7760-BC15014EA700},{AC76BA86-1029-1033-7760-BC15014EA700},{AC76BA86-1034-1033-7760-BC15014EA700}
[2026-07-21_11-32-13] WorkflowInfo node not found in input xml
[2026-07-21_11-32-13] Package Codes list for Appstatus from input xml: {AC76BA86-1033-FFFF-7760-BC15014EA700},{AC76BA86-1049-1033-7760-BC15014EA700},{AC76BA86-1051-1033-7760-BC15014EA700},{AC76BA86-1045-1033-7760-BC15014EA700},{AC76BA86-1042-1033-7760-BC15014EA700},{AC76BA86-1033-FFFF-7760-0E1401753200},{AC76BA86-1035-1033-7760-BC15014EA700},{AC76BA86-1031-1033-7760-BC15014EA700},{AC76BA86-1046-1033-7760-BC15014EA700},{AC76BA86-1033-FFFF-7760-BC15014EA700},{AC76BA86-1036-1033-7760-BC15014EA700},{AC76BA86-1041-1033-7760-BC15014EA700},{AC76BA86-1060-1033-7760-BC15014EA700},{AC76BA86-1055-1033-7760-BC15014EA700},{AC76BA86-1053-1033-7760-BC15014EA700},{AC76BA86-1033-FFFF-7760-BE180175AB00},{AC76BA86-2052-1033-7760-BC15014EA700},{AC76BA86-1028-1033-7760-BC15014EA700},{AC76BA86-1030-1033-7760-BC15014EA700},{AC76BA86-1033-FFFF-7760-0E1108756300},{AC76BA86-1043-1033-7760-BC15014EA700},{AC76BA86-1040-1033-7760-BC15014EA700},{AC76BA86-1033-FF00-7760-BC15014EA700},{AC76BA86-1033-1033-7760-BC15014EA700},{AC76BA86-1058-1033-7760-BC15014EA700},{AC76BA86-1044-1033-7760-BC15014EA700},{AC76BA86-1038-1033-7760-BC15014EA700},{AC76BA86-1029-1033-7760-BC15014EA700},{AC76BA86-1034-1033-7760-BC15014EA700}
[2026-07-21_11-32-13] Get app status operation detected
[2026-07-21_11-32-13] In Do Operation Synchronously
[2026-07-21_11-32-13] In thread
[2026-07-21_11-32-13] Output XML path: C:\Users\loganf\AppData\Local\Temp\{975620A8-60DD-496A-A7EC-6DA1C3F6C27E}\{54843FDF-D3AB-4E09-9808-F78037096317}
[2026-07-21_11-32-13] EXE has been launched in 'getAppStatus' mode
[2026-07-21_11-32-13] Fetching Product Upgrade code
[2026-07-21_11-32-13] Fetching Product Upgrade code
[2026-07-21_11-32-13] Fetching Product Upgrade code
[2026-07-21_11-32-13] Fetching Product Upgrade code
[2026-07-21_11-32-13] GetInstalledProduct called
[2026-07-21_11-32-13] Installed product is Acrobat product
[2026-07-21_11-32-13] Major version : 26
[2026-07-21_11-32-13] Installed product is Adobe Acrobat
[2026-07-21_11-32-13] The product is installed, Action : Show Installed
[2026-07-21_11-32-13] ADBox exited with error code: 0
/****************************************************/
[2026-07-21_11-32-21] ADBox has launched
[2026-07-21_11-32-21] ADBox version=25.1.21223
[2026-07-21_11-32-21] Num of req params found: 3
[2026-07-21_11-32-21] Package Codes list: {AC76BA86-1033-FFFF-7760-BC15014EA700},{AC76BA86-1049-1033-7760-BC15014EA700},{AC76BA86-1051-1033-7760-BC15014EA700},{AC76BA86-1045-1033-7760-BC15014EA700},{AC76BA86-1042-1033-7760-BC15014EA700},{AC76BA86-1033-FFFF-7760-0E1401753200},{AC76BA86-1035-1033-7760-BC15014EA700},{AC76BA86-1031-1033-7760-BC15014EA700},{AC76BA86-1046-1033-7760-BC15014EA700},{AC76BA86-1033-FFFF-7760-BC15014EA700},{AC76BA86-1036-1033-7760-BC15014EA700},{AC76BA86-1041-1033-7760-BC15014EA700},{AC76BA86-1060-1033-7760-BC15014EA700},{AC76BA86-1055-1033-7760-BC15014EA700},{AC76BA86-1053-1033-7760-BC15014EA700},{AC76BA86-1033-FFFF-7760-BE180175AB00},{AC76BA86-2052-1033-7760-BC15014EA700},{AC76BA86-1028-1033-7760-BC15014EA700},{AC76BA86-1030-1033-7760-BC15014EA700},{AC76BA86-1033-FFFF-7760-0E1108756300},{AC76BA86-1043-1033-7760-BC15014EA700},{AC76BA86-1040-1033-7760-BC15014EA700},{AC76BA86-1033-FF00-7760-BC15014EA700},{AC76BA86-1033-1033-7760-BC15014EA700},{AC76BA86-1058-1033-7760-BC15014EA700},{AC76BA86-1044-1033-7760-BC15014EA700},{AC76BA86-1038-1033-7760-BC15014EA700},{AC76BA86-1029-1033-7760-BC15014EA700},{AC76BA86-1034-1033-7760-BC15014EA700}
[2026-07-21_11-32-21] WorkflowInfo node not found in input xml
[2026-07-21_11-32-21] Package Codes list for Appstatus from input xml: {AC76BA86-1033-FFFF-7760-BC15014EA700},{AC76BA86-1049-1033-7760-BC15014EA700},{AC76BA86-1051-1033-7760-BC15014EA700},{AC76BA86-1045-1033-7760-BC15014EA700},{AC76BA86-1042-1033-7760-BC15014EA700},{AC76BA86-1033-FFFF-7760-0E1401753200},{AC76BA86-1035-1033-7760-BC15014EA700},{AC76BA86-1031-1033-7760-BC15014EA700},{AC76BA86-1046-1033-7760-BC15014EA700},{AC76BA86-1033-FFFF-7760-BC15014EA700},{AC76BA86-1036-1033-7760-BC15014EA700},{AC76BA86-1041-1033-7760-BC15014EA700},{AC76BA86-1060-1033-7760-BC15014EA700},{AC76BA86-1055-1033-7760-BC15014EA700},{AC76BA86-1053-1033-7760-BC15014EA700},{AC76BA86-1033-FFFF-7760-BE180175AB00},{AC76BA86-2052-1033-7760-BC15014EA700},{AC76BA86-1028-1033-7760-BC15014EA700},{AC76BA86-1030-1033-7760-BC15014EA700},{AC76BA86-1033-FFFF-7760-0E1108756300},{AC76BA86-1043-1033-7760-BC15014EA700},{AC76BA86-1040-1033-7760-BC15014EA700},{AC76BA86-1033-FF00-7760-BC15014EA700},{AC76BA86-1033-1033-7760-BC15014EA700},{AC76BA86-1058-1033-7760-BC15014EA700},{AC76BA86-1044-1033-7760-BC15014EA700},{AC76BA86-1038-1033-7760-BC15014EA700},{AC76BA86-1029-1033-7760-BC15014EA700},{AC76BA86-1034-1033-7760-BC15014EA700}
[2026-07-21_11-32-21] Get app status operation detected
[2026-07-21_11-32-21] In Do Operation Synchronously
[2026-07-21_11-32-21] In thread
[2026-07-21_11-32-21] Output XML path: C:\Users\loganf\AppData\Local\Temp\{0594F11B-2AA4-4FCB-8BEC-A5822440279C}\{5D0A7B27-FF59-46A9-B960-C5923072FB28}
[2026-07-21_11-32-21] EXE has been launched in 'getAppStatus' mode
[2026-07-21_11-32-21] Fetching Product Upgrade code
[2026-07-21_11-32-21] Fetching Product Upgrade code
[2026-07-21_11-32-21] Fetching Product Upgrade code
[2026-07-21_11-32-21] Fetching Product Upgrade code
[2026-07-21_11-32-21] GetInstalledProduct called
[2026-07-21_11-32-21] Installed product is Acrobat product
[2026-07-21_11-32-21] Major version : 26
[2026-07-21_11-32-21] Installed product is Adobe Acrobat
[2026-07-21_11-32-21] The product is installed, Action : Show Installed
[2026-07-21_11-32-21] ADBox exited with error code: 0
/****************************************************/
[2026-07-21_11-32-23] ADBox has launched
[2026-07-21_11-32-23] ADBox version=25.1.21223
[2026-07-21_11-32-23] Num of req params found: 3
[2026-07-21_11-32-23] Package Codes list: {AC76BA86-1033-FFFF-7760-BC15014EA700},{AC76BA86-1049-1033-7760-BC15014EA700},{AC76BA86-1051-1033-7760-BC15014EA700},{AC76BA86-1045-1033-7760-BC15014EA700},{AC76BA86-1042-1033-7760-BC15014EA700},{AC76BA86-1033-FFFF-7760-0E1401753200},{AC76BA86-1035-1033-7760-BC15014EA700},{AC76BA86-1031-1033-7760-BC15014EA700},{AC76BA86-1046-1033-7760-BC15014EA700},{AC76BA86-1033-FFFF-7760-BC15014EA700},{AC76BA86-1036-1033-7760-BC15014EA700},{AC76BA86-1041-1033-7760-BC15014EA700},{AC76BA86-1060-1033-7760-BC15014EA700},{AC76BA86-1055-1033-7760-BC15014EA700},{AC76BA86-1053-1033-7760-BC15014EA700},{AC76BA86-1033-FFFF-7760-BE180175AB00},{AC76BA86-2052-1033-7760-BC15014EA700},{AC76BA86-1028-1033-7760-BC15014EA700},{AC76BA86-1030-1033-7760-BC15014EA700},{AC76BA86-1033-FFFF-7760-0E1108756300},{AC76BA86-1043-1033-7760-BC15014EA700},{AC76BA86-1040-1033-7760-BC15014EA700},{AC76BA86-1033-FF00-7760-BC15014EA700},{AC76BA86-1033-1033-7760-BC15014EA700},{AC76BA86-1058-1033-7760-BC15014EA700},{AC76BA86-1044-1033-7760-BC15014EA700},{AC76BA86-1038-1033-7760-BC15014EA700},{AC76BA86-1029-1033-7760-BC15014EA700},{AC76BA86-1034-1033-7760-BC15014EA700}
[2026-07-21_11-32-23] WorkflowInfo node not found in input xml
[2026-07-21_11-32-23] Package Codes list for Appstatus from input xml: {AC76BA86-1033-FFFF-7760-BC15014EA700},{AC76BA86-1049-1033-7760-BC15014EA700},{AC76BA86-1051-1033-7760-BC15014EA700},{AC76BA86-1045-1033-7760-BC15014EA700},{AC76BA86-1042-1033-7760-BC15014EA700},{AC76BA86-1033-FFFF-7760-0E1401753200},{AC76BA86-1035-1033-7760-BC15014EA700},{AC76BA86-1031-1033-7760-BC15014EA700},{AC76BA86-1046-1033-7760-BC15014EA700},{AC76BA86-1033-FFFF-7760-BC15014EA700},{AC76BA86-1036-1033-7760-BC15014EA700},{AC76BA86-1041-1033-7760-BC15014EA700},{AC76BA86-1060-1033-7760-BC15014EA700},{AC76BA86-1055-1033-7760-BC15014EA700},{AC76BA86-1053-1033-7760-BC15014EA700},{AC76BA86-1033-FFFF-7760-BE180175AB00},{AC76BA86-2052-1033-7760-BC15014EA700},{AC76BA86-1028-1033-7760-BC15014EA700},{AC76BA86-1030-1033-7760-BC15014EA700},{AC76BA86-1033-FFFF-7760-0E1108756300},{AC76BA86-1043-1033-7760-BC15014EA700},{AC76BA86-1040-1033-7760-BC15014EA700},{AC76BA86-1033-FF00-7760-BC15014EA700},{AC76BA86-1033-1033-7760-BC15014EA700},{AC76BA86-1058-1033-7760-BC15014EA700},{AC76BA86-1044-1033-7760-BC15014EA700},{AC76BA86-1038-1033-7760-BC15014EA700},{AC76BA86-1029-1033-7760-BC15014EA700},{AC76BA86-1034-1033-7760-BC15014EA700}
[2026-07-21_11-32-23] Get app status operation detected
[2026-07-21_11-32-23] In Do Operation Synchronously
[2026-07-21_11-32-23] In thread
[2026-07-21_11-32-23] Output XML path: C:\Users\loganf\AppData\Local\Temp\{07CFCCC0-57CA-43A2-B8AF-6075FD8F2672}\{FF3413AC-FFBB-4618-95A4-B5FBE5708315}
[2026-07-21_11-32-23] EXE has been launched in 'getAppStatus' mode
[2026-07-21_11-32-23] Fetching Product Upgrade code
[2026-07-21_11-32-23] Fetching Product Upgrade code
[2026-07-21_11-32-23] Fetching Product Upgrade code
[2026-07-21_11-32-23] Fetching Product Upgrade code
[2026-07-21_11-32-23] GetInstalledProduct called
[2026-07-21_11-32-23] Installed product is Acrobat product
[2026-07-21_11-32-23] Major version : 26
[2026-07-21_11-32-23] Installed product is Adobe Acrobat
[2026-07-21_11-32-23] The product is installed, Action : Show Installed
[2026-07-21_11-32-23] ADBox exited with error code: 0
/****************************************************/
[2026-07-21_11-32-29] ADBox has launched
[2026-07-21_11-32-29] ADBox version=25.1.21223
[2026-07-21_11-32-29] Num of req params found: 3
[2026-07-21_11-32-29] Package Codes list: {AC76BA86-1033-FFFF-7760-BC15014EA700},{AC76BA86-1049-1033-7760-BC15014EA700},{AC76BA86-1051-1033-7760-BC15014EA700},{AC76BA86-1045-1033-7760-BC15014EA700},{AC76BA86-1042-1033-7760-BC15014EA700},{AC76BA86-1033-FFFF-7760-0E1401753200},{AC76BA86-1035-1033-7760-BC15014EA700},{AC76BA86-1031-1033-7760-BC15014EA700},{AC76BA86-1046-1033-7760-BC15014EA700},{AC76BA86-1033-FFFF-7760-BC15014EA700},{AC76BA86-1036-1033-7760-BC15014EA700},{AC76BA86-1041-1033-7760-BC15014EA700},{AC76BA86-1060-1033-7760-BC15014EA700},{AC76BA86-1055-1033-7760-BC15014EA700},{AC76BA86-1053-1033-7760-BC15014EA700},{AC76BA86-1033-FFFF-7760-BE180175AB00},{AC76BA86-2052-1033-7760-BC15014EA700},{AC76BA86-1028-1033-7760-BC15014EA700},{AC76BA86-1030-1033-7760-BC15014EA700},{AC76BA86-1033-FFFF-7760-0E1108756300},{AC76BA86-1043-1033-7760-BC15014EA700},{AC76BA86-1040-1033-7760-BC15014EA700},{AC76BA86-1033-FF00-7760-BC15014EA700},{AC76BA86-1033-1033-7760-BC15014EA700},{AC76BA86-1058-1033-7760-BC15014EA700},{AC76BA86-1044-1033-7760-BC15014EA700},{AC76BA86-1038-1033-7760-BC15014EA700},{AC76BA86-1029-1033-7760-BC15014EA700},{AC76BA86-1034-1033-7760-BC15014EA700}
[2026-07-21_11-32-29] WorkflowInfo node not found in input xml
[2026-07-21_11-32-29] Package Codes list for Appstatus from input xml: {AC76BA86-1033-FFFF-7760-BC15014EA700},{AC76BA86-1049-1033-7760-BC15014EA700},{AC76BA86-1051-1033-7760-BC15014EA700},{AC76BA86-1045-1033-7760-BC15014EA700},{AC76BA86-1042-1033-7760-BC15014EA700},{AC76BA86-1033-FFFF-7760-0E1401753200},{AC76BA86-1035-1033-7760-BC15014EA700},{AC76BA86-1031-1033-7760-BC15014EA700},{AC76BA86-1046-1033-7760-BC15014EA700},{AC76BA86-1033-FFFF-7760-BC15014EA700},{AC76BA86-1036-1033-7760-BC15014EA700},{AC76BA86-1041-1033-7760-BC15014EA700},{AC76BA86-1060-1033-7760-BC15014EA700},{AC76BA86-1055-1033-7760-BC15014EA700},{AC76BA86-1053-1033-7760-BC15014EA700},{AC76BA86-1033-FFFF-7760-BE180175AB00},{AC76BA86-2052-1033-7760-BC15014EA700},{AC76BA86-1028-1033-7760-BC15014EA700},{AC76BA86-1030-1033-7760-BC15014EA700},{AC76BA86-1033-FFFF-7760-0E1108756300},{AC76BA86-1043-1033-7760-BC15014EA700},{AC76BA86-1040-1033-7760-BC15014EA700},{AC76BA86-1033-FF00-7760-BC15014EA700},{AC76BA86-1033-1033-7760-BC15014EA700},{AC76BA86-1058-1033-7760-BC15014EA700},{AC76BA86-1044-1033-7760-BC15014EA700},{AC76BA86-1038-1033-7760-BC15014EA700},{AC76BA86-1029-1033-7760-BC15014EA700},{AC76BA86-1034-1033-7760-BC15014EA700}
[2026-07-21_11-32-29] Get app status operation detected
[2026-07-21_11-32-29] In Do Operation Synchronously
[2026-07-21_11-32-29] In thread
[2026-07-21_11-32-29] Output XML path: C:\Users\loganf\AppData\Local\Temp\{0D68638F-6D51-4841-AB0E-733FE453C88C}\{1EEC2348-F71E-41C3-B778-748B5E466FB1}
[2026-07-21_11-32-29] EXE has been launched in 'getAppStatus' mode
[2026-07-21_11-32-29] Fetching Product Upgrade code
[2026-07-21_11-32-29] Fetching Product Upgrade code
[2026-07-21_11-32-29] Fetching Product Upgrade code
[2026-07-21_11-32-29] Fetching Product Upgrade code
[2026-07-21_11-32-29] GetInstalledProduct called
[2026-07-21_11-32-29] Installed product is Acrobat product
[2026-07-21_11-32-29] Major version : 26
[2026-07-21_11-32-29] Installed product is Adobe Acrobat
[2026-07-21_11-32-29] The product is installed, Action : Show Installed
[2026-07-21_11-32-29] ADBox exited with error code: 0
/****************************************************/
[2026-07-21_11-32-31] ADBox has launched
[2026-07-21_11-32-31] ADBox version=25.1.21223
[2026-07-21_11-32-31] Num of req params found: 3
[2026-07-21_11-32-31] Package Codes list: {AC76BA86-1033-FFFF-7760-BC15014EA700},{AC76BA86-1049-1033-7760-BC15014EA700},{AC76BA86-1051-1033-7760-BC15014EA700},{AC76BA86-1045-1033-7760-BC15014EA700},{AC76BA86-1042-1033-7760-BC15014EA700},{AC76BA86-1033-FFFF-7760-0E1401753200},{AC76BA86-1035-1033-7760-BC15014EA700},{AC76BA86-1031-1033-7760-BC15014EA700},{AC76BA86-1046-1033-7760-BC15014EA700},{AC76BA86-1033-FFFF-7760-BC15014EA700},{AC76BA86-1036-1033-7760-BC15014EA700},{AC76BA86-1041-1033-7760-BC15014EA700},{AC76BA86-1060-1033-7760-BC15014EA700},{AC76BA86-1055-1033-7760-BC15014EA700},{AC76BA86-1053-1033-7760-BC15014EA700},{AC76BA86-1033-FFFF-7760-BE180175AB00},{AC76BA86-2052-1033-7760-BC15014EA700},{AC76BA86-1028-1033-7760-BC15014EA700},{AC76BA86-1030-1033-7760-BC15014EA700},{AC76BA86-1033-FFFF-7760-0E1108756300},{AC76BA86-1043-1033-7760-BC15014EA700},{AC76BA86-1040-1033-7760-BC15014EA700},{AC76BA86-1033-FF00-7760-BC15014EA700},{AC76BA86-1033-1033-7760-BC15014EA700},{AC76BA86-1058-1033-7760-BC15014EA700},{AC76BA86-1044-1033-7760-BC15014EA700},{AC76BA86-1038-1033-7760-BC15014EA700},{AC76BA86-1029-1033-7760-BC15014EA700},{AC76BA86-1034-1033-7760-BC15014EA700}
[2026-07-21_11-32-31] WorkflowInfo node not found in input xml
[2026-07-21_11-32-31] Package Codes list for Appstatus from input xml: {AC76BA86-1033-FFFF-7760-BC15014EA700},{AC76BA86-1049-1033-7760-BC15014EA700},{AC76BA86-1051-1033-7760-BC15014EA700},{AC76BA86-1045-1033-7760-BC15014EA700},{AC76BA86-1042-1033-7760-BC15014EA700},{AC76BA86-1033-FFFF-7760-0E1401753200},{AC76BA86-1035-1033-7760-BC15014EA700},{AC76BA86-1031-1033-7760-BC15014EA700},{AC76BA86-1046-1033-7760-BC15014EA700},{AC76BA86-1033-FFFF-7760-BC15014EA700},{AC76BA86-1036-1033-7760-BC15014EA700},{AC76BA86-1041-1033-7760-BC15014EA700},{AC76BA86-1060-1033-7760-BC15014EA700},{AC76BA86-1055-1033-7760-BC15014EA700},{AC76BA86-1053-1033-7760-BC15014EA700},{AC76BA86-1033-FFFF-7760-BE180175AB00},{AC76BA86-2052-1033-7760-BC15014EA700},{AC76BA86-1028-1033-7760-BC15014EA700},{AC76BA86-1030-1033-7760-BC15014EA700},{AC76BA86-1033-FFFF-7760-0E1108756300},{AC76BA86-1043-1033-7760-BC15014EA700},{AC76BA86-1040-1033-7760-BC15014EA700},{AC76BA86-1033-FF00-7760-BC15014EA700},{AC76BA86-1033-1033-7760-BC15014EA700},{AC76BA86-1058-1033-7760-BC15014EA700},{AC76BA86-1044-1033-7760-BC15014EA700},{AC76BA86-1038-1033-7760-BC15014EA700},{AC76BA86-1029-1033-7760-BC15014EA700},{AC76BA86-1034-1033-7760-BC15014EA700}
[2026-07-21_11-32-31] Get app status operation detected
[2026-07-21_11-32-31] In Do Operation Synchronously
[2026-07-21_11-32-31] In thread
[2026-07-21_11-32-31] Output XML path: C:\Users\loganf\AppData\Local\Temp\{4D91CFD4-A87F-40D2-BDFB-00624068A748}\{761B6A0A-B262-4656-9147-CEF16EEFB1D8}
[2026-07-21_11-32-31] EXE has been launched in 'getAppStatus' mode
[2026-07-21_11-32-31] Fetching Product Upgrade code
[2026-07-21_11-32-31] Fetching Product Upgrade code
[2026-07-21_11-32-31] Fetching Product Upgrade code
[2026-07-21_11-32-31] Fetching Product Upgrade code
[2026-07-21_11-32-31] GetInstalledProduct called
[2026-07-21_11-32-31] Installed product is Acrobat product
[2026-07-21_11-32-31] Major version : 26
[2026-07-21_11-32-31] Installed product is Adobe Acrobat
[2026-07-21_11-32-31] The product is installed, Action : Show Installed
[2026-07-21_11-32-31] ADBox exited with error code: 0
/****************************************************/
[2026-07-21_11-32-35] ADBox has launched
[2026-07-21_11-32-35] ADBox version=25.1.21223
[2026-07-21_11-32-35] Num of req params found: 3
[2026-07-21_11-32-35] Package Codes list: {AC76BA86-1033-FFFF-7760-BC15014EA700},{AC76BA86-1049-1033-7760-BC15014EA700},{AC76BA86-1051-1033-7760-BC15014EA700},{AC76BA86-1045-1033-7760-BC15014EA700},{AC76BA86-1042-1033-7760-BC15014EA700},{AC76BA86-1033-FFFF-7760-0E1401753200},{AC76BA86-1035-1033-7760-BC15014EA700},{AC76BA86-1031-1033-7760-BC15014EA700},{AC76BA86-1046-1033-7760-BC15014EA700},{AC76BA86-1033-FFFF-7760-BC15014EA700},{AC76BA86-1036-1033-7760-BC15014EA700},{AC76BA86-1041-1033-7760-BC15014EA700},{AC76BA86-1060-1033-7760-BC15014EA700},{AC76BA86-1055-1033-7760-BC15014EA700},{AC76BA86-1053-1033-7760-BC15014EA700},{AC76BA86-1033-FFFF-7760-BE180175AB00},{AC76BA86-2052-1033-7760-BC15014EA700},{AC76BA86-1028-1033-7760-BC15014EA700},{AC76BA86-1030-1033-7760-BC15014EA700},{AC76BA86-1033-FFFF-7760-0E1108756300},{AC76BA86-1043-1033-7760-BC15014EA700},{AC76BA86-1040-1033-7760-BC15014EA700},{AC76BA86-1033-FF00-7760-BC15014EA700},{AC76BA86-1033-1033-7760-BC15014EA700},{AC76BA86-1058-1033-7760-BC15014EA700},{AC76BA86-1044-1033-7760-BC15014EA700},{AC76BA86-1038-1033-7760-BC15014EA700},{AC76BA86-1029-1033-7760-BC15014EA700},{AC76BA86-1034-1033-7760-BC15014EA700}
[2026-07-21_11-32-35] WorkflowInfo node not found in input xml
[2026-07-21_11-32-35] Package Codes list for Appstatus from input xml: {AC76BA86-1033-FFFF-7760-BC15014EA700},{AC76BA86-1049-1033-7760-BC15014EA700},{AC76BA86-1051-1033-7760-BC15014EA700},{AC76BA86-1045-1033-7760-BC15014EA700},{AC76BA86-1042-1033-7760-BC15014EA700},{AC76BA86-1033-FFFF-7760-0E1401753200},{AC76BA86-1035-1033-7760-BC15014EA700},{AC76BA86-1031-1033-7760-BC15014EA700},{AC76BA86-1046-1033-7760-BC15014EA700},{AC76BA86-1033-FFFF-7760-BC15014EA700},{AC76BA86-1036-1033-7760-BC15014EA700},{AC76BA86-1041-1033-7760-BC15014EA700},{AC76BA86-1060-1033-7760-BC15014EA700},{AC76BA86-1055-1033-7760-BC15014EA700},{AC76BA86-1053-1033-7760-BC15014EA700},{AC76BA86-1033-FFFF-7760-BE180175AB00},{AC76BA86-2052-1033-7760-BC15014EA700},{AC76BA86-1028-1033-7760-BC15014EA700},{AC76BA86-1030-1033-7760-BC15014EA700},{AC76BA86-1033-FFFF-7760-0E1108756300},{AC76BA86-1043-1033-7760-BC15014EA700},{AC76BA86-1040-1033-7760-BC15014EA700},{AC76BA86-1033-FF00-7760-BC15014EA700},{AC76BA86-1033-1033-7760-BC15014EA700},{AC76BA86-1058-1033-7760-BC15014EA700},{AC76BA86-1044-1033-7760-BC15014EA700},{AC76BA86-1038-1033-7760-BC15014EA700},{AC76BA86-1029-1033-7760-BC15014EA700},{AC76BA86-1034-1033-7760-BC15014EA700}
[2026-07-21_11-32-35] Get app status operation detected
[2026-07-21_11-32-35] In Do Operation Synchronously
[2026-07-21_11-32-35] In thread
[2026-07-21_11-32-35] Output XML path: C:\Users\loganf\AppData\Local\Temp\{820102D2-3440-4140-9F66-FDBCDD2078F3}\{DB581461-32C3-4297-BDAE-6464E445AF40}
[2026-07-21_11-32-35] EXE has been launched in 'getAppStatus' mode
[2026-07-21_11-32-35] Fetching Product Upgrade code
[2026-07-21_11-32-35] Fetching Product Upgrade code
[2026-07-21_11-32-35] Fetching Product Upgrade code
[2026-07-21_11-32-35] Fetching Product Upgrade code
[2026-07-21_11-32-35] GetInstalledProduct called
[2026-07-21_11-32-35] Installed product is Acrobat product
[2026-07-21_11-32-35] Major version : 26
[2026-07-21_11-32-35] Installed product is Adobe Acrobat
[2026-07-21_11-32-35] The product is installed, Action : Show Installed
[2026-07-21_11-32-35] ADBox exited with error code: 0
/****************************************************/
[2026-07-21_11-32-37] ADBox has launched
[2026-07-21_11-32-37] ADBox version=25.1.21223
[2026-07-21_11-32-37] Num of req params found: 3
[2026-07-21_11-32-37] Package Codes list: {AC76BA86-1033-FFFF-7760-BC15014EA700},{AC76BA86-1049-1033-7760-BC15014EA700},{AC76BA86-1051-1033-7760-BC15014EA700},{AC76BA86-1045-1033-7760-BC15014EA700},{AC76BA86-1042-1033-7760-BC15014EA700},{AC76BA86-1033-FFFF-7760-0E1401753200},{AC76BA86-1035-1033-7760-BC15014EA700},{AC76BA86-1031-1033-7760-BC15014EA700},{AC76BA86-1046-1033-7760-BC15014EA700},{AC76BA86-1033-FFFF-7760-BC15014EA700},{AC76BA86-1036-1033-7760-BC15014EA700},{AC76BA86-1041-1033-7760-BC15014EA700},{AC76BA86-1060-1033-7760-BC15014EA700},{AC76BA86-1055-1033-7760-BC15014EA700},{AC76BA86-1053-1033-7760-BC15014EA700},{AC76BA86-1033-FFFF-7760-BE180175AB00},{AC76BA86-2052-1033-7760-BC15014EA700},{AC76BA86-1028-1033-7760-BC15014EA700},{AC76BA86-1030-1033-7760-BC15014EA700},{AC76BA86-1033-FFFF-7760-0E1108756300},{AC76BA86-1043-1033-7760-BC15014EA700},{AC76BA86-1040-1033-7760-BC15014EA700},{AC76BA86-1033-FF00-7760-BC15014EA700},{AC76BA86-1033-1033-7760-BC15014EA700},{AC76BA86-1058-1033-7760-BC15014EA700},{AC76BA86-1044-1033-7760-BC15014EA700},{AC76BA86-1038-1033-7760-BC15014EA700},{AC76BA86-1029-1033-7760-BC15014EA700},{AC76BA86-1034-1033-7760-BC15014EA700}
[2026-07-21_11-32-37] WorkflowInfo node not found in input xml
[2026-07-21_11-32-37] Package Codes list for Appstatus from input xml: {AC76BA86-1033-FFFF-7760-BC15014EA700},{AC76BA86-1049-1033-7760-BC15014EA700},{AC76BA86-1051-1033-7760-BC15014EA700},{AC76BA86-1045-1033-7760-BC15014EA700},{AC76BA86-1042-1033-7760-BC15014EA700},{AC76BA86-1033-FFFF-7760-0E1401753200},{AC76BA86-1035-1033-7760-BC15014EA700},{AC76BA86-1031-1033-7760-BC15014EA700},{AC76BA86-1046-1033-7760-BC15014EA700},{AC76BA86-1033-FFFF-7760-BC15014EA700},{AC76BA86-1036-1033-7760-BC15014EA700},{AC76BA86-1041-1033-7760-BC15014EA700},{AC76BA86-1060-1033-7760-BC15014EA700},{AC76BA86-1055-1033-7760-BC15014EA700},{AC76BA86-1053-1033-7760-BC15014EA700},{AC76BA86-1033-FFFF-7760-BE180175AB00},{AC76BA86-2052-1033-7760-BC15014EA700},{AC76BA86-1028-1033-7760-BC15014EA700},{AC76BA86-1030-1033-7760-BC15014EA700},{AC76BA86-1033-FFFF-7760-0E1108756300},{AC76BA86-1043-1033-7760-BC15014EA700},{AC76BA86-1040-1033-7760-BC15014EA700},{AC76BA86-1033-FF00-7760-BC15014EA700},{AC76BA86-1033-1033-7760-BC15014EA700},{AC76BA86-1058-1033-7760-BC15014EA700},{AC76BA86-1044-1033-7760-BC15014EA700},{AC76BA86-1038-1033-7760-BC15014EA700},{AC76BA86-1029-1033-7760-BC15014EA700},{AC76BA86-1034-1033-7760-BC15014EA700}
[2026-07-21_11-32-37] Get app status operation detected
[2026-07-21_11-32-37] In Do Operation Synchronously
[2026-07-21_11-32-37] In thread
[2026-07-21_11-32-37] Output XML path: C:\Users\loganf\AppData\Local\Temp\{7FDD8853-FE24-48D7-B4F5-C0213B3917E8}\{A3465AC8-7ABC-44B9-BA0B-2C3A9D05EB06}
[2026-07-21_11-32-37] EXE has been launched in 'getAppStatus' mode
[2026-07-21_11-32-37] Fetching Product Upgrade code
[2026-07-21_11-32-37] Fetching Product Upgrade code
[2026-07-21_11-32-37] Fetching Product Upgrade code
[2026-07-21_11-32-37] Fetching Product Upgrade code
[2026-07-21_11-32-37] GetInstalledProduct called
[2026-07-21_11-32-37] Installed product is Acrobat product
[2026-07-21_11-32-37] Major version : 26
[2026-07-21_11-32-37] Installed product is Adobe Acrobat
[2026-07-21_11-32-37] The product is installed, Action : Show Installed
[2026-07-21_11-32-37] ADBox exited with error code: 0
/****************************************************/
[2026-07-21_11-32-41] ADBox has launched
[2026-07-21_11-32-41] ADBox version=25.1.21223
[2026-07-21_11-32-41] Num of req params found: 3
[2026-07-21_11-32-41] Package Codes list: {AC76BA86-1033-FFFF-7760-BC15014EA700},{AC76BA86-1049-1033-7760-BC15014EA700},{AC76BA86-1051-1033-7760-BC15014EA700},{AC76BA86-1045-1033-7760-BC15014EA700},{AC76BA86-1042-1033-7760-BC15014EA700},{AC76BA86-1033-FFFF-7760-0E1401753200},{AC76BA86-1035-1033-7760-BC15014EA700},{AC76BA86-1031-1033-7760-BC15014EA700},{AC76BA86-1046-1033-7760-BC15014EA700},{AC76BA86-1033-FFFF-7760-BC15014EA700},{AC76BA86-1036-1033-7760-BC15014EA700},{AC76BA86-1041-1033-7760-BC15014EA700},{AC76BA86-1060-1033-7760-BC15014EA700},{AC76BA86-1055-1033-7760-BC15014EA700},{AC76BA86-1053-1033-7760-BC15014EA700},{AC76BA86-1033-FFFF-7760-BE180175AB00},{AC76BA86-2052-1033-7760-BC15014EA700},{AC76BA86-1028-1033-7760-BC15014EA700},{AC76BA86-1030-1033-7760-BC15014EA700},{AC76BA86-1033-FFFF-7760-0E1108756300},{AC76BA86-1043-1033-7760-BC15014EA700},{AC76BA86-1040-1033-7760-BC15014EA700},{AC76BA86-1033-FF00-7760-BC15014EA700},{AC76BA86-1033-1033-7760-BC15014EA700},{AC76BA86-1058-1033-7760-BC15014EA700},{AC76BA86-1044-1033-7760-BC15014EA700},{AC76BA86-1038-1033-7760-BC15014EA700},{AC76BA86-1029-1033-7760-BC15014EA700},{AC76BA86-1034-1033-7760-BC15014EA700}
[2026-07-21_11-32-41] WorkflowInfo node not found in input xml
[2026-07-21_11-32-41] Package Codes list for Appstatus from input xml: {AC76BA86-1033-FFFF-7760-BC15014EA700},{AC76BA86-1049-1033-7760-BC15014EA700},{AC76BA86-1051-1033-7760-BC15014EA700},{AC76BA86-1045-1033-7760-BC15014EA700},{AC76BA86-1042-1033-7760-BC15014EA700},{AC76BA86-1033-FFFF-7760-0E1401753200},{AC76BA86-1035-1033-7760-BC15014EA700},{AC76BA86-1031-1033-7760-BC15014EA700},{AC76BA86-1046-1033-7760-BC15014EA700},{AC76BA86-1033-FFFF-7760-BC15014EA700},{AC76BA86-1036-1033-7760-BC15014EA700},{AC76BA86-1041-1033-7760-BC15014EA700},{AC76BA86-1060-1033-7760-BC15014EA700},{AC76BA86-1055-1033-7760-BC15014EA700},{AC76BA86-1053-1033-7760-BC15014EA700},{AC76BA86-1033-FFFF-7760-BE180175AB00},{AC76BA86-2052-1033-7760-BC15014EA700},{AC76BA86-1028-1033-7760-BC15014EA700},{AC76BA86-1030-1033-7760-BC15014EA700},{AC76BA86-1033-FFFF-7760-0E1108756300},{AC76BA86-1043-1033-7760-BC15014EA700},{AC76BA86-1040-1033-7760-BC15014EA700},{AC76BA86-1033-FF00-7760-BC15014EA700},{AC76BA86-1033-1033-7760-BC15014EA700},{AC76BA86-1058-1033-7760-BC15014EA700},{AC76BA86-1044-1033-7760-BC15014EA700},{AC76BA86-1038-1033-7760-BC15014EA700},{AC76BA86-1029-1033-7760-BC15014EA700},{AC76BA86-1034-1033-7760-BC15014EA700}
[2026-07-21_11-32-41] Get app status operation detected
[2026-07-21_11-32-41] In Do Operation Synchronously
[2026-07-21_11-32-41] In thread
[2026-07-21_11-32-41] Output XML path: C:\Users\loganf\AppData\Local\Temp\{CFE23A1E-7BEF-46B2-A21E-4A22E55C2076}\{F3DA1A5B-E43E-4574-8A0C-3F3BA7C2CCD1}
[2026-07-21_11-32-41] EXE has been launched in 'getAppStatus' mode
[2026-07-21_11-32-41] Fetching Product Upgrade code
[2026-07-21_11-32-41] Fetching Product Upgrade code
[2026-07-21_11-32-41] Fetching Product Upgrade code
[2026-07-21_11-32-41] Fetching Product Upgrade code
[2026-07-21_11-32-41] GetInstalledProduct called
[2026-07-21_11-32-41] Installed product is Acrobat product
[2026-07-21_11-32-41] Major version : 26
[2026-07-21_11-32-41] Installed product is Adobe Acrobat
[2026-07-21_11-32-41] The product is installed, Action : Show Installed
[2026-07-21_11-32-41] ADBox exited with error code: 0
/****************************************************/
[2026-07-21_11-32-42] ADBox has launched
[2026-07-21_11-32-42] ADBox version=25.1.21223
[2026-07-21_11-32-42] Num of req params found: 3
[2026-07-21_11-32-42] Package Codes list: {AC76BA86-1033-FFFF-7760-BC15014EA700},{AC76BA86-1049-1033-7760-BC15014EA700},{AC76BA86-1051-1033-7760-BC15014EA700},{AC76BA86-1045-1033-7760-BC15014EA700},{AC76BA86-1042-1033-7760-BC15014EA700},{AC76BA86-1033-FFFF-7760-0E1401753200},{AC76BA86-1035-1033-7760-BC15014EA700},{AC76BA86-1031-1033-7760-BC15014EA700},{AC76BA86-1046-1033-7760-BC15014EA700},{AC76BA86-1033-FFFF-7760-BC15014EA700},{AC76BA86-1036-1033-7760-BC15014EA700},{AC76BA86-1041-1033-7760-BC15014EA700},{AC76BA86-1060-1033-7760-BC15014EA700},{AC76BA86-1055-1033-7760-BC15014EA700},{AC76BA86-1053-1033-7760-BC15014EA700},{AC76BA86-1033-FFFF-7760-BE180175AB00},{AC76BA86-2052-1033-7760-BC15014EA700},{AC76BA86-1028-1033-7760-BC15014EA700},{AC76BA86-1030-1033-7760-BC15014EA700},{AC76BA86-1033-FFFF-7760-0E1108756300},{AC76BA86-1043-1033-7760-BC15014EA700},{AC76BA86-1040-1033-7760-BC15014EA700},{AC76BA86-1033-FF00-7760-BC15014EA700},{AC76BA86-1033-1033-7760-BC15014EA700},{AC76BA86-1058-1033-7760-BC15014EA700},{AC76BA86-1044-1033-7760-BC15014EA700},{AC76BA86-1038-1033-7760-BC15014EA700},{AC76BA86-1029-1033-7760-BC15014EA700},{AC76BA86-1034-1033-7760-BC15014EA700}
[2026-07-21_11-32-42] WorkflowInfo node not found in input xml
[2026-07-21_11-32-42] Package Codes list for Appstatus from input xml: {AC76BA86-1033-FFFF-7760-BC15014EA700},{AC76BA86-1049-1033-7760-BC15014EA700},{AC76BA86-1051-1033-7760-BC15014EA700},{AC76BA86-1045-1033-7760-BC15014EA700},{AC76BA86-1042-1033-7760-BC15014EA700},{AC76BA86-1033-FFFF-7760-0E1401753200},{AC76BA86-1035-1033-7760-BC15014EA700},{AC76BA86-1031-1033-7760-BC15014EA700},{AC76BA86-1046-1033-7760-BC15014EA700},{AC76BA86-1033-FFFF-7760-BC15014EA700},{AC76BA86-1036-1033-7760-BC15014EA700},{AC76BA86-1041-1033-7760-BC15014EA700},{AC76BA86-1060-1033-7760-BC15014EA700},{AC76BA86-1055-1033-7760-BC15014EA700},{AC76BA86-1053-1033-7760-BC15014EA700},{AC76BA86-1033-FFFF-7760-BE180175AB00},{AC76BA86-2052-1033-7760-BC15014EA700},{AC76BA86-1028-1033-7760-BC15014EA700},{AC76BA86-1030-1033-7760-BC15014EA700},{AC76BA86-1033-FFFF-7760-0E1108756300},{AC76BA86-1043-1033-7760-BC15014EA700},{AC76BA86-1040-1033-7760-BC15014EA700},{AC76BA86-1033-FF00-7760-BC15014EA700},{AC76BA86-1033-1033-7760-BC15014EA700},{AC76BA86-1058-1033-7760-BC15014EA700},{AC76BA86-1044-1033-7760-BC15014EA700},{AC76BA86-1038-1033-7760-BC15014EA700},{AC76BA86-1029-1033-7760-BC15014EA700},{AC76BA86-1034-1033-7760-BC15014EA700}
[2026-07-21_11-32-42] Get app status operation detected
[2026-07-21_11-32-42] In Do Operation Synchronously
[2026-07-21_11-32-42] In thread
[2026-07-21_11-32-42] Output XML path: C:\Users\loganf\AppData\Local\Temp\{7DC0B7A0-B629-4C64-9CE3-CD9FA9AFA361}\{1B05B5AE-4ECC-448F-900C-2BBC9730E07A}
[2026-07-21_11-32-42] EXE has been launched in 'getAppStatus' mode
[2026-07-21_11-32-42] Fetching Product Upgrade code
[2026-07-21_11-32-42] Fetching Product Upgrade code
[2026-07-21_11-32-42] Fetching Product Upgrade code
[2026-07-21_11-32-42] Fetching Product Upgrade code
[2026-07-21_11-32-42] GetInstalledProduct called
[2026-07-21_11-32-42] Installed product is Acrobat product
[2026-07-21_11-32-42] Major version : 26
[2026-07-21_11-32-42] Installed product is Adobe Acrobat
[2026-07-21_11-32-42] The product is installed, Action : Show Installed
[2026-07-21_11-32-42] ADBox exited with error code: 0
/****************************************************/
[2026-07-21_15-45-30] ADBox has launched
[2026-07-21_15-45-30] ADBox version=25.1.21223
[2026-07-21_15-45-30] Num of req params found: 3
[2026-07-21_15-45-30] Package Codes list: {AC76BA86-1033-FFFF-7760-BC15014EA700},{AC76BA86-1049-1033-7760-BC15014EA700},{AC76BA86-1051-1033-7760-BC15014EA700},{AC76BA86-1045-1033-7760-BC15014EA700},{AC76BA86-1042-1033-7760-BC15014EA700},{AC76BA86-1033-FFFF-7760-0E1401753200},{AC76BA86-1035-1033-7760-BC15014EA700},{AC76BA86-1031-1033-7760-BC15014EA700},{AC76BA86-1046-1033-7760-BC15014EA700},{AC76BA86-1033-FFFF-7760-BC15014EA700},{AC76BA86-1036-1033-7760-BC15014EA700},{AC76BA86-1041-1033-7760-BC15014EA700},{AC76BA86-1060-1033-7760-BC15014EA700},{AC76BA86-1055-1033-7760-BC15014EA700},{AC76BA86-1053-1033-7760-BC15014EA700},{AC76BA86-1033-FFFF-7760-BE180175AB00},{AC76BA86-2052-1033-7760-BC15014EA700},{AC76BA86-1028-1033-7760-BC15014EA700},{AC76BA86-1030-1033-7760-BC15014EA700},{AC76BA86-1033-FFFF-7760-0E1108756300},{AC76BA86-1043-1033-7760-BC15014EA700},{AC76BA86-1040-1033-7760-BC15014EA700},{AC76BA86-1033-FF00-7760-BC15014EA700},{AC76BA86-1033-1033-7760-BC15014EA700},{AC76BA86-1058-1033-7760-BC15014EA700},{AC76BA86-1044-1033-7760-BC15014EA700},{AC76BA86-1038-1033-7760-BC15014EA700},{AC76BA86-1029-1033-7760-BC15014EA700},{AC76BA86-1034-1033-7760-BC15014EA700}
[2026-07-21_15-45-30] WorkflowInfo node not found in input xml
[2026-07-21_15-45-30] Package Codes list for Appstatus from input xml: {AC76BA86-1033-FFFF-7760-BC15014EA700},{AC76BA86-1049-1033-7760-BC15014EA700},{AC76BA86-1051-1033-7760-BC15014EA700},{AC76BA86-1045-1033-7760-BC15014EA700},{AC76BA86-1042-1033-7760-BC15014EA700},{AC76BA86-1033-FFFF-7760-0E1401753200},{AC76BA86-1035-1033-7760-BC15014EA700},{AC76BA86-1031-1033-7760-BC15014EA700},{AC76BA86-1046-1033-7760-BC15014EA700},{AC76BA86-1033-FFFF-7760-BC15014EA700},{AC76BA86-1036-1033-7760-BC15014EA700},{AC76BA86-1041-1033-7760-BC15014EA700},{AC76BA86-1060-1033-7760-BC15014EA700},{AC76BA86-1055-1033-7760-BC15014EA700},{AC76BA86-1053-1033-7760-BC15014EA700},{AC76BA86-1033-FFFF-7760-BE180175AB00},{AC76BA86-2052-1033-7760-BC15014EA700},{AC76BA86-1028-1033-7760-BC15014EA700},{AC76BA86-1030-1033-7760-BC15014EA700},{AC76BA86-1033-FFFF-7760-0E1108756300},{AC76BA86-1043-1033-7760-BC15014EA700},{AC76BA86-1040-1033-7760-BC15014EA700},{AC76BA86-1033-FF00-7760-BC15014EA700},{AC76BA86-1033-1033-7760-BC15014EA700},{AC76BA86-1058-1033-7760-BC15014EA700},{AC76BA86-1044-1033-7760-BC15014EA700},{AC76BA86-1038-1033-7760-BC15014EA700},{AC76BA86-1029-1033-7760-BC15014EA700},{AC76BA86-1034-1033-7760-BC15014EA700}
[2026-07-21_15-45-30] Get app status operation detected
[2026-07-21_15-45-30] In Do Operation Synchronously
[2026-07-21_15-45-30] In thread
[2026-07-21_15-45-30] Output XML path: C:\Users\loganf\AppData\Local\Temp\{0A910FD7-2F2E-4E8F-B5D5-1CF1BE383B5B}\{FFD4F8A4-2BF8-4844-B0DA-8F351BBAF436}
[2026-07-21_15-45-30] EXE has been launched in 'getAppStatus' mode
[2026-07-21_15-45-30] Fetching Product Upgrade code
[2026-07-21_15-45-30] Fetching Product Upgrade code
[2026-07-21_15-45-30] Fetching Product Upgrade code
[2026-07-21_15-45-30] Fetching Product Upgrade code
[2026-07-21_15-45-30] GetInstalledProduct called
[2026-07-21_15-45-30] Installed product is Acrobat product
[2026-07-21_15-45-30] Major version : 26
[2026-07-21_15-45-30] Installed product is Adobe Acrobat
[2026-07-21_15-45-30] The product is installed, Action : Show Installed
[2026-07-21_15-45-30] ADBox exited with error code: 0
/****************************************************/
[2026-07-22_15-42-41] ADBox has launched
[2026-07-22_15-42-41] ADBox version=25.1.21223
[2026-07-22_15-42-41] Num of req params found: 3
[2026-07-22_15-42-41] Package Codes list: {AC76BA86-1033-FFFF-7760-BC15014EA700},{AC76BA86-1049-1033-7760-BC15014EA700},{AC76BA86-1051-1033-7760-BC15014EA700},{AC76BA86-1045-1033-7760-BC15014EA700},{AC76BA86-1042-1033-7760-BC15014EA700},{AC76BA86-1033-FFFF-7760-0E1401753200},{AC76BA86-1035-1033-7760-BC15014EA700},{AC76BA86-1031-1033-7760-BC15014EA700},{AC76BA86-1046-1033-7760-BC15014EA700},{AC76BA86-1033-FFFF-7760-BC15014EA700},{AC76BA86-1036-1033-7760-BC15014EA700},{AC76BA86-1041-1033-7760-BC15014EA700},{AC76BA86-1060-1033-7760-BC15014EA700},{AC76BA86-1055-1033-7760-BC15014EA700},{AC76BA86-1053-1033-7760-BC15014EA700},{AC76BA86-1033-FFFF-7760-BE180175AB00},{AC76BA86-2052-1033-7760-BC15014EA700},{AC76BA86-1028-1033-7760-BC15014EA700},{AC76BA86-1030-1033-7760-BC15014EA700},{AC76BA86-1033-FFFF-7760-0E1108756300},{AC76BA86-1043-1033-7760-BC15014EA700},{AC76BA86-1040-1033-7760-BC15014EA700},{AC76BA86-1033-FF00-7760-BC15014EA700},{AC76BA86-1033-1033-7760-BC15014EA700},{AC76BA86-1058-1033-7760-BC15014EA700},{AC76BA86-1044-1033-7760-BC15014EA700},{AC76BA86-1038-1033-7760-BC15014EA700},{AC76BA86-1029-1033-7760-BC15014EA700},{AC76BA86-1034-1033-7760-BC15014EA700}
[2026-07-22_15-42-41] WorkflowInfo node not found in input xml
[2026-07-22_15-42-41] Package Codes list for Appstatus from input xml: {AC76BA86-1033-FFFF-7760-BC15014EA700},{AC76BA86-1049-1033-7760-BC15014EA700},{AC76BA86-1051-1033-7760-BC15014EA700},{AC76BA86-1045-1033-7760-BC15014EA700},{AC76BA86-1042-1033-7760-BC15014EA700},{AC76BA86-1033-FFFF-7760-0E1401753200},{AC76BA86-1035-1033-7760-BC15014EA700},{AC76BA86-1031-1033-7760-BC15014EA700},{AC76BA86-1046-1033-7760-BC15014EA700},{AC76BA86-1033-FFFF-7760-BC15014EA700},{AC76BA86-1036-1033-7760-BC15014EA700},{AC76BA86-1041-1033-7760-BC15014EA700},{AC76BA86-1060-1033-7760-BC15014EA700},{AC76BA86-1055-1033-7760-BC15014EA700},{AC76BA86-1053-1033-7760-BC15014EA700},{AC76BA86-1033-FFFF-7760-BE180175AB00},{AC76BA86-2052-1033-7760-BC15014EA700},{AC76BA86-1028-1033-7760-BC15014EA700},{AC76BA86-1030-1033-7760-BC15014EA700},{AC76BA86-1033-FFFF-7760-0E1108756300},{AC76BA86-1043-1033-7760-BC15014EA700},{AC76BA86-1040-1033-7760-BC15014EA700},{AC76BA86-1033-FF00-7760-BC15014EA700},{AC76BA86-1033-1033-7760-BC15014EA700},{AC76BA86-1058-1033-7760-BC15014EA700},{AC76BA86-1044-1033-7760-BC15014EA700},{AC76BA86-1038-1033-7760-BC15014EA700},{AC76BA86-1029-1033-7760-BC15014EA700},{AC76BA86-1034-1033-7760-BC15014EA700}
[2026-07-22_15-42-41] Get app status operation detected
[2026-07-22_15-42-41] In Do Operation Synchronously
[2026-07-22_15-42-41] In thread
[2026-07-22_15-42-41] Output XML path: C:\Users\loganf\AppData\Local\Temp\{4F71A482-86E8-433E-9D31-8DB2B59EC770}\{698F3C36-3050-40A1-941E-A44F089F8966}
[2026-07-22_15-42-41] EXE has been launched in 'getAppStatus' mode
[2026-07-22_15-42-41] Fetching Product Upgrade code
[2026-07-22_15-42-41] Fetching Product Upgrade code
[2026-07-22_15-42-41] Fetching Product Upgrade code
[2026-07-22_15-42-41] Fetching Product Upgrade code
[2026-07-22_15-42-41] GetInstalledProduct called
[2026-07-22_15-42-41] Installed product is Acrobat product
[2026-07-22_15-42-41] Major version : 26
[2026-07-22_15-42-41] Installed product is Adobe Acrobat
[2026-07-22_15-42-41] The product is installed, Action : Show Installed
[2026-07-22_15-42-41] ADBox exited with error code: 0
/****************************************************/
[2026-07-23_15-39-41] ADBox has launched
[2026-07-23_15-39-41] ADBox version=25.1.21223
[2026-07-23_15-39-41] Num of req params found: 3
[2026-07-23_15-39-41] Package Codes list: {AC76BA86-1033-FFFF-7760-BC15014EA700},{AC76BA86-1049-1033-7760-BC15014EA700},{AC76BA86-1051-1033-7760-BC15014EA700},{AC76BA86-1045-1033-7760-BC15014EA700},{AC76BA86-1042-1033-7760-BC15014EA700},{AC76BA86-1033-FFFF-7760-0E1401753200},{AC76BA86-1035-1033-7760-BC15014EA700},{AC76BA86-1031-1033-7760-BC15014EA700},{AC76BA86-1046-1033-7760-BC15014EA700},{AC76BA86-1033-FFFF-7760-BC15014EA700},{AC76BA86-1036-1033-7760-BC15014EA700},{AC76BA86-1041-1033-7760-BC15014EA700},{AC76BA86-1060-1033-7760-BC15014EA700},{AC76BA86-1055-1033-7760-BC15014EA700},{AC76BA86-1053-1033-7760-BC15014EA700},{AC76BA86-1033-FFFF-7760-BE180175AB00},{AC76BA86-2052-1033-7760-BC15014EA700},{AC76BA86-1028-1033-7760-BC15014EA700},{AC76BA86-1030-1033-7760-BC15014EA700},{AC76BA86-1033-FFFF-7760-0E1108756300},{AC76BA86-1043-1033-7760-BC15014EA700},{AC76BA86-1040-1033-7760-BC15014EA700},{AC76BA86-1033-FF00-7760-BC15014EA700},{AC76BA86-1033-1033-7760-BC15014EA700},{AC76BA86-1058-1033-7760-BC15014EA700},{AC76BA86-1044-1033-7760-BC15014EA700},{AC76BA86-1038-1033-7760-BC15014EA700},{AC76BA86-1029-1033-7760-BC15014EA700},{AC76BA86-1034-1033-7760-BC15014EA700}
[2026-07-23_15-39-41] WorkflowInfo node not found in input xml
[2026-07-23_15-39-41] Package Codes list for Appstatus from input xml: {AC76BA86-1033-FFFF-7760-BC15014EA700},{AC76BA86-1049-1033-7760-BC15014EA700},{AC76BA86-1051-1033-7760-BC15014EA700},{AC76BA86-1045-1033-7760-BC15014EA700},{AC76BA86-1042-1033-7760-BC15014EA700},{AC76BA86-1033-FFFF-7760-0E1401753200},{AC76BA86-1035-1033-7760-BC15014EA700},{AC76BA86-1031-1033-7760-BC15014EA700},{AC76BA86-1046-1033-7760-BC15014EA700},{AC76BA86-1033-FFFF-7760-BC15014EA700},{AC76BA86-1036-1033-7760-BC15014EA700},{AC76BA86-1041-1033-7760-BC15014EA700},{AC76BA86-1060-1033-7760-BC15014EA700},{AC76BA86-1055-1033-7760-BC15014EA700},{AC76BA86-1053-1033-7760-BC15014EA700},{AC76BA86-1033-FFFF-7760-BE180175AB00},{AC76BA86-2052-1033-7760-BC15014EA700},{AC76BA86-1028-1033-7760-BC15014EA700},{AC76BA86-1030-1033-7760-BC15014EA700},{AC76BA86-1033-FFFF-7760-0E1108756300},{AC76BA86-1043-1033-7760-BC15014EA700},{AC76BA86-1040-1033-7760-BC15014EA700},{AC76BA86-1033-FF00-7760-BC15014EA700},{AC76BA86-1033-1033-7760-BC15014EA700},{AC76BA86-1058-1033-7760-BC15014EA700},{AC76BA86-1044-1033-7760-BC15014EA700},{AC76BA86-1038-1033-7760-BC15014EA700},{AC76BA86-1029-1033-7760-BC15014EA700},{AC76BA86-1034-1033-7760-BC15014EA700}
[2026-07-23_15-39-41] Get app status operation detected
[2026-07-23_15-39-41] In Do Operation Synchronously
[2026-07-23_15-39-41] In thread
[2026-07-23_15-39-41] Output XML path: C:\Users\loganf\AppData\Local\Temp\{D73AD80E-D9A5-4422-A4CC-A9795B8ECAFC}\{A9016D3E-399E-4193-A8A8-4496D64F07E2}
[2026-07-23_15-39-41] EXE has been launched in 'getAppStatus' mode
[2026-07-23_15-39-41] Fetching Product Upgrade code
[2026-07-23_15-39-41] Fetching Product Upgrade code
[2026-07-23_15-39-41] Fetching Product Upgrade code
[2026-07-23_15-39-41] Fetching Product Upgrade code
[2026-07-23_15-39-41] GetInstalledProduct called
[2026-07-23_15-39-41] Installed product is Acrobat product
[2026-07-23_15-39-41] Major version : 26
[2026-07-23_15-39-41] Installed product is Adobe Acrobat
[2026-07-23_15-39-41] The product is installed, Action : Show Installed
[2026-07-23_15-39-41] ADBox exited with error code: 0
/****************************************************/
[2026-07-23_17-26-21] ADBox has launched
[2026-07-23_17-26-21] ADBox version=25.1.21223
[2026-07-23_17-26-21] Num of req params found: 3
[2026-07-23_17-26-21] Package Codes list: {AC76BA86-1033-FFFF-7760-BC15014EA700},{AC76BA86-1049-1033-7760-BC15014EA700},{AC76BA86-1051-1033-7760-BC15014EA700},{AC76BA86-1045-1033-7760-BC15014EA700},{AC76BA86-1042-1033-7760-BC15014EA700},{AC76BA86-1033-FFFF-7760-0E1401753200},{AC76BA86-1035-1033-7760-BC15014EA700},{AC76BA86-1031-1033-7760-BC15014EA700},{AC76BA86-1046-1033-7760-BC15014EA700},{AC76BA86-1033-FFFF-7760-BC15014EA700},{AC76BA86-1036-1033-7760-BC15014EA700},{AC76BA86-1041-1033-7760-BC15014EA700},{AC76BA86-1060-1033-7760-BC15014EA700},{AC76BA86-1055-1033-7760-BC15014EA700},{AC76BA86-1053-1033-7760-BC15014EA700},{AC76BA86-1033-FFFF-7760-BE180175AB00},{AC76BA86-2052-1033-7760-BC15014EA700},{AC76BA86-1028-1033-7760-BC15014EA700},{AC76BA86-1030-1033-7760-BC15014EA700},{AC76BA86-1033-FFFF-7760-0E1108756300},{AC76BA86-1043-1033-7760-BC15014EA700},{AC76BA86-1040-1033-7760-BC15014EA700},{AC76BA86-1033-FF00-7760-BC15014EA700},{AC76BA86-1033-1033-7760-BC15014EA700},{AC76BA86-1058-1033-7760-BC15014EA700},{AC76BA86-1044-1033-7760-BC15014EA700},{AC76BA86-1038-1033-7760-BC15014EA700},{AC76BA86-1029-1033-7760-BC15014EA700},{AC76BA86-1034-1033-7760-BC15014EA700}
[2026-07-23_17-26-21] WorkflowInfo node not found in input xml
[2026-07-23_17-26-21] Package Codes list for Appstatus from input xml: {AC76BA86-1033-FFFF-7760-BC15014EA700},{AC76BA86-1049-1033-7760-BC15014EA700},{AC76BA86-1051-1033-7760-BC15014EA700},{AC76BA86-1045-1033-7760-BC15014EA700},{AC76BA86-1042-1033-7760-BC15014EA700},{AC76BA86-1033-FFFF-7760-0E1401753200},{AC76BA86-1035-1033-7760-BC15014EA700},{AC76BA86-1031-1033-7760-BC15014EA700},{AC76BA86-1046-1033-7760-BC15014EA700},{AC76BA86-1033-FFFF-7760-BC15014EA700},{AC76BA86-1036-1033-7760-BC15014EA700},{AC76BA86-1041-1033-7760-BC15014EA700},{AC76BA86-1060-1033-7760-BC15014EA700},{AC76BA86-1055-1033-7760-BC15014EA700},{AC76BA86-1053-1033-7760-BC15014EA700},{AC76BA86-1033-FFFF-7760-BE180175AB00},{AC76BA86-2052-1033-7760-BC15014EA700},{AC76BA86-1028-1033-7760-BC15014EA700},{AC76BA86-1030-1033-7760-BC15014EA700},{AC76BA86-1033-FFFF-7760-0E1108756300},{AC76BA86-1043-1033-7760-BC15014EA700},{AC76BA86-1040-1033-7760-BC15014EA700},{AC76BA86-1033-FF00-7760-BC15014EA700},{AC76BA86-1033-1033-7760-BC15014EA700},{AC76BA86-1058-1033-7760-BC15014EA700},{AC76BA86-1044-1033-7760-BC15014EA700},{AC76BA86-1038-1033-7760-BC15014EA700},{AC76BA86-1029-1033-7760-BC15014EA700},{AC76BA86-1034-1033-7760-BC15014EA700}
[2026-07-23_17-26-21] Get app status operation detected
[2026-07-23_17-26-21] In Do Operation Synchronously
[2026-07-23_17-26-21] In thread
[2026-07-23_17-26-21] Output XML path: C:\Users\loganf\AppData\Local\Temp\{FE766AC4-ABAF-4A84-A6A1-BE57019FFABB}\{377DE88C-CA9E-4B78-ACFD-938421F9F1EC}
[2026-07-23_17-26-21] EXE has been launched in 'getAppStatus' mode
[2026-07-23_17-26-21] Fetching Product Upgrade code
[2026-07-23_17-26-21] Fetching Product Upgrade code
[2026-07-23_17-26-21] Fetching Product Upgrade code
[2026-07-23_17-26-21] Fetching Product Upgrade code
[2026-07-23_17-26-21] GetInstalledProduct called
[2026-07-23_17-26-21] Installed product is Acrobat product
[2026-07-23_17-26-21] Major version : 26
[2026-07-23_17-26-21] Installed product is Adobe Acrobat
[2026-07-23_17-26-21] The product is installed, Action : Show Installed
[2026-07-23_17-26-21] ADBox exited with error code: 0
/****************************************************/
[2026-07-27_09-34-27] ADBox has launched
[2026-07-27_09-34-27] ADBox version=25.1.21223
[2026-07-27_09-34-27] Num of req params found: 3
[2026-07-27_09-34-27] Package Codes list: {AC76BA86-1033-FFFF-7760-BC15014EA700},{AC76BA86-1049-1033-7760-BC15014EA700},{AC76BA86-1051-1033-7760-BC15014EA700},{AC76BA86-1045-1033-7760-BC15014EA700},{AC76BA86-1042-1033-7760-BC15014EA700},{AC76BA86-1033-FFFF-7760-0E1401753200},{AC76BA86-1035-1033-7760-BC15014EA700},{AC76BA86-1031-1033-7760-BC15014EA700},{AC76BA86-1046-1033-7760-BC15014EA700},{AC76BA86-1033-FFFF-7760-BC15014EA700},{AC76BA86-1036-1033-7760-BC15014EA700},{AC76BA86-1041-1033-7760-BC15014EA700},{AC76BA86-1060-1033-7760-BC15014EA700},{AC76BA86-1055-1033-7760-BC15014EA700},{AC76BA86-1053-1033-7760-BC15014EA700},{AC76BA86-1033-FFFF-7760-BE180175AB00},{AC76BA86-2052-1033-7760-BC15014EA700},{AC76BA86-1028-1033-7760-BC15014EA700},{AC76BA86-1030-1033-7760-BC15014EA700},{AC76BA86-1033-FFFF-7760-0E1108756300},{AC76BA86-1043-1033-7760-BC15014EA700},{AC76BA86-1040-1033-7760-BC15014EA700},{AC76BA86-1033-FF00-7760-BC15014EA700},{AC76BA86-1033-1033-7760-BC15014EA700},{AC76BA86-1058-1033-7760-BC15014EA700},{AC76BA86-1044-1033-7760-BC15014EA700},{AC76BA86-1038-1033-7760-BC15014EA700},{AC76BA86-1029-1033-7760-BC15014EA700},{AC76BA86-1034-1033-7760-BC15014EA700}
[2026-07-27_09-34-27] WorkflowInfo node not found in input xml
[2026-07-27_09-34-27] Package Codes list for Appstatus from input xml: {AC76BA86-1033-FFFF-7760-BC15014EA700},{AC76BA86-1049-1033-7760-BC15014EA700},{AC76BA86-1051-1033-7760-BC15014EA700},{AC76BA86-1045-1033-7760-BC15014EA700},{AC76BA86-1042-1033-7760-BC15014EA700},{AC76BA86-1033-FFFF-7760-0E1401753200},{AC76BA86-1035-1033-7760-BC15014EA700},{AC76BA86-1031-1033-7760-BC15014EA700},{AC76BA86-1046-1033-7760-BC15014EA700},{AC76BA86-1033-FFFF-7760-BC15014EA700},{AC76BA86-1036-1033-7760-BC15014EA700},{AC76BA86-1041-1033-7760-BC15014EA700},{AC76BA86-1060-1033-7760-BC15014EA700},{AC76BA86-1055-1033-7760-BC15014EA700},{AC76BA86-1053-1033-7760-BC15014EA700},{AC76BA86-1033-FFFF-7760-BE180175AB00},{AC76BA86-2052-1033-7760-BC15014EA700},{AC76BA86-1028-1033-7760-BC15014EA700},{AC76BA86-1030-1033-7760-BC15014EA700},{AC76BA86-1033-FFFF-7760-0E1108756300},{AC76BA86-1043-1033-7760-BC15014EA700},{AC76BA86-1040-1033-7760-BC15014EA700},{AC76BA86-1033-FF00-7760-BC15014EA700},{AC76BA86-1033-1033-7760-BC15014EA700},{AC76BA86-1058-1033-7760-BC15014EA700},{AC76BA86-1044-1033-7760-BC15014EA700},{AC76BA86-1038-1033-7760-BC15014EA700},{AC76BA86-1029-1033-7760-BC15014EA700},{AC76BA86-1034-1033-7760-BC15014EA700}
[2026-07-27_09-34-27] Get app status operation detected
[2026-07-27_09-34-27] In Do Operation Synchronously
[2026-07-27_09-34-27] In thread
[2026-07-27_09-34-27] Output XML path: C:\Users\loganf\AppData\Local\Temp\{F30CF1D4-C41E-4A92-B174-C61146DE0801}\{B6CA8DD1-FC18-41EC-89D1-940EC173F9CC}
[2026-07-27_09-34-27] EXE has been launched in 'getAppStatus' mode
[2026-07-27_09-34-27] Fetching Product Upgrade code
[2026-07-27_09-34-27] Fetching Product Upgrade code
[2026-07-27_09-34-27] Fetching Product Upgrade code
[2026-07-27_09-34-27] Fetching Product Upgrade code
[2026-07-27_09-34-27] GetInstalledProduct called
[2026-07-27_09-34-27] Installed product is Acrobat product
[2026-07-27_09-34-27] Major version : 26
[2026-07-27_09-34-27] Installed product is Adobe Acrobat
[2026-07-27_09-34-27] The product is installed, Action : Show Installed
[2026-07-27_09-34-27] ADBox exited with error code: 0
/****************************************************/
[2026-07-28_09-31-43] ADBox has launched
[2026-07-28_09-31-43] ADBox version=25.1.21223
[2026-07-28_09-31-43] Num of req params found: 3
[2026-07-28_09-31-43] Package Codes list: {AC76BA86-1033-FFFF-7760-BC15014EA700},{AC76BA86-1049-1033-7760-BC15014EA700},{AC76BA86-1051-1033-7760-BC15014EA700},{AC76BA86-1045-1033-7760-BC15014EA700},{AC76BA86-1042-1033-7760-BC15014EA700},{AC76BA86-1033-FFFF-7760-0E1401753200},{AC76BA86-1035-1033-7760-BC15014EA700},{AC76BA86-1031-1033-7760-BC15014EA700},{AC76BA86-1046-1033-7760-BC15014EA700},{AC76BA86-1033-FFFF-7760-BC15014EA700},{AC76BA86-1036-1033-7760-BC15014EA700},{AC76BA86-1041-1033-7760-BC15014EA700},{AC76BA86-1060-1033-7760-BC15014EA700},{AC76BA86-1055-1033-7760-BC15014EA700},{AC76BA86-1053-1033-7760-BC15014EA700},{AC76BA86-1033-FFFF-7760-BE180175AB00},{AC76BA86-2052-1033-7760-BC15014EA700},{AC76BA86-1028-1033-7760-BC15014EA700},{AC76BA86-1030-1033-7760-BC15014EA700},{AC76BA86-1033-FFFF-7760-0E1108756300},{AC76BA86-1043-1033-7760-BC15014EA700},{AC76BA86-1040-1033-7760-BC15014EA700},{AC76BA86-1033-FF00-7760-BC15014EA700},{AC76BA86-1033-1033-7760-BC15014EA700},{AC76BA86-1058-1033-7760-BC15014EA700},{AC76BA86-1044-1033-7760-BC15014EA700},{AC76BA86-1038-1033-7760-BC15014EA700},{AC76BA86-1029-1033-7760-BC15014EA700},{AC76BA86-1034-1033-7760-BC15014EA700}
[2026-07-28_09-31-43] WorkflowInfo node not found in input xml
[2026-07-28_09-31-43] Package Codes list for Appstatus from input xml: {AC76BA86-1033-FFFF-7760-BC15014EA700},{AC76BA86-1049-1033-7760-BC15014EA700},{AC76BA86-1051-1033-7760-BC15014EA700},{AC76BA86-1045-1033-7760-BC15014EA700},{AC76BA86-1042-1033-7760-BC15014EA700},{AC76BA86-1033-FFFF-7760-0E1401753200},{AC76BA86-1035-1033-7760-BC15014EA700},{AC76BA86-1031-1033-7760-BC15014EA700},{AC76BA86-1046-1033-7760-BC15014EA700},{AC76BA86-1033-FFFF-7760-BC15014EA700},{AC76BA86-1036-1033-7760-BC15014EA700},{AC76BA86-1041-1033-7760-BC15014EA700},{AC76BA86-1060-1033-7760-BC15014EA700},{AC76BA86-1055-1033-7760-BC15014EA700},{AC76BA86-1053-1033-7760-BC15014EA700},{AC76BA86-1033-FFFF-7760-BE180175AB00},{AC76BA86-2052-1033-7760-BC15014EA700},{AC76BA86-1028-1033-7760-BC15014EA700},{AC76BA86-1030-1033-7760-BC15014EA700},{AC76BA86-1033-FFFF-7760-0E1108756300},{AC76BA86-1043-1033-7760-BC15014EA700},{AC76BA86-1040-1033-7760-BC15014EA700},{AC76BA86-1033-FF00-7760-BC15014EA700},{AC76BA86-1033-1033-7760-BC15014EA700},{AC76BA86-1058-1033-7760-BC15014EA700},{AC76BA86-1044-1033-7760-BC15014EA700},{AC76BA86-1038-1033-7760-BC15014EA700},{AC76BA86-1029-1033-7760-BC15014EA700},{AC76BA86-1034-1033-7760-BC15014EA700}
[2026-07-28_09-31-43] Get app status operation detected
[2026-07-28_09-31-43] In Do Operation Synchronously
[2026-07-28_09-31-43] In thread
[2026-07-28_09-31-43] Output XML path: C:\Users\loganf\AppData\Local\Temp\{4851D8C7-7FC2-49FD-8A61-F7115E6CD1FF}\{B1A62FF0-3C15-4957-AFE3-779DC9D2FDF4}
[2026-07-28_09-31-43] EXE has been launched in 'getAppStatus' mode
[2026-07-28_09-31-43] Fetching Product Upgrade code
[2026-07-28_09-31-43] Fetching Product Upgrade code
[2026-07-28_09-31-43] Fetching Product Upgrade code
[2026-07-28_09-31-43] Fetching Product Upgrade code
[2026-07-28_09-31-43] GetInstalledProduct called
[2026-07-28_09-31-43] Installed product is Acrobat product
[2026-07-28_09-31-43] Major version : 26
[2026-07-28_09-31-43] Installed product is Adobe Acrobat
[2026-07-28_09-31-43] The product is installed, Action : Show Installed
[2026-07-28_09-31-43] ADBox exited with error code: 0
/****************************************************/
[2026-07-29_09-28-43] ADBox has launched
[2026-07-29_09-28-43] ADBox version=25.1.21223
[2026-07-29_09-28-43] Num of req params found: 3
[2026-07-29_09-28-43] Package Codes list: {AC76BA86-1033-FFFF-7760-BC15014EA700},{AC76BA86-1049-1033-7760-BC15014EA700},{AC76BA86-1051-1033-7760-BC15014EA700},{AC76BA86-1045-1033-7760-BC15014EA700},{AC76BA86-1042-1033-7760-BC15014EA700},{AC76BA86-1033-FFFF-7760-0E1401753200},{AC76BA86-1035-1033-7760-BC15014EA700},{AC76BA86-1031-1033-7760-BC15014EA700},{AC76BA86-1046-1033-7760-BC15014EA700},{AC76BA86-1033-FFFF-7760-BC15014EA700},{AC76BA86-1036-1033-7760-BC15014EA700},{AC76BA86-1041-1033-7760-BC15014EA700},{AC76BA86-1060-1033-7760-BC15014EA700},{AC76BA86-1055-1033-7760-BC15014EA700},{AC76BA86-1053-1033-7760-BC15014EA700},{AC76BA86-1033-FFFF-7760-BE180175AB00},{AC76BA86-2052-1033-7760-BC15014EA700},{AC76BA86-1028-1033-7760-BC15014EA700},{AC76BA86-1030-1033-7760-BC15014EA700},{AC76BA86-1033-FFFF-7760-0E1108756300},{AC76BA86-1043-1033-7760-BC15014EA700},{AC76BA86-1040-1033-7760-BC15014EA700},{AC76BA86-1033-FF00-7760-BC15014EA700},{AC76BA86-1033-1033-7760-BC15014EA700},{AC76BA86-1058-1033-7760-BC15014EA700},{AC76BA86-1044-1033-7760-BC15014EA700},{AC76BA86-1038-1033-7760-BC15014EA700},{AC76BA86-1029-1033-7760-BC15014EA700},{AC76BA86-1034-1033-7760-BC15014EA700}
[2026-07-29_09-28-43] WorkflowInfo node not found in input xml
[2026-07-29_09-28-43] Package Codes list for Appstatus from input xml: {AC76BA86-1033-FFFF-7760-BC15014EA700},{AC76BA86-1049-1033-7760-BC15014EA700},{AC76BA86-1051-1033-7760-BC15014EA700},{AC76BA86-1045-1033-7760-BC15014EA700},{AC76BA86-1042-1033-7760-BC15014EA700},{AC76BA86-1033-FFFF-7760-0E1401753200},{AC76BA86-1035-1033-7760-BC15014EA700},{AC76BA86-1031-1033-7760-BC15014EA700},{AC76BA86-1046-1033-7760-BC15014EA700},{AC76BA86-1033-FFFF-7760-BC15014EA700},{AC76BA86-1036-1033-7760-BC15014EA700},{AC76BA86-1041-1033-7760-BC15014EA700},{AC76BA86-1060-1033-7760-BC15014EA700},{AC76BA86-1055-1033-7760-BC15014EA700},{AC76BA86-1053-1033-7760-BC15014EA700},{AC76BA86-1033-FFFF-7760-BE180175AB00},{AC76BA86-2052-1033-7760-BC15014EA700},{AC76BA86-1028-1033-7760-BC15014EA700},{AC76BA86-1030-1033-7760-BC15014EA700},{AC76BA86-1033-FFFF-7760-0E1108756300},{AC76BA86-1043-1033-7760-BC15014EA700},{AC76BA86-1040-1033-7760-BC15014EA700},{AC76BA86-1033-FF00-7760-BC15014EA700},{AC76BA86-1033-1033-7760-BC15014EA700},{AC76BA86-1058-1033-7760-BC15014EA700},{AC76BA86-1044-1033-7760-BC15014EA700},{AC76BA86-1038-1033-7760-BC15014EA700},{AC76BA86-1029-1033-7760-BC15014EA700},{AC76BA86-1034-1033-7760-BC15014EA700}
[2026-07-29_09-28-43] Get app status operation detected
[2026-07-29_09-28-43] In Do Operation Synchronously
[2026-07-29_09-28-43] In thread
[2026-07-29_09-28-43] Output XML path: C:\Users\loganf\AppData\Local\Temp\{195AB8E2-DFFF-4769-8A0B-15B2C98EA422}\{17BB79EE-F9AF-4AC5-BFCE-9D5CDEFED172}
[2026-07-29_09-28-43] EXE has been launched in 'getAppStatus' mode
[2026-07-29_09-28-43] Fetching Product Upgrade code
[2026-07-29_09-28-43] Fetching Product Upgrade code
[2026-07-29_09-28-43] Fetching Product Upgrade code
[2026-07-29_09-28-43] Fetching Product Upgrade code
[2026-07-29_09-28-43] GetInstalledProduct called
[2026-07-29_09-28-43] Installed product is Acrobat product
[2026-07-29_09-28-43] Major version : 26
[2026-07-29_09-28-43] Installed product is Adobe Acrobat
[2026-07-29_09-28-43] The product is installed, Action : Show Installed
[2026-07-29_09-28-43] ADBox exited with error code: 0
/****************************************************/
[2026-07-30_10-39-49] ADBox has launched
[2026-07-30_10-39-49] ADBox version=25.1.21223
[2026-07-30_10-39-49] Num of req params found: 3
[2026-07-30_10-39-49] Package Codes list: {AC76BA86-1033-FFFF-7760-BC15014EA700},{AC76BA86-1049-1033-7760-BC15014EA700},{AC76BA86-1051-1033-7760-BC15014EA700},{AC76BA86-1045-1033-7760-BC15014EA700},{AC76BA86-1042-1033-7760-BC15014EA700},{AC76BA86-1033-FFFF-7760-0E1401753200},{AC76BA86-1035-1033-7760-BC15014EA700},{AC76BA86-1031-1033-7760-BC15014EA700},{AC76BA86-1046-1033-7760-BC15014EA700},{AC76BA86-1033-FFFF-7760-BC15014EA700},{AC76BA86-1036-1033-7760-BC15014EA700},{AC76BA86-1041-1033-7760-BC15014EA700},{AC76BA86-1060-1033-7760-BC15014EA700},{AC76BA86-1055-1033-7760-BC15014EA700},{AC76BA86-1053-1033-7760-BC15014EA700},{AC76BA86-1033-FFFF-7760-BE180175AB00},{AC76BA86-2052-1033-7760-BC15014EA700},{AC76BA86-1028-1033-7760-BC15014EA700},{AC76BA86-1030-1033-7760-BC15014EA700},{AC76BA86-1033-FFFF-7760-0E1108756300},{AC76BA86-1043-1033-7760-BC15014EA700},{AC76BA86-1040-1033-7760-BC15014EA700},{AC76BA86-1033-FF00-7760-BC15014EA700},{AC76BA86-1033-1033-7760-BC15014EA700},{AC76BA86-1058-1033-7760-BC15014EA700},{AC76BA86-1044-1033-7760-BC15014EA700},{AC76BA86-1038-1033-7760-BC15014EA700},{AC76BA86-1029-1033-7760-BC15014EA700},{AC76BA86-1034-1033-7760-BC15014EA700}
[2026-07-30_10-39-49] WorkflowInfo node not found in input xml
[2026-07-30_10-39-49] Package Codes list for Appstatus from input xml: {AC76BA86-1033-FFFF-7760-BC15014EA700},{AC76BA86-1049-1033-7760-BC15014EA700},{AC76BA86-1051-1033-7760-BC15014EA700},{AC76BA86-1045-1033-7760-BC15014EA700},{AC76BA86-1042-1033-7760-BC15014EA700},{AC76BA86-1033-FFFF-7760-0E1401753200},{AC76BA86-1035-1033-7760-BC15014EA700},{AC76BA86-1031-1033-7760-BC15014EA700},{AC76BA86-1046-1033-7760-BC15014EA700},{AC76BA86-1033-FFFF-7760-BC15014EA700},{AC76BA86-1036-1033-7760-BC15014EA700},{AC76BA86-1041-1033-7760-BC15014EA700},{AC76BA86-1060-1033-7760-BC15014EA700},{AC76BA86-1055-1033-7760-BC15014EA700},{AC76BA86-1053-1033-7760-BC15014EA700},{AC76BA86-1033-FFFF-7760-BE180175AB00},{AC76BA86-2052-1033-7760-BC15014EA700},{AC76BA86-1028-1033-7760-BC15014EA700},{AC76BA86-1030-1033-7760-BC15014EA700},{AC76BA86-1033-FFFF-7760-0E1108756300},{AC76BA86-1043-1033-7760-BC15014EA700},{AC76BA86-1040-1033-7760-BC15014EA700},{AC76BA86-1033-FF00-7760-BC15014EA700},{AC76BA86-1033-1033-7760-BC15014EA700},{AC76BA86-1058-1033-7760-BC15014EA700},{AC76BA86-1044-1033-7760-BC15014EA700},{AC76BA86-1038-1033-7760-BC15014EA700},{AC76BA86-1029-1033-7760-BC15014EA700},{AC76BA86-1034-1033-7760-BC15014EA700}
[2026-07-30_10-39-49] Get app status operation detected
[2026-07-30_10-39-49] In Do Operation Synchronously
[2026-07-30_10-39-49] In thread
[2026-07-30_10-39-49] Output XML path: C:\Users\loganf\AppData\Local\Temp\{38544306-1C9B-45AC-8824-AA7EA72A1F61}\{B32FDC60-0809-4824-A052-A78FE6692A2F}
[2026-07-30_10-39-49] EXE has been launched in 'getAppStatus' mode
[2026-07-30_10-39-49] Fetching Product Upgrade code
[2026-07-30_10-39-49] Fetching Product Upgrade code
[2026-07-30_10-39-49] Fetching Product Upgrade code
[2026-07-30_10-39-49] Fetching Product Upgrade code
[2026-07-30_10-39-49] GetInstalledProduct called
[2026-07-30_10-39-49] Installed product is Acrobat product
[2026-07-30_10-39-49] Major version : 26
[2026-07-30_10-39-49] Installed product is Adobe Acrobat
[2026-07-30_10-39-49] The product is installed, Action : Show Installed
[2026-07-30_10-39-49] ADBox exited with error code: 0
/****************************************************/
[2026-07-31_10-36-56] ADBox has launched
[2026-07-31_10-36-56] ADBox version=25.1.21223
[2026-07-31_10-36-56] Num of req params found: 3
[2026-07-31_10-36-56] Package Codes list: {AC76BA86-1033-FFFF-7760-BC15014EA700},{AC76BA86-1049-1033-7760-BC15014EA700},{AC76BA86-1051-1033-7760-BC15014EA700},{AC76BA86-1045-1033-7760-BC15014EA700},{AC76BA86-1042-1033-7760-BC15014EA700},{AC76BA86-1033-FFFF-7760-0E1401753200},{AC76BA86-1035-1033-7760-BC15014EA700},{AC76BA86-1031-1033-7760-BC15014EA700},{AC76BA86-1046-1033-7760-BC15014EA700},{AC76BA86-1033-FFFF-7760-BC15014EA700},{AC76BA86-1036-1033-7760-BC15014EA700},{AC76BA86-1041-1033-7760-BC15014EA700},{AC76BA86-1060-1033-7760-BC15014EA700},{AC76BA86-1055-1033-7760-BC15014EA700},{AC76BA86-1053-1033-7760-BC15014EA700},{AC76BA86-1033-FFFF-7760-BE180175AB00},{AC76BA86-2052-1033-7760-BC15014EA700},{AC76BA86-1028-1033-7760-BC15014EA700},{AC76BA86-1030-1033-7760-BC15014EA700},{AC76BA86-1033-FFFF-7760-0E1108756300},{AC76BA86-1043-1033-7760-BC15014EA700},{AC76BA86-1040-1033-7760-BC15014EA700},{AC76BA86-1033-FF00-7760-BC15014EA700},{AC76BA86-1033-1033-7760-BC15014EA700},{AC76BA86-1058-1033-7760-BC15014EA700},{AC76BA86-1044-1033-7760-BC15014EA700},{AC76BA86-1038-1033-7760-BC15014EA700},{AC76BA86-1029-1033-7760-BC15014EA700},{AC76BA86-1034-1033-7760-BC15014EA700}
[2026-07-31_10-36-56] WorkflowInfo node not found in input xml
[2026-07-31_10-36-56] Package Codes list for Appstatus from input xml: {AC76BA86-1033-FFFF-7760-BC15014EA700},{AC76BA86-1049-1033-7760-BC15014EA700},{AC76BA86-1051-1033-7760-BC15014EA700},{AC76BA86-1045-1033-7760-BC15014EA700},{AC76BA86-1042-1033-7760-BC15014EA700},{AC76BA86-1033-FFFF-7760-0E1401753200},{AC76BA86-1035-1033-7760-BC15014EA700},{AC76BA86-1031-1033-7760-BC15014EA700},{AC76BA86-1046-1033-7760-BC15014EA700},{AC76BA86-1033-FFFF-7760-BC15014EA700},{AC76BA86-1036-1033-7760-BC15014EA700},{AC76BA86-1041-1033-7760-BC15014EA700},{AC76BA86-1060-1033-7760-BC15014EA700},{AC76BA86-1055-1033-7760-BC15014EA700},{AC76BA86-1053-1033-7760-BC15014EA700},{AC76BA86-1033-FFFF-7760-BE180175AB00},{AC76BA86-2052-1033-7760-BC15014EA700},{AC76BA86-1028-1033-7760-BC15014EA700},{AC76BA86-1030-1033-7760-BC15014EA700},{AC76BA86-1033-FFFF-7760-0E1108756300},{AC76BA86-1043-1033-7760-BC15014EA700},{AC76BA86-1040-1033-7760-BC15014EA700},{AC76BA86-1033-FF00-7760-BC15014EA700},{AC76BA86-1033-1033-7760-BC15014EA700},{AC76BA86-1058-1033-7760-BC15014EA700},{AC76BA86-1044-1033-7760-BC15014EA700},{AC76BA86-1038-1033-7760-BC15014EA700},{AC76BA86-1029-1033-7760-BC15014EA700},{AC76BA86-1034-1033-7760-BC15014EA700}
[2026-07-31_10-36-56] Get app status operation detected
[2026-07-31_10-36-56] In Do Operation Synchronously
[2026-07-31_10-36-56] In thread
[2026-07-31_10-36-56] Output XML path: C:\Users\loganf\AppData\Local\Temp\{7879FE02-D528-4746-972B-3C96444C2E57}\{0A063088-9D2A-43D1-B28B-8C8D81EDF41C}
[2026-07-31_10-36-56] EXE has been launched in 'getAppStatus' mode
[2026-07-31_10-36-56] Fetching Product Upgrade code
[2026-07-31_10-36-56] Fetching Product Upgrade code
[2026-07-31_10-36-56] Fetching Product Upgrade code
[2026-07-31_10-36-56] Fetching Product Upgrade code
[2026-07-31_10-36-56] GetInstalledProduct called
[2026-07-31_10-36-56] Installed product is Acrobat product
[2026-07-31_10-36-56] Major version : 26
[2026-07-31_10-36-56] Installed product is Adobe Acrobat
[2026-07-31_10-36-56] The product is installed, Action : Show Installed
[2026-07-31_10-36-56] ADBox exited with error code: 0
/****************************************************/
[2026-08-03_10-31-54] ADBox has launched
[2026-08-03_10-31-54] ADBox version=25.1.21223
[2026-08-03_10-31-54] Num of req params found: 3
[2026-08-03_10-31-54] Package Codes list: {AC76BA86-1033-FFFF-7760-BC15014EA700},{AC76BA86-1049-1033-7760-BC15014EA700},{AC76BA86-1051-1033-7760-BC15014EA700},{AC76BA86-1045-1033-7760-BC15014EA700},{AC76BA86-1042-1033-7760-BC15014EA700},{AC76BA86-1033-FFFF-7760-0E1401753200},{AC76BA86-1035-1033-7760-BC15014EA700},{AC76BA86-1031-1033-7760-BC15014EA700},{AC76BA86-1046-1033-7760-BC15014EA700},{AC76BA86-1033-FFFF-7760-BC15014EA700},{AC76BA86-1036-1033-7760-BC15014EA700},{AC76BA86-1041-1033-7760-BC15014EA700},{AC76BA86-1060-1033-7760-BC15014EA700},{AC76BA86-1055-1033-7760-BC15014EA700},{AC76BA86-1053-1033-7760-BC15014EA700},{AC76BA86-1033-FFFF-7760-BE180175AB00},{AC76BA86-2052-1033-7760-BC15014EA700},{AC76BA86-1028-1033-7760-BC15014EA700},{AC76BA86-1030-1033-7760-BC15014EA700},{AC76BA86-1033-FFFF-7760-0E1108756300},{AC76BA86-1043-1033-7760-BC15014EA700},{AC76BA86-1040-1033-7760-BC15014EA700},{AC76BA86-1033-FF00-7760-BC15014EA700},{AC76BA86-1033-1033-7760-BC15014EA700},{AC76BA86-1058-1033-7760-BC15014EA700},{AC76BA86-1044-1033-7760-BC15014EA700},{AC76BA86-1038-1033-7760-BC15014EA700},{AC76BA86-1029-1033-7760-BC15014EA700},{AC76BA86-1034-1033-7760-BC15014EA700}
[2026-08-03_10-31-54] WorkflowInfo node not found in input xml
[2026-08-03_10-31-54] Package Codes list for Appstatus from input xml: {AC76BA86-1033-FFFF-7760-BC15014EA700},{AC76BA86-1049-1033-7760-BC15014EA700},{AC76BA86-1051-1033-7760-BC15014EA700},{AC76BA86-1045-1033-7760-BC15014EA700},{AC76BA86-1042-1033-7760-BC15014EA700},{AC76BA86-1033-FFFF-7760-0E1401753200},{AC76BA86-1035-1033-7760-BC15014EA700},{AC76BA86-1031-1033-7760-BC15014EA700},{AC76BA86-1046-1033-7760-BC15014EA700},{AC76BA86-1033-FFFF-7760-BC15014EA700},{AC76BA86-1036-1033-7760-BC15014EA700},{AC76BA86-1041-1033-7760-BC15014EA700},{AC76BA86-1060-1033-7760-BC15014EA700},{AC76BA86-1055-1033-7760-BC15014EA700},{AC76BA86-1053-1033-7760-BC15014EA700},{AC76BA86-1033-FFFF-7760-BE180175AB00},{AC76BA86-2052-1033-7760-BC15014EA700},{AC76BA86-1028-1033-7760-BC15014EA700},{AC76BA86-1030-1033-7760-BC15014EA700},{AC76BA86-1033-FFFF-7760-0E1108756300},{AC76BA86-1043-1033-7760-BC15014EA700},{AC76BA86-1040-1033-7760-BC15014EA700},{AC76BA86-1033-FF00-7760-BC15014EA700},{AC76BA86-1033-1033-7760-BC15014EA700},{AC76BA86-1058-1033-7760-BC15014EA700},{AC76BA86-1044-1033-7760-BC15014EA700},{AC76BA86-1038-1033-7760-BC15014EA700},{AC76BA86-1029-1033-7760-BC15014EA700},{AC76BA86-1034-1033-7760-BC15014EA700}
[2026-08-03_10-31-54] Get app status operation detected
[2026-08-03_10-31-54] In Do Operation Synchronously
[2026-08-03_10-31-54] In thread
[2026-08-03_10-31-54] Output XML path: C:\Users\loganf\AppData\Local\Temp\{F4CA9B03-39CA-4C26-BC7F-B6BDA30724DC}\{4A436C71-F2C1-449F-8CCF-253C50AB2CC6}
[2026-08-03_10-31-54] EXE has been launched in 'getAppStatus' mode
[2026-08-03_10-31-54] Fetching Product Upgrade code
[2026-08-03_10-31-54] Fetching Product Upgrade code
[2026-08-03_10-31-54] Fetching Product Upgrade code
[2026-08-03_10-31-54] Fetching Product Upgrade code
[2026-08-03_10-31-54] GetInstalledProduct called
[2026-08-03_10-31-54] Installed product is Acrobat product
[2026-08-03_10-31-54] Major version : 26
[2026-08-03_10-31-54] Installed product is Adobe Acrobat
[2026-08-03_10-31-54] The product is installed, Action : Show Installed
[2026-08-03_10-31-54] ADBox exited with error code: 0
/****************************************************/
[2026-08-03_14-55-02] ADBox has launched
[2026-08-03_14-55-02] ADBox version=25.1.21223
[2026-08-03_14-55-02] Num of req params found: 3
[2026-08-03_14-55-02] Package Codes list: {AC76BA86-1033-FFFF-7760-BC15014EA700},{AC76BA86-1049-1033-7760-BC15014EA700},{AC76BA86-1051-1033-7760-BC15014EA700},{AC76BA86-1045-1033-7760-BC15014EA700},{AC76BA86-1042-1033-7760-BC15014EA700},{AC76BA86-1033-FFFF-7760-0E1401753200},{AC76BA86-1035-1033-7760-BC15014EA700},{AC76BA86-1031-1033-7760-BC15014EA700},{AC76BA86-1046-1033-7760-BC15014EA700},{AC76BA86-1033-FFFF-7760-BC15014EA700},{AC76BA86-1036-1033-7760-BC15014EA700},{AC76BA86-1041-1033-7760-BC15014EA700},{AC76BA86-1060-1033-7760-BC15014EA700},{AC76BA86-1055-1033-7760-BC15014EA700},{AC76BA86-1053-1033-7760-BC15014EA700},{AC76BA86-1033-FFFF-7760-BE180175AB00},{AC76BA86-2052-1033-7760-BC15014EA700},{AC76BA86-1028-1033-7760-BC15014EA700},{AC76BA86-1030-1033-7760-BC15014EA700},{AC76BA86-1033-FFFF-7760-0E1108756300},{AC76BA86-1043-1033-7760-BC15014EA700},{AC76BA86-1040-1033-7760-BC15014EA700},{AC76BA86-1033-FF00-7760-BC15014EA700},{AC76BA86-1033-1033-7760-BC15014EA700},{AC76BA86-1058-1033-7760-BC15014EA700},{AC76BA86-1044-1033-7760-BC15014EA700},{AC76BA86-1038-1033-7760-BC15014EA700},{AC76BA86-1029-1033-7760-BC15014EA700},{AC76BA86-1034-1033-7760-BC15014EA700}
[2026-08-03_14-55-02] WorkflowInfo node not found in input xml
[2026-08-03_14-55-02] Package Codes list for Appstatus from input xml: {AC76BA86-1033-FFFF-7760-BC15014EA700},{AC76BA86-1049-1033-7760-BC15014EA700},{AC76BA86-1051-1033-7760-BC15014EA700},{AC76BA86-1045-1033-7760-BC15014EA700},{AC76BA86-1042-1033-7760-BC15014EA700},{AC76BA86-1033-FFFF-7760-0E1401753200},{AC76BA86-1035-1033-7760-BC15014EA700},{AC76BA86-1031-1033-7760-BC15014EA700},{AC76BA86-1046-1033-7760-BC15014EA700},{AC76BA86-1033-FFFF-7760-BC15014EA700},{AC76BA86-1036-1033-7760-BC15014EA700},{AC76BA86-1041-1033-7760-BC15014EA700},{AC76BA86-1060-1033-7760-BC15014EA700},{AC76BA86-1055-1033-7760-BC15014EA700},{AC76BA86-1053-1033-7760-BC15014EA700},{AC76BA86-1033-FFFF-7760-BE180175AB00},{AC76BA86-2052-1033-7760-BC15014EA700},{AC76BA86-1028-1033-7760-BC15014EA700},{AC76BA86-1030-1033-7760-BC15014EA700},{AC76BA86-1033-FFFF-7760-0E1108756300},{AC76BA86-1043-1033-7760-BC15014EA700},{AC76BA86-1040-1033-7760-BC15014EA700},{AC76BA86-1033-FF00-7760-BC15014EA700},{AC76BA86-1033-1033-7760-BC15014EA700},{AC76BA86-1058-1033-7760-BC15014EA700},{AC76BA86-1044-1033-7760-BC15014EA700},{AC76BA86-1038-1033-7760-BC15014EA700},{AC76BA86-1029-1033-7760-BC15014EA700},{AC76BA86-1034-1033-7760-BC15014EA700}
[2026-08-03_14-55-02] Get app status operation detected
[2026-08-03_14-55-02] In Do Operation Synchronously
[2026-08-03_14-55-02] In thread
[2026-08-03_14-55-02] Output XML path: C:\Users\loganf\AppData\Local\Temp\{69CAC4AE-9AF6-4D68-B467-A5CE0F52860D}\{36843CCC-936D-4014-B6CA-CFB0755B3458}
[2026-08-03_14-55-02] EXE has been launched in 'getAppStatus' mode
[2026-08-03_14-55-02] Fetching Product Upgrade code
[2026-08-03_14-55-02] Fetching Product Upgrade code
[2026-08-03_14-55-02] Fetching Product Upgrade code
[2026-08-03_14-55-02] Fetching Product Upgrade code
[2026-08-03_14-55-02] GetInstalledProduct called
[2026-08-03_14-55-02] Installed product is Acrobat product
[2026-08-03_14-55-02] Major version : 26
[2026-08-03_14-55-02] Installed product is Adobe Acrobat
[2026-08-03_14-55-02] The product is installed, Action : Show Installed
[2026-08-03_14-55-02] ADBox exited with error code: 0
/****************************************************/
[2026-08-03_15-06-57] ADBox has launched
[2026-08-03_15-06-57] ADBox version=25.1.21223
[2026-08-03_15-06-57] Num of req params found: 3
[2026-08-03_15-06-57] Package Codes list: {AC76BA86-1033-FFFF-7760-BC15014EA700},{AC76BA86-1049-1033-7760-BC15014EA700},{AC76BA86-1051-1033-7760-BC15014EA700},{AC76BA86-1045-1033-7760-BC15014EA700},{AC76BA86-1042-1033-7760-BC15014EA700},{AC76BA86-1033-FFFF-7760-0E1401753200},{AC76BA86-1035-1033-7760-BC15014EA700},{AC76BA86-1031-1033-7760-BC15014EA700},{AC76BA86-1046-1033-7760-BC15014EA700},{AC76BA86-1033-FFFF-7760-BC15014EA700},{AC76BA86-1036-1033-7760-BC15014EA700},{AC76BA86-1041-1033-7760-BC15014EA700},{AC76BA86-1060-1033-7760-BC15014EA700},{AC76BA86-1055-1033-7760-BC15014EA700},{AC76BA86-1053-1033-7760-BC15014EA700},{AC76BA86-1033-FFFF-7760-BE180175AB00},{AC76BA86-2052-1033-7760-BC15014EA700},{AC76BA86-1028-1033-7760-BC15014EA700},{AC76BA86-1030-1033-7760-BC15014EA700},{AC76BA86-1033-FFFF-7760-0E1108756300},{AC76BA86-1043-1033-7760-BC15014EA700},{AC76BA86-1040-1033-7760-BC15014EA700},{AC76BA86-1033-FF00-7760-BC15014EA700},{AC76BA86-1033-1033-7760-BC15014EA700},{AC76BA86-1058-1033-7760-BC15014EA700},{AC76BA86-1044-1033-7760-BC15014EA700},{AC76BA86-1038-1033-7760-BC15014EA700},{AC76BA86-1029-1033-7760-BC15014EA700},{AC76BA86-1034-1033-7760-BC15014EA700}
[2026-08-03_15-06-57] WorkflowInfo node not found in input xml
[2026-08-03_15-06-57] Package Codes list for Appstatus from input xml: {AC76BA86-1033-FFFF-7760-BC15014EA700},{AC76BA86-1049-1033-7760-BC15014EA700},{AC76BA86-1051-1033-7760-BC15014EA700},{AC76BA86-1045-1033-7760-BC15014EA700},{AC76BA86-1042-1033-7760-BC15014EA700},{AC76BA86-1033-FFFF-7760-0E1401753200},{AC76BA86-1035-1033-7760-BC15014EA700},{AC76BA86-1031-1033-7760-BC15014EA700},{AC76BA86-1046-1033-7760-BC15014EA700},{AC76BA86-1033-FFFF-7760-BC15014EA700},{AC76BA86-1036-1033-7760-BC15014EA700},{AC76BA86-1041-1033-7760-BC15014EA700},{AC76BA86-1060-1033-7760-BC15014EA700},{AC76BA86-1055-1033-7760-BC15014EA700},{AC76BA86-1053-1033-7760-BC15014EA700},{AC76BA86-1033-FFFF-7760-BE180175AB00},{AC76BA86-2052-1033-7760-BC15014EA700},{AC76BA86-1028-1033-7760-BC15014EA700},{AC76BA86-1030-1033-7760-BC15014EA700},{AC76BA86-1033-FFFF-7760-0E1108756300},{AC76BA86-1043-1033-7760-BC15014EA700},{AC76BA86-1040-1033-7760-BC15014EA700},{AC76BA86-1033-FF00-7760-BC15014EA700},{AC76BA86-1033-1033-7760-BC15014EA700},{AC76BA86-1058-1033-7760-BC15014EA700},{AC76BA86-1044-1033-7760-BC15014EA700},{AC76BA86-1038-1033-7760-BC15014EA700},{AC76BA86-1029-1033-7760-BC15014EA700},{AC76BA86-1034-1033-7760-BC15014EA700}
[2026-08-03_15-06-57] Get app status operation detected
[2026-08-03_15-06-57] In Do Operation Synchronously
[2026-08-03_15-06-57] In thread
[2026-08-03_15-06-57] Output XML path: C:\Users\loganf\AppData\Local\Temp\{137AFE78-9243-425B-9418-A2B0703D197F}\{9D9E1AE4-5F13-41D0-81E7-FB5A2D15397F}
[2026-08-03_15-06-57] EXE has been launched in 'getAppStatus' mode
[2026-08-03_15-06-57] Fetching Product Upgrade code
[2026-08-03_15-06-57] Fetching Product Upgrade code
[2026-08-03_15-06-57] Fetching Product Upgrade code
[2026-08-03_15-06-57] Fetching Product Upgrade code
[2026-08-03_15-06-57] GetInstalledProduct called
[2026-08-03_15-06-57] Installed product is Acrobat product
[2026-08-03_15-06-57] Major version : 26
[2026-08-03_15-06-57] Installed product is Adobe Acrobat
[2026-08-03_15-06-57] The product is installed, Action : Show Installed
[2026-08-03_15-06-57] ADBox exited with error code: 0
/****************************************************/
[2026-08-03_15-07-03] ADBox has launched
[2026-08-03_15-07-03] ADBox version=25.1.21223
[2026-08-03_15-07-03] Num of req params found: 3
[2026-08-03_15-07-03] Package Codes list: {AC76BA86-1033-FFFF-7760-BC15014EA700},{AC76BA86-1049-1033-7760-BC15014EA700},{AC76BA86-1051-1033-7760-BC15014EA700},{AC76BA86-1045-1033-7760-BC15014EA700},{AC76BA86-1042-1033-7760-BC15014EA700},{AC76BA86-1033-FFFF-7760-0E1401753200},{AC76BA86-1035-1033-7760-BC15014EA700},{AC76BA86-1031-1033-7760-BC15014EA700},{AC76BA86-1046-1033-7760-BC15014EA700},{AC76BA86-1033-FFFF-7760-BC15014EA700},{AC76BA86-1036-1033-7760-BC15014EA700},{AC76BA86-1041-1033-7760-BC15014EA700},{AC76BA86-1060-1033-7760-BC15014EA700},{AC76BA86-1055-1033-7760-BC15014EA700},{AC76BA86-1053-1033-7760-BC15014EA700},{AC76BA86-1033-FFFF-7760-BE180175AB00},{AC76BA86-2052-1033-7760-BC15014EA700},{AC76BA86-1028-1033-7760-BC15014EA700},{AC76BA86-1030-1033-7760-BC15014EA700},{AC76BA86-1033-FFFF-7760-0E1108756300},{AC76BA86-1043-1033-7760-BC15014EA700},{AC76BA86-1040-1033-7760-BC15014EA700},{AC76BA86-1033-FF00-7760-BC15014EA700},{AC76BA86-1033-1033-7760-BC15014EA700},{AC76BA86-1058-1033-7760-BC15014EA700},{AC76BA86-1044-1033-7760-BC15014EA700},{AC76BA86-1038-1033-7760-BC15014EA700},{AC76BA86-1029-1033-7760-BC15014EA700},{AC76BA86-1034-1033-7760-BC15014EA700}
[2026-08-03_15-07-03] WorkflowInfo node not found in input xml
[2026-08-03_15-07-03] Package Codes list for Appstatus from input xml: {AC76BA86-1033-FFFF-7760-BC15014EA700},{AC76BA86-1049-1033-7760-BC15014EA700},{AC76BA86-1051-1033-7760-BC15014EA700},{AC76BA86-1045-1033-7760-BC15014EA700},{AC76BA86-1042-1033-7760-BC15014EA700},{AC76BA86-1033-FFFF-7760-0E1401753200},{AC76BA86-1035-1033-7760-BC15014EA700},{AC76BA86-1031-1033-7760-BC15014EA700},{AC76BA86-1046-1033-7760-BC15014EA700},{AC76BA86-1033-FFFF-7760-BC15014EA700},{AC76BA86-1036-1033-7760-BC15014EA700},{AC76BA86-1041-1033-7760-BC15014EA700},{AC76BA86-1060-1033-7760-BC15014EA700},{AC76BA86-1055-1033-7760-BC15014EA700},{AC76BA86-1053-1033-7760-BC15014EA700},{AC76BA86-1033-FFFF-7760-BE180175AB00},{AC76BA86-2052-1033-7760-BC15014EA700},{AC76BA86-1028-1033-7760-BC15014EA700},{AC76BA86-1030-1033-7760-BC15014EA700},{AC76BA86-1033-FFFF-7760-0E1108756300},{AC76BA86-1043-1033-7760-BC15014EA700},{AC76BA86-1040-1033-7760-BC15014EA700},{AC76BA86-1033-FF00-7760-BC15014EA700},{AC76BA86-1033-1033-7760-BC15014EA700},{AC76BA86-1058-1033-7760-BC15014EA700},{AC76BA86-1044-1033-7760-BC15014EA700},{AC76BA86-1038-1033-7760-BC15014EA700},{AC76BA86-1029-1033-7760-BC15014EA700},{AC76BA86-1034-1033-7760-BC15014EA700}
[2026-08-03_15-07-03] Get app status operation detected
[2026-08-03_15-07-03] In Do Operation Synchronously
[2026-08-03_15-07-03] In thread
[2026-08-03_15-07-03] Output XML path: C:\Users\loganf\AppData\Local\Temp\{4129B85B-021E-4961-8C9F-5A5790D8BADE}\{1554AD57-125D-4420-9B80-154D9D043CE2}
[2026-08-03_15-07-03] EXE has been launched in 'getAppStatus' mode
[2026-08-03_15-07-03] Fetching Product Upgrade code
[2026-08-03_15-07-03] Fetching Product Upgrade code
[2026-08-03_15-07-03] Fetching Product Upgrade code
[2026-08-03_15-07-03] Fetching Product Upgrade code
[2026-08-03_15-07-03] GetInstalledProduct called
[2026-08-03_15-07-03] Installed product is Acrobat product
[2026-08-03_15-07-03] Major version : 26
[2026-08-03_15-07-03] Installed product is Adobe Acrobat
[2026-08-03_15-07-03] The product is installed, Action : Show Installed
[2026-08-03_15-07-03] ADBox exited with error code: 0
/****************************************************/
[2026-08-03_22-31-20] ADBox has launched
[2026-08-03_22-31-20] ADBox version=25.1.21223
[2026-08-03_22-31-20] Num of req params found: 3
[2026-08-03_22-31-20] Package Codes list: {AC76BA86-1033-FFFF-7760-BC15014EA700},{AC76BA86-1049-1033-7760-BC15014EA700},{AC76BA86-1051-1033-7760-BC15014EA700},{AC76BA86-1045-1033-7760-BC15014EA700},{AC76BA86-1042-1033-7760-BC15014EA700},{AC76BA86-1033-FFFF-7760-0E1401753200},{AC76BA86-1035-1033-7760-BC15014EA700},{AC76BA86-1031-1033-7760-BC15014EA700},{AC76BA86-1046-1033-7760-BC15014EA700},{AC76BA86-1033-FFFF-7760-BC15014EA700},{AC76BA86-1036-1033-7760-BC15014EA700},{AC76BA86-1041-1033-7760-BC15014EA700},{AC76BA86-1060-1033-7760-BC15014EA700},{AC76BA86-1055-1033-7760-BC15014EA700},{AC76BA86-1053-1033-7760-BC15014EA700},{AC76BA86-1033-FFFF-7760-BE180175AB00},{AC76BA86-2052-1033-7760-BC15014EA700},{AC76BA86-1028-1033-7760-BC15014EA700},{AC76BA86-1030-1033-7760-BC15014EA700},{AC76BA86-1033-FFFF-7760-0E1108756300},{AC76BA86-1043-1033-7760-BC15014EA700},{AC76BA86-1040-1033-7760-BC15014EA700},{AC76BA86-1033-FF00-7760-BC15014EA700},{AC76BA86-1033-1033-7760-BC15014EA700},{AC76BA86-1058-1033-7760-BC15014EA700},{AC76BA86-1044-1033-7760-BC15014EA700},{AC76BA86-1038-1033-7760-BC15014EA700},{AC76BA86-1029-1033-7760-BC15014EA700},{AC76BA86-1034-1033-7760-BC15014EA700}
[2026-08-03_22-31-20] WorkflowInfo node not found in input xml
[2026-08-03_22-31-20] Package Codes list for Appstatus from input xml: {AC76BA86-1033-FFFF-7760-BC15014EA700},{AC76BA86-1049-1033-7760-BC15014EA700},{AC76BA86-1051-1033-7760-BC15014EA700},{AC76BA86-1045-1033-7760-BC15014EA700},{AC76BA86-1042-1033-7760-BC15014EA700},{AC76BA86-1033-FFFF-7760-0E1401753200},{AC76BA86-1035-1033-7760-BC15014EA700},{AC76BA86-1031-1033-7760-BC15014EA700},{AC76BA86-1046-1033-7760-BC15014EA700},{AC76BA86-1033-FFFF-7760-BC15014EA700},{AC76BA86-1036-1033-7760-BC15014EA700},{AC76BA86-1041-1033-7760-BC15014EA700},{AC76BA86-1060-1033-7760-BC15014EA700},{AC76BA86-1055-1033-7760-BC15014EA700},{AC76BA86-1053-1033-7760-BC15014EA700},{AC76BA86-1033-FFFF-7760-BE180175AB00},{AC76BA86-2052-1033-7760-BC15014EA700},{AC76BA86-1028-1033-7760-BC15014EA700},{AC76BA86-1030-1033-7760-BC15014EA700},{AC76BA86-1033-FFFF-7760-0E1108756300},{AC76BA86-1043-1033-7760-BC15014EA700},{AC76BA86-1040-1033-7760-BC15014EA700},{AC76BA86-1033-FF00-7760-BC15014EA700},{AC76BA86-1033-1033-7760-BC15014EA700},{AC76BA86-1058-1033-7760-BC15014EA700},{AC76BA86-1044-1033-7760-BC15014EA700},{AC76BA86-1038-1033-7760-BC15014EA700},{AC76BA86-1029-1033-7760-BC15014EA700},{AC76BA86-1034-1033-7760-BC15014EA700}
[2026-08-03_22-31-20] Get app status operation detected
[2026-08-03_22-31-20] In Do Operation Synchronously
[2026-08-03_22-31-20] In thread
[2026-08-03_22-31-20] Output XML path: C:\Users\loganf\AppData\Local\Temp\{A640549A-F6FC-4E85-A84F-AC95C67BD3C3}\{65B93FBA-DC5F-4DB0-A5D4-2EA6B07D3829}
[2026-08-03_22-31-20] EXE has been launched in 'getAppStatus' mode
[2026-08-03_22-31-20] Fetching Product Upgrade code
[2026-08-03_22-31-20] Fetching Product Upgrade code
[2026-08-03_22-31-20] Fetching Product Upgrade code
[2026-08-03_22-31-20] Fetching Product Upgrade code
[2026-08-03_22-31-20] GetInstalledProduct called
[2026-08-03_22-31-20] Installed product is Acrobat product
[2026-08-03_22-31-20] Major version : 26
[2026-08-03_22-31-20] Installed product is Adobe Acrobat
[2026-08-03_22-31-20] The product is installed, Action : Show Installed
[2026-08-03_22-31-20] ADBox exited with error code: 0
/****************************************************/
[2026-08-03_22-38-18] ADBox has launched
[2026-08-03_22-38-18] ADBox version=25.1.21223
[2026-08-03_22-38-18] Num of req params found: 3
[2026-08-03_22-38-18] Package Codes list: {AC76BA86-1033-FFFF-7760-BC15014EA700},{AC76BA86-1049-1033-7760-BC15014EA700},{AC76BA86-1051-1033-7760-BC15014EA700},{AC76BA86-1045-1033-7760-BC15014EA700},{AC76BA86-1042-1033-7760-BC15014EA700},{AC76BA86-1033-FFFF-7760-0E1401753200},{AC76BA86-1035-1033-7760-BC15014EA700},{AC76BA86-1031-1033-7760-BC15014EA700},{AC76BA86-1046-1033-7760-BC15014EA700},{AC76BA86-1033-FFFF-7760-BC15014EA700},{AC76BA86-1036-1033-7760-BC15014EA700},{AC76BA86-1041-1033-7760-BC15014EA700},{AC76BA86-1060-1033-7760-BC15014EA700},{AC76BA86-1055-1033-7760-BC15014EA700},{AC76BA86-1053-1033-7760-BC15014EA700},{AC76BA86-1033-FFFF-7760-BE180175AB00},{AC76BA86-2052-1033-7760-BC15014EA700},{AC76BA86-1028-1033-7760-BC15014EA700},{AC76BA86-1030-1033-7760-BC15014EA700},{AC76BA86-1033-FFFF-7760-0E1108756300},{AC76BA86-1043-1033-7760-BC15014EA700},{AC76BA86-1040-1033-7760-BC15014EA700},{AC76BA86-1033-FF00-7760-BC15014EA700},{AC76BA86-1033-1033-7760-BC15014EA700},{AC76BA86-1058-1033-7760-BC15014EA700},{AC76BA86-1044-1033-7760-BC15014EA700},{AC76BA86-1038-1033-7760-BC15014EA700},{AC76BA86-1029-1033-7760-BC15014EA700},{AC76BA86-1034-1033-7760-BC15014EA700}
[2026-08-03_22-38-18] WorkflowInfo node not found in input xml
[2026-08-03_22-38-18] Package Codes list for Appstatus from input xml: {AC76BA86-1033-FFFF-7760-BC15014EA700},{AC76BA86-1049-1033-7760-BC15014EA700},{AC76BA86-1051-1033-7760-BC15014EA700},{AC76BA86-1045-1033-7760-BC15014EA700},{AC76BA86-1042-1033-7760-BC15014EA700},{AC76BA86-1033-FFFF-7760-0E1401753200},{AC76BA86-1035-1033-7760-BC15014EA700},{AC76BA86-1031-1033-7760-BC15014EA700},{AC76BA86-1046-1033-7760-BC15014EA700},{AC76BA86-1033-FFFF-7760-BC15014EA700},{AC76BA86-1036-1033-7760-BC15014EA700},{AC76BA86-1041-1033-7760-BC15014EA700},{AC76BA86-1060-1033-7760-BC15014EA700},{AC76BA86-1055-1033-7760-BC15014EA700},{AC76BA86-1053-1033-7760-BC15014EA700},{AC76BA86-1033-FFFF-7760-BE180175AB00},{AC76BA86-2052-1033-7760-BC15014EA700},{AC76BA86-1028-1033-7760-BC15014EA700},{AC76BA86-1030-1033-7760-BC15014EA700},{AC76BA86-1033-FFFF-7760-0E1108756300},{AC76BA86-1043-1033-7760-BC15014EA700},{AC76BA86-1040-1033-7760-BC15014EA700},{AC76BA86-1033-FF00-7760-BC15014EA700},{AC76BA86-1033-1033-7760-BC15014EA700},{AC76BA86-1058-1033-7760-BC15014EA700},{AC76BA86-1044-1033-7760-BC15014EA700},{AC76BA86-1038-1033-7760-BC15014EA700},{AC76BA86-1029-1033-7760-BC15014EA700},{AC76BA86-1034-1033-7760-BC15014EA700}
[2026-08-03_22-38-18] Get app status operation detected
[2026-08-03_22-38-18] In Do Operation Synchronously
[2026-08-03_22-38-18] In thread
[2026-08-03_22-38-18] Output XML path: C:\Users\loganf\AppData\Local\Temp\{96A5A2AB-F969-466F-97D2-5FA0D4488D88}\{EC0FD48E-BE7E-4D8E-AC7C-3AFC69BE9B06}
[2026-08-03_22-38-18] EXE has been launched in 'getAppStatus' mode
[2026-08-03_22-38-18] Fetching Product Upgrade code
[2026-08-03_22-38-18] Fetching Product Upgrade code
[2026-08-03_22-38-18] Fetching Product Upgrade code
[2026-08-03_22-38-18] Fetching Product Upgrade code
[2026-08-03_22-38-18] GetInstalledProduct called
[2026-08-03_22-38-18] Installed product is Acrobat product
[2026-08-03_22-38-18] Major version : 26
[2026-08-03_22-38-18] Installed product is Adobe Acrobat
[2026-08-03_22-38-18] The product is installed, Action : Show Installed
[2026-08-03_22-38-18] ADBox exited with error code: 0
/****************************************************/
[2026-08-03_22-43-39] ADBox has launched
[2026-08-03_22-43-39] ADBox version=25.1.21223
[2026-08-03_22-43-39] Num of req params found: 3
[2026-08-03_22-43-39] Package Codes list: {AC76BA86-1033-FFFF-7760-BC15014EA700},{AC76BA86-1049-1033-7760-BC15014EA700},{AC76BA86-1051-1033-7760-BC15014EA700},{AC76BA86-1045-1033-7760-BC15014EA700},{AC76BA86-1042-1033-7760-BC15014EA700},{AC76BA86-1033-FFFF-7760-0E1401753200},{AC76BA86-1035-1033-7760-BC15014EA700},{AC76BA86-1031-1033-7760-BC15014EA700},{AC76BA86-1046-1033-7760-BC15014EA700},{AC76BA86-1033-FFFF-7760-BC15014EA700},{AC76BA86-1036-1033-7760-BC15014EA700},{AC76BA86-1041-1033-7760-BC15014EA700},{AC76BA86-1060-1033-7760-BC15014EA700},{AC76BA86-1055-1033-7760-BC15014EA700},{AC76BA86-1053-1033-7760-BC15014EA700},{AC76BA86-1033-FFFF-7760-BE180175AB00},{AC76BA86-2052-1033-7760-BC15014EA700},{AC76BA86-1028-1033-7760-BC15014EA700},{AC76BA86-1030-1033-7760-BC15014EA700},{AC76BA86-1033-FFFF-7760-0E1108756300},{AC76BA86-1043-1033-7760-BC15014EA700},{AC76BA86-1040-1033-7760-BC15014EA700},{AC76BA86-1033-FF00-7760-BC15014EA700},{AC76BA86-1033-1033-7760-BC15014EA700},{AC76BA86-1058-1033-7760-BC15014EA700},{AC76BA86-1044-1033-7760-BC15014EA700},{AC76BA86-1038-1033-7760-BC15014EA700},{AC76BA86-1029-1033-7760-BC15014EA700},{AC76BA86-1034-1033-7760-BC15014EA700}
[2026-08-03_22-43-39] WorkflowInfo node not found in input xml
[2026-08-03_22-43-39] Package Codes list for Appstatus from input xml: {AC76BA86-1033-FFFF-7760-BC15014EA700},{AC76BA86-1049-1033-7760-BC15014EA700},{AC76BA86-1051-1033-7760-BC15014EA700},{AC76BA86-1045-1033-7760-BC15014EA700},{AC76BA86-1042-1033-7760-BC15014EA700},{AC76BA86-1033-FFFF-7760-0E1401753200},{AC76BA86-1035-1033-7760-BC15014EA700},{AC76BA86-1031-1033-7760-BC15014EA700},{AC76BA86-1046-1033-7760-BC15014EA700},{AC76BA86-1033-FFFF-7760-BC15014EA700},{AC76BA86-1036-1033-7760-BC15014EA700},{AC76BA86-1041-1033-7760-BC15014EA700},{AC76BA86-1060-1033-7760-BC15014EA700},{AC76BA86-1055-1033-7760-BC15014EA700},{AC76BA86-1053-1033-7760-BC15014EA700},{AC76BA86-1033-FFFF-7760-BE180175AB00},{AC76BA86-2052-1033-7760-BC15014EA700},{AC76BA86-1028-1033-7760-BC15014EA700},{AC76BA86-1030-1033-7760-BC15014EA700},{AC76BA86-1033-FFFF-7760-0E1108756300},{AC76BA86-1043-1033-7760-BC15014EA700},{AC76BA86-1040-1033-7760-BC15014EA700},{AC76BA86-1033-FF00-7760-BC15014EA700},{AC76BA86-1033-1033-7760-BC15014EA700},{AC76BA86-1058-1033-7760-BC15014EA700},{AC76BA86-1044-1033-7760-BC15014EA700},{AC76BA86-1038-1033-7760-BC15014EA700},{AC76BA86-1029-1033-7760-BC15014EA700},{AC76BA86-1034-1033-7760-BC15014EA700}
[2026-08-03_22-43-39] Get app status operation detected
[2026-08-03_22-43-39] In Do Operation Synchronously
[2026-08-03_22-43-39] In thread
[2026-08-03_22-43-39] Output XML path: C:\Users\loganf\AppData\Local\Temp\{7CA0D64F-F92F-4136-8C71-20C0D191A546}\{CF35E929-2081-4871-B5A4-163A5D65BE5F}
[2026-08-03_22-43-39] EXE has been launched in 'getAppStatus' mode
[2026-08-03_22-43-39] Fetching Product Upgrade code
[2026-08-03_22-43-39] Fetching Product Upgrade code
[2026-08-03_22-43-39] Fetching Product Upgrade code
[2026-08-03_22-43-39] Fetching Product Upgrade code
[2026-08-03_22-43-39] GetInstalledProduct called
[2026-08-03_22-43-39] Installed product is Acrobat product
[2026-08-03_22-43-39] Major version : 26
[2026-08-03_22-43-39] Installed product is Adobe Acrobat
[2026-08-03_22-43-39] The product is installed, Action : Show Installed
[2026-08-03_22-43-39] ADBox exited with error code: 0
/****************************************************/
[2026-08-03_23-50-37] ADBox has launched
[2026-08-03_23-50-37] ADBox version=25.1.21223
[2026-08-03_23-50-37] Num of req params found: 3
[2026-08-03_23-50-37] Package Codes list: {AC76BA86-1033-FFFF-7760-BC15014EA700},{AC76BA86-1049-1033-7760-BC15014EA700},{AC76BA86-1051-1033-7760-BC15014EA700},{AC76BA86-1045-1033-7760-BC15014EA700},{AC76BA86-1042-1033-7760-BC15014EA700},{AC76BA86-1033-FFFF-7760-0E1401753200},{AC76BA86-1035-1033-7760-BC15014EA700},{AC76BA86-1031-1033-7760-BC15014EA700},{AC76BA86-1046-1033-7760-BC15014EA700},{AC76BA86-1033-FFFF-7760-BC15014EA700},{AC76BA86-1036-1033-7760-BC15014EA700},{AC76BA86-1041-1033-7760-BC15014EA700},{AC76BA86-1060-1033-7760-BC15014EA700},{AC76BA86-1055-1033-7760-BC15014EA700},{AC76BA86-1053-1033-7760-BC15014EA700},{AC76BA86-1033-FFFF-7760-BE180175AB00},{AC76BA86-2052-1033-7760-BC15014EA700},{AC76BA86-1028-1033-7760-BC15014EA700},{AC76BA86-1030-1033-7760-BC15014EA700},{AC76BA86-1033-FFFF-7760-0E1108756300},{AC76BA86-1043-1033-7760-BC15014EA700},{AC76BA86-1040-1033-7760-BC15014EA700},{AC76BA86-1033-FF00-7760-BC15014EA700},{AC76BA86-1033-1033-7760-BC15014EA700},{AC76BA86-1058-1033-7760-BC15014EA700},{AC76BA86-1044-1033-7760-BC15014EA700},{AC76BA86-1038-1033-7760-BC15014EA700},{AC76BA86-1029-1033-7760-BC15014EA700},{AC76BA86-1034-1033-7760-BC15014EA700}
[2026-08-03_23-50-37] WorkflowInfo node not found in input xml
[2026-08-03_23-50-37] Package Codes list for Appstatus from input xml: {AC76BA86-1033-FFFF-7760-BC15014EA700},{AC76BA86-1049-1033-7760-BC15014EA700},{AC76BA86-1051-1033-7760-BC15014EA700},{AC76BA86-1045-1033-7760-BC15014EA700},{AC76BA86-1042-1033-7760-BC15014EA700},{AC76BA86-1033-FFFF-7760-0E1401753200},{AC76BA86-1035-1033-7760-BC15014EA700},{AC76BA86-1031-1033-7760-BC15014EA700},{AC76BA86-1046-1033-7760-BC15014EA700},{AC76BA86-1033-FFFF-7760-BC15014EA700},{AC76BA86-1036-1033-7760-BC15014EA700},{AC76BA86-1041-1033-7760-BC15014EA700},{AC76BA86-1060-1033-7760-BC15014EA700},{AC76BA86-1055-1033-7760-BC15014EA700},{AC76BA86-1053-1033-7760-BC15014EA700},{AC76BA86-1033-FFFF-7760-BE180175AB00},{AC76BA86-2052-1033-7760-BC15014EA700},{AC76BA86-1028-1033-7760-BC15014EA700},{AC76BA86-1030-1033-7760-BC15014EA700},{AC76BA86-1033-FFFF-7760-0E1108756300},{AC76BA86-1043-1033-7760-BC15014EA700},{AC76BA86-1040-1033-7760-BC15014EA700},{AC76BA86-1033-FF00-7760-BC15014EA700},{AC76BA86-1033-1033-7760-BC15014EA700},{AC76BA86-1058-1033-7760-BC15014EA700},{AC76BA86-1044-1033-7760-BC15014EA700},{AC76BA86-1038-1033-7760-BC15014EA700},{AC76BA86-1029-1033-7760-BC15014EA700},{AC76BA86-1034-1033-7760-BC15014EA700}
[2026-08-03_23-50-37] Get app status operation detected
[2026-08-03_23-50-37] In Do Operation Synchronously
[2026-08-03_23-50-37] In thread
[2026-08-03_23-50-37] Output XML path: C:\Users\loganf\AppData\Local\Temp\{B6708C61-D5C9-401E-9121-A9299735BCA7}\{35E018DF-B040-44F5-A021-BB643C02C21B}
[2026-08-03_23-50-37] EXE has been launched in 'getAppStatus' mode
[2026-08-03_23-50-37] Fetching Product Upgrade code
[2026-08-03_23-50-37] Fetching Product Upgrade code
[2026-08-03_23-50-37] Fetching Product Upgrade code
[2026-08-03_23-50-37] Fetching Product Upgrade code
[2026-08-03_23-50-37] GetInstalledProduct called
[2026-08-03_23-50-37] Installed product is Acrobat product
[2026-08-03_23-50-37] Major version : 26
[2026-08-03_23-50-37] Installed product is Adobe Acrobat
[2026-08-03_23-50-37] The product is installed, Action : Show Installed
[2026-08-03_23-50-37] ADBox exited with error code: 0
/****************************************************/
[2026-08-04_00-02-51] ADBox has launched
[2026-08-04_00-02-51] ADBox version=25.1.21223
[2026-08-04_00-02-51] Num of req params found: 3
[2026-08-04_00-02-51] Package Codes list: {AC76BA86-1033-FFFF-7760-BC15014EA700},{AC76BA86-1049-1033-7760-BC15014EA700},{AC76BA86-1051-1033-7760-BC15014EA700},{AC76BA86-1045-1033-7760-BC15014EA700},{AC76BA86-1042-1033-7760-BC15014EA700},{AC76BA86-1033-FFFF-7760-0E1401753200},{AC76BA86-1035-1033-7760-BC15014EA700},{AC76BA86-1031-1033-7760-BC15014EA700},{AC76BA86-1046-1033-7760-BC15014EA700},{AC76BA86-1033-FFFF-7760-BC15014EA700},{AC76BA86-1036-1033-7760-BC15014EA700},{AC76BA86-1041-1033-7760-BC15014EA700},{AC76BA86-1060-1033-7760-BC15014EA700},{AC76BA86-1055-1033-7760-BC15014EA700},{AC76BA86-1053-1033-7760-BC15014EA700},{AC76BA86-1033-FFFF-7760-BE180175AB00},{AC76BA86-2052-1033-7760-BC15014EA700},{AC76BA86-1028-1033-7760-BC15014EA700},{AC76BA86-1030-1033-7760-BC15014EA700},{AC76BA86-1033-FFFF-7760-0E1108756300},{AC76BA86-1043-1033-7760-BC15014EA700},{AC76BA86-1040-1033-7760-BC15014EA700},{AC76BA86-1033-FF00-7760-BC15014EA700},{AC76BA86-1033-1033-7760-BC15014EA700},{AC76BA86-1058-1033-7760-BC15014EA700},{AC76BA86-1044-1033-7760-BC15014EA700},{AC76BA86-1038-1033-7760-BC15014EA700},{AC76BA86-1029-1033-7760-BC15014EA700},{AC76BA86-1034-1033-7760-BC15014EA700}
[2026-08-04_00-02-51] WorkflowInfo node not found in input xml
[2026-08-04_00-02-51] Package Codes list for Appstatus from input xml: {AC76BA86-1033-FFFF-7760-BC15014EA700},{AC76BA86-1049-1033-7760-BC15014EA700},{AC76BA86-1051-1033-7760-BC15014EA700},{AC76BA86-1045-1033-7760-BC15014EA700},{AC76BA86-1042-1033-7760-BC15014EA700},{AC76BA86-1033-FFFF-7760-0E1401753200},{AC76BA86-1035-1033-7760-BC15014EA700},{AC76BA86-1031-1033-7760-BC15014EA700},{AC76BA86-1046-1033-7760-BC15014EA700},{AC76BA86-1033-FFFF-7760-BC15014EA700},{AC76BA86-1036-1033-7760-BC15014EA700},{AC76BA86-1041-1033-7760-BC15014EA700},{AC76BA86-1060-1033-7760-BC15014EA700},{AC76BA86-1055-1033-7760-BC15014EA700},{AC76BA86-1053-1033-7760-BC15014EA700},{AC76BA86-1033-FFFF-7760-BE180175AB00},{AC76BA86-2052-1033-7760-BC15014EA700},{AC76BA86-1028-1033-7760-BC15014EA700},{AC76BA86-1030-1033-7760-BC15014EA700},{AC76BA86-1033-FFFF-7760-0E1108756300},{AC76BA86-1043-1033-7760-BC15014EA700},{AC76BA86-1040-1033-7760-BC15014EA700},{AC76BA86-1033-FF00-7760-BC15014EA700},{AC76BA86-1033-1033-7760-BC15014EA700},{AC76BA86-1058-1033-7760-BC15014EA700},{AC76BA86-1044-1033-7760-BC15014EA700},{AC76BA86-1038-1033-7760-BC15014EA700},{AC76BA86-1029-1033-7760-BC15014EA700},{AC76BA86-1034-1033-7760-BC15014EA700}
[2026-08-04_00-02-51] Get app status operation detected
[2026-08-04_00-02-51] In Do Operation Synchronously
[2026-08-04_00-02-51] In thread
[2026-08-04_00-02-51] Output XML path: C:\Users\loganf\AppData\Local\Temp\{74649E27-0332-42DB-8493-8E975F91074B}\{837EA4FB-F34D-4219-B084-F9E89F281E21}
[2026-08-04_00-02-51] EXE has been launched in 'getAppStatus' mode
[2026-08-04_00-02-51] Fetching Product Upgrade code
[2026-08-04_00-02-51] Fetching Product Upgrade code
[2026-08-04_00-02-51] Fetching Product Upgrade code
[2026-08-04_00-02-51] Fetching Product Upgrade code
[2026-08-04_00-02-51] GetInstalledProduct called
[2026-08-04_00-02-51] Installed product is Acrobat product
[2026-08-04_00-02-51] Major version : 26
[2026-08-04_00-02-51] Installed product is Adobe Acrobat
[2026-08-04_00-02-51] The product is installed, Action : Show Installed
[2026-08-04_00-02-51] ADBox exited with error code: 0
