.d           ./
>f++++++++++ .VolumeIcon.icns
>f++++++++++ .VolumeIcon.ico
>fc.T....... ._.
>f++++++++++ ._.VolumeIcon.icns
>f++++++++++ ._.VolumeIcon.ico
>fc.T....... ._.dbxignore
>fc.T....... ._.fseventsd
>f++++++++++ ._05-07-2021_01-25_msg3228112 (1).mp3
.f           ._2021-08-26_10-01-35.mp4
>fc.T....... ._2021-08-26_11-07-33.mp4
>f++++++++++ ._Autorun.inf
>fc.T....... ._Dialogue
>fc.T....... ._IDLEG.fcpbundle
>fc.T....... ._IR
>fc.T....... ._Idaho Debates
.f           ._IdahoPBS.jpeg
.f           ._IdahoPTV-PBS-Avatar-Image-white-logo-blue-bkg.png
>fc.T....... ._Legislature
>fc.T....... ._PREMIERE EXPORTS
.f           ._PTV notes.rtf
>fc.T....... ._Paperwork
>f++++++++++ ._Seagate
>fc.T....... ._personal
.f           .dbxignore
.f           2021-08-26_10-01-35.mp4
.f           2021-08-26_11-07-33.mp4
>f++++++++++ Autorun.inf
.f           IdahoPBS.jpeg
.f           IdahoPTV-PBS-Avatar-Image-white-logo-blue-bkg.png
.f           PTV notes.rtf
skipping non-regular file "Dialogue/Dialogue.fcpbundle/.fcpcache"
.d           Dialogue/
.f           Dialogue/!podcast notes.docx
>fc.T....... Dialogue/._!podcast notes.docx
>f++++++++++ Dialogue/._DIALOGUE descriptions 2011-2012.docx
.f           Dialogue/._Dialogue Master list.pdf
.f           Dialogue/._Dialogue Podcast Promo .mp4
>fc.T....... Dialogue/._Dialogue.fcpbundle
.f           Dialogue/._audio
.f           Dialogue/._descriptions
.f           Dialogue/._logos
.f           Dialogue/._thumbnails
.f           Dialogue/Dialogue Master list.pdf
.f           Dialogue/Dialogue Podcast Promo .mp4
.d           Dialogue/Dialogue.fcpbundle/
.f           Dialogue/Dialogue.fcpbundle/._.fcpcache
.f           Dialogue/Dialogue.fcpbundle/._.lock
.f           Dialogue/Dialogue.fcpbundle/._.lock-dir
.f           Dialogue/Dialogue.fcpbundle/._.lock-info
.f           Dialogue/Dialogue.fcpbundle/._CurrentVersion.flexolibrary
.f           Dialogue/Dialogue.fcpbundle/._CurrentVersion.plist
.f           Dialogue/Dialogue.fcpbundle/._Motion Templates.localized
.f           Dialogue/Dialogue.fcpbundle/._SVWC
.f           Dialogue/Dialogue.fcpbundle/._Settings.plist
.f           Dialogue/Dialogue.fcpbundle/.___Sync__
.f           Dialogue/Dialogue.fcpbundle/.___Temp
.f           Dialogue/Dialogue.fcpbundle/.lock
.f           Dialogue/Dialogue.fcpbundle/.lock-info
.f           Dialogue/Dialogue.fcpbundle/CurrentVersion.flexolibrary
.f           Dialogue/Dialogue.fcpbundle/CurrentVersion.plist
.f           Dialogue/Dialogue.fcpbundle/Settings.plist
.f           Dialogue/Dialogue.fcpbundle/__Sync__
.d           Dialogue/Dialogue.fcpbundle/.lock-dir/
.d           Dialogue/Dialogue.fcpbundle/Motion Templates.localized/
.d           Dialogue/Dialogue.fcpbundle/SVWC/
.f           Dialogue/Dialogue.fcpbundle/SVWC/._CurrentVersion.fcpevent
.f           Dialogue/Dialogue.fcpbundle/SVWC/._Episode Assembly
.f           Dialogue/Dialogue.fcpbundle/SVWC/._Original Media
.f           Dialogue/Dialogue.fcpbundle/SVWC/._Render Files
.f           Dialogue/Dialogue.fcpbundle/SVWC/._Shared Items
.f           Dialogue/Dialogue.fcpbundle/SVWC/._Welcome
.f           Dialogue/Dialogue.fcpbundle/SVWC/._Year tags
.f           Dialogue/Dialogue.fcpbundle/SVWC/CurrentVersion.fcpevent
.d           Dialogue/Dialogue.fcpbundle/SVWC/Episode Assembly/
.f           Dialogue/Dialogue.fcpbundle/SVWC/Episode Assembly/._CurrentVersion.fcpevent
.f           Dialogue/Dialogue.fcpbundle/SVWC/Episode Assembly/CurrentVersion.fcpevent
.d           Dialogue/Dialogue.fcpbundle/SVWC/Original Media/
.f           Dialogue/Dialogue.fcpbundle/SVWC/Original Media/._24 Track 24 - 2mins 30 secs.wav
.f           Dialogue/Dialogue.fcpbundle/SVWC/Original Media/._TASCAM_0020S12.wav
.f           Dialogue/Dialogue.fcpbundle/SVWC/Original Media/._TASCAM_0020S34D06.wav
.f           Dialogue/Dialogue.fcpbundle/SVWC/Original Media/._TASCAM_0021S12.wav
.f           Dialogue/Dialogue.fcpbundle/SVWC/Original Media/._TASCAM_0021S34D06.wav
.f           Dialogue/Dialogue.fcpbundle/SVWC/Original Media/._TASCAM_0022S12.wav
.f           Dialogue/Dialogue.fcpbundle/SVWC/Original Media/._TASCAM_0022S34D06.wav
.f           Dialogue/Dialogue.fcpbundle/SVWC/Original Media/._TASCAM_0023S12.wav
.f           Dialogue/Dialogue.fcpbundle/SVWC/Original Media/._TASCAM_0023S34D06.wav
.f           Dialogue/Dialogue.fcpbundle/SVWC/Original Media/._d1209 SVWC Thomas Keneally.mp3
.f           Dialogue/Dialogue.fcpbundle/SVWC/Original Media/._d1210 SVWC  Robert MacNeil.mp3
.f           Dialogue/Dialogue.fcpbundle/SVWC/Original Media/._d1211 SVWC David MacAulay.mp3
.f           Dialogue/Dialogue.fcpbundle/SVWC/Original Media/._d1212 SVWC Firoozeh Dumas.mp3
.f           Dialogue/Dialogue.fcpbundle/SVWC/Original Media/._d1213 SVWC Thomas Cahill.mp3
.f           Dialogue/Dialogue.fcpbundle/SVWC/Original Media/._d1235 SVWC Juliette Kayyem Anti-Terrorism Policy.mp3
.f           Dialogue/Dialogue.fcpbundle/SVWC/Original Media/._d1310 SVWC Doris Kearns Goodwin.mp3
.f           Dialogue/Dialogue.fcpbundle/SVWC/Original Media/._d1311 SVWC Haynes Johnson.mp3
.f           Dialogue/Dialogue.fcpbundle/SVWC/Original Media/._d1312 SVWC Justice Stephen Breyer.mp3
.f           Dialogue/Dialogue.fcpbundle/SVWC/Original Media/._d2111 SVWC Rep. John Lewis Full Show.mp3
.f           Dialogue/Dialogue.fcpbundle/SVWC/Original Media/._d2111x  SVWC Rep. John Lewis Extra.mp3
.f           Dialogue/Dialogue.fcpbundle/SVWC/Original Media/24 Track 24 - 2mins 30 secs.wav
.f           Dialogue/Dialogue.fcpbundle/SVWC/Original Media/TASCAM_0020S12.wav
.f           Dialogue/Dialogue.fcpbundle/SVWC/Original Media/TASCAM_0020S34D06.wav
.f           Dialogue/Dialogue.fcpbundle/SVWC/Original Media/TASCAM_0021S12.wav
.f           Dialogue/Dialogue.fcpbundle/SVWC/Original Media/TASCAM_0021S34D06.wav
.f           Dialogue/Dialogue.fcpbundle/SVWC/Original Media/TASCAM_0022S12.wav
.f           Dialogue/Dialogue.fcpbundle/SVWC/Original Media/TASCAM_0022S34D06.wav
.f           Dialogue/Dialogue.fcpbundle/SVWC/Original Media/TASCAM_0023S12.wav
.f           Dialogue/Dialogue.fcpbundle/SVWC/Original Media/TASCAM_0023S34D06.wav
.f           Dialogue/Dialogue.fcpbundle/SVWC/Original Media/d1209 SVWC Thomas Keneally.mp3
.f           Dialogue/Dialogue.fcpbundle/SVWC/Original Media/d1210 SVWC  Robert MacNeil.mp3
.f           Dialogue/Dialogue.fcpbundle/SVWC/Original Media/d1211 SVWC David MacAulay.mp3
.f           Dialogue/Dialogue.fcpbundle/SVWC/Original Media/d1212 SVWC Firoozeh Dumas.mp3
.f           Dialogue/Dialogue.fcpbundle/SVWC/Original Media/d1213 SVWC Thomas Cahill.mp3
.f           Dialogue/Dialogue.fcpbundle/SVWC/Original Media/d1235 SVWC Juliette Kayyem Anti-Terrorism Policy.mp3
.f           Dialogue/Dialogue.fcpbundle/SVWC/Original Media/d1310 SVWC Doris Kearns Goodwin.mp3
.f           Dialogue/Dialogue.fcpbundle/SVWC/Original Media/d1311 SVWC Haynes Johnson.mp3
.f           Dialogue/Dialogue.fcpbundle/SVWC/Original Media/d1312 SVWC Justice Stephen Breyer.mp3
.f           Dialogue/Dialogue.fcpbundle/SVWC/Original Media/d2111 SVWC Rep. John Lewis Full Show.mp3
.f           Dialogue/Dialogue.fcpbundle/SVWC/Original Media/d2111x  SVWC Rep. John Lewis Extra.mp3
.d           Dialogue/Dialogue.fcpbundle/SVWC/Render Files/
.f           Dialogue/Dialogue.fcpbundle/SVWC/Render Files/._High Quality Media
.f           Dialogue/Dialogue.fcpbundle/SVWC/Render Files/._Peaks Data
.f           Dialogue/Dialogue.fcpbundle/SVWC/Render Files/._Thumbnail Media
.d           Dialogue/Dialogue.fcpbundle/SVWC/Render Files/High Quality Media/
.f           Dialogue/Dialogue.fcpbundle/SVWC/Render Files/High Quality Media/._047255598436E2AA5E6EA3A7E3FF8437
.f           Dialogue/Dialogue.fcpbundle/SVWC/Render Files/High Quality Media/._18C7D0825A401AA6B20E159DD391E591
.f           Dialogue/Dialogue.fcpbundle/SVWC/Render Files/High Quality Media/._1BFA40689AD24DE429FE79AE8ECC2DE1
.f           Dialogue/Dialogue.fcpbundle/SVWC/Render Files/High Quality Media/._33B9E4550C399C06CDE7768814966B2C
.f           Dialogue/Dialogue.fcpbundle/SVWC/Render Files/High Quality Media/._45AA6030468E6111EC8C515BD2FE7E44
.f           Dialogue/Dialogue.fcpbundle/SVWC/Render Files/High Quality Media/._5559CB20790754368572E30A80359CBC
.f           Dialogue/Dialogue.fcpbundle/SVWC/Render Files/High Quality Media/._6082312B538F73EF914A2BC38257A800
.f           Dialogue/Dialogue.fcpbundle/SVWC/Render Files/High Quality Media/._64A70A79422B757608871A18F3427FC0
.f           Dialogue/Dialogue.fcpbundle/SVWC/Render Files/High Quality Media/._6A5E6F4C7C545037C1C7A110AF304043
.f           Dialogue/Dialogue.fcpbundle/SVWC/Render Files/High Quality Media/._6C25E41F9776F00BEC1B117B4F880DE3
.f           Dialogue/Dialogue.fcpbundle/SVWC/Render Files/High Quality Media/._6C384CB6EECEE16DCF50CB8812AEC5A0
.f           Dialogue/Dialogue.fcpbundle/SVWC/Render Files/High Quality Media/._725E20DA3CC990FD6C7E16128A91D262
.f           Dialogue/Dialogue.fcpbundle/SVWC/Render Files/High Quality Media/._73811314715194D78AC6B164DB4826F3
.f           Dialogue/Dialogue.fcpbundle/SVWC/Render Files/High Quality Media/._73F4D76250AEC9534D286434FCE5CA3D
.f           Dialogue/Dialogue.fcpbundle/SVWC/Render Files/High Quality Media/._763924E57F21BE5423015BB36151B748
.f           Dialogue/Dialogue.fcpbundle/SVWC/Render Files/High Quality Media/._798FCFCE971D901C5ED2AE3D2D2962D5
.f           Dialogue/Dialogue.fcpbundle/SVWC/Render Files/High Quality Media/._7A7F2538E6AD3E07F440C5427C2A81B6
.f           Dialogue/Dialogue.fcpbundle/SVWC/Render Files/High Quality Media/._7CD1731D637993310621C4E6EC8483D5
.f           Dialogue/Dialogue.fcpbundle/SVWC/Render Files/High Quality Media/._7F8FF5460370100631A103EAC3496A36
.f           Dialogue/Dialogue.fcpbundle/SVWC/Render Files/High Quality Media/._8914BC528F978912FE4B076921848E8C
.f           Dialogue/Dialogue.fcpbundle/SVWC/Render Files/High Quality Media/._8C1E84989185C8E3ECED6762542038C2
.f           Dialogue/Dialogue.fcpbundle/SVWC/Render Files/High Quality Media/._8D35A2D121F5C2A546F938B41DAC857C
.f           Dialogue/Dialogue.fcpbundle/SVWC/Render Files/High Quality Media/._921E0D689FD6687E7EE619E90727FF49
.f           Dialogue/Dialogue.fcpbundle/SVWC/Render Files/High Quality Media/._93232E82C9AC8DFFC92D2C623FE7AAEF
.f           Dialogue/Dialogue.fcpbundle/SVWC/Render Files/High Quality Media/._94C74804295A15D450ED9E8DEDE68819
.f           Dialogue/Dialogue.fcpbundle/SVWC/Render Files/High Quality Media/._975F9D3665F7678F86FAD262165D69BB
.f           Dialogue/Dialogue.fcpbundle/SVWC/Render Files/High Quality Media/._B0B302B38493840B73020E9D4674E74A
.f           Dialogue/Dialogue.fcpbundle/SVWC/Render Files/High Quality Media/._B19B09CE76611C24841602BAD2A3C99D
.f           Dialogue/Dialogue.fcpbundle/SVWC/Render Files/High Quality Media/._C1F9FC50A474DAC107CCB8CE320D2FBE
.f           Dialogue/Dialogue.fcpbundle/SVWC/Render Files/High Quality Media/._C261A7AE85E4BF2E996AA76ED14D7D80
.f           Dialogue/Dialogue.fcpbundle/SVWC/Render Files/High Quality Media/._CC93B3F289496091F9FD42286C0A06FF
.f           Dialogue/Dialogue.fcpbundle/SVWC/Render Files/High Quality Media/._CD3B09E220D74C57E130B6416622388E
.f           Dialogue/Dialogue.fcpbundle/SVWC/Render Files/High Quality Media/._D2F428DC82F3622D754A923F7F744303
.f           Dialogue/Dialogue.fcpbundle/SVWC/Render Files/High Quality Media/._D87E450CEAFBA6CB2228BCB88CFE0462
.f           Dialogue/Dialogue.fcpbundle/SVWC/Render Files/High Quality Media/._D99775F97FF91665EF35039B7743DE47
.f           Dialogue/Dialogue.fcpbundle/SVWC/Render Files/High Quality Media/._EC488ABC394FCA7692D53C5699EF20FF
.f           Dialogue/Dialogue.fcpbundle/SVWC/Render Files/High Quality Media/._F1085DD0953A65367B0B8A69C2F16C6E
.d           Dialogue/Dialogue.fcpbundle/SVWC/Render Files/High Quality Media/047255598436E2AA5E6EA3A7E3FF8437/
.f           Dialogue/Dialogue.fcpbundle/SVWC/Render Files/High Quality Media/047255598436E2AA5E6EA3A7E3FF8437/._Frame 86016 - 87039
.f           Dialogue/Dialogue.fcpbundle/SVWC/Render Files/High Quality Media/047255598436E2AA5E6EA3A7E3FF8437/._Frame 87040 - 88063
.f           Dialogue/Dialogue.fcpbundle/SVWC/Render Files/High Quality Media/047255598436E2AA5E6EA3A7E3FF8437/._Info.plist
.f           Dialogue/Dialogue.fcpbundle/SVWC/Render Files/High Quality Media/047255598436E2AA5E6EA3A7E3FF8437/Frame 86016 - 87039
.f           Dialogue/Dialogue.fcpbundle/SVWC/Render Files/High Quality Media/047255598436E2AA5E6EA3A7E3FF8437/Frame 87040 - 88063
.f           Dialogue/Dialogue.fcpbundle/SVWC/Render Files/High Quality Media/047255598436E2AA5E6EA3A7E3FF8437/Info.plist
.d           Dialogue/Dialogue.fcpbundle/SVWC/Render Files/High Quality Media/18C7D0825A401AA6B20E159DD391E591/
.f           Dialogue/Dialogue.fcpbundle/SVWC/Render Files/High Quality Media/18C7D0825A401AA6B20E159DD391E591/._Frame 86016 - 87039
.f           Dialogue/Dialogue.fcpbundle/SVWC/Render Files/High Quality Media/18C7D0825A401AA6B20E159DD391E591/._Frame 87040 - 88063
.f           Dialogue/Dialogue.fcpbundle/SVWC/Render Files/High Quality Media/18C7D0825A401AA6B20E159DD391E591/._Info.plist
.f           Dialogue/Dialogue.fcpbundle/SVWC/Render Files/High Quality Media/18C7D0825A401AA6B20E159DD391E591/Frame 86016 - 87039
.f           Dialogue/Dialogue.fcpbundle/SVWC/Render Files/High Quality Media/18C7D0825A401AA6B20E159DD391E591/Frame 87040 - 88063
.f           Dialogue/Dialogue.fcpbundle/SVWC/Render Files/High Quality Media/18C7D0825A401AA6B20E159DD391E591/Info.plist
.d           Dialogue/Dialogue.fcpbundle/SVWC/Render Files/High Quality Media/1BFA40689AD24DE429FE79AE8ECC2DE1/
.f           Dialogue/Dialogue.fcpbundle/SVWC/Render Files/High Quality Media/1BFA40689AD24DE429FE79AE8ECC2DE1/._Frame 86016 - 87039
.f           Dialogue/Dialogue.fcpbundle/SVWC/Render Files/High Quality Media/1BFA40689AD24DE429FE79AE8ECC2DE1/._Frame 87040 - 88063
.f           Dialogue/Dialogue.fcpbundle/SVWC/Render Files/High Quality Media/1BFA40689AD24DE429FE79AE8ECC2DE1/._Info.plist
.f           Dialogue/Dialogue.fcpbundle/SVWC/Render Files/High Quality Media/1BFA40689AD24DE429FE79AE8ECC2DE1/Frame 86016 - 87039
.f           Dialogue/Dialogue.fcpbundle/SVWC/Render Files/High Quality Media/1BFA40689AD24DE429FE79AE8ECC2DE1/Frame 87040 - 88063
.f           Dialogue/Dialogue.fcpbundle/SVWC/Render Files/High Quality Media/1BFA40689AD24DE429FE79AE8ECC2DE1/Info.plist
.d           Dialogue/Dialogue.fcpbundle/SVWC/Render Files/High Quality Media/33B9E4550C399C06CDE7768814966B2C/
.f           Dialogue/Dialogue.fcpbundle/SVWC/Render Files/High Quality Media/33B9E4550C399C06CDE7768814966B2C/._Frame 86016 - 87039
.f           Dialogue/Dialogue.fcpbundle/SVWC/Render Files/High Quality Media/33B9E4550C399C06CDE7768814966B2C/._Frame 87040 - 88063
.f           Dialogue/Dialogue.fcpbundle/SVWC/Render Files/High Quality Media/33B9E4550C399C06CDE7768814966B2C/._Info.plist
.f           Dialogue/Dialogue.fcpbundle/SVWC/Render Files/High Quality Media/33B9E4550C399C06CDE7768814966B2C/Frame 86016 - 87039
.f           Dialogue/Dialogue.fcpbundle/SVWC/Render Files/High Quality Media/33B9E4550C399C06CDE7768814966B2C/Frame 87040 - 88063
.f           Dialogue/Dialogue.fcpbundle/SVWC/Render Files/High Quality Media/33B9E4550C399C06CDE7768814966B2C/Info.plist
.d           Dialogue/Dialogue.fcpbundle/SVWC/Render Files/High Quality Media/45AA6030468E6111EC8C515BD2FE7E44/
.f           Dialogue/Dialogue.fcpbundle/SVWC/Render Files/High Quality Media/45AA6030468E6111EC8C515BD2FE7E44/._Frame 86016 - 87039
.f           Dialogue/Dialogue.fcpbundle/SVWC/Render Files/High Quality Media/45AA6030468E6111EC8C515BD2FE7E44/._Frame 87040 - 88063
.f           Dialogue/Dialogue.fcpbundle/SVWC/Render Files/High Quality Media/45AA6030468E6111EC8C515BD2FE7E44/._Info.plist
.f           Dialogue/Dialogue.fcpbundle/SVWC/Render Files/High Quality Media/45AA6030468E6111EC8C515BD2FE7E44/Frame 86016 - 87039
.f           Dialogue/Dialogue.fcpbundle/SVWC/Render Files/High Quality Media/45AA6030468E6111EC8C515BD2FE7E44/Frame 87040 - 88063
.f           Dialogue/Dialogue.fcpbundle/SVWC/Render Files/High Quality Media/45AA6030468E6111EC8C515BD2FE7E44/Info.plist
.d           Dialogue/Dialogue.fcpbundle/SVWC/Render Files/High Quality Media/5559CB20790754368572E30A80359CBC/
.f           Dialogue/Dialogue.fcpbundle/SVWC/Render Files/High Quality Media/5559CB20790754368572E30A80359CBC/._Frame 86016 - 87039
.f           Dialogue/Dialogue.fcpbundle/SVWC/Render Files/High Quality Media/5559CB20790754368572E30A80359CBC/._Frame 87040 - 88063
.f           Dialogue/Dialogue.fcpbundle/SVWC/Render Files/High Quality Media/5559CB20790754368572E30A80359CBC/._Info.plist
.f           Dialogue/Dialogue.fcpbundle/SVWC/Render Files/High Quality Media/5559CB20790754368572E30A80359CBC/Frame 86016 - 87039
.f           Dialogue/Dialogue.fcpbundle/SVWC/Render Files/High Quality Media/5559CB20790754368572E30A80359CBC/Frame 87040 - 88063
.f           Dialogue/Dialogue.fcpbundle/SVWC/Render Files/High Quality Media/5559CB20790754368572E30A80359CBC/Info.plist
.d           Dialogue/Dialogue.fcpbundle/SVWC/Render Files/High Quality Media/6082312B538F73EF914A2BC38257A800/
.f           Dialogue/Dialogue.fcpbundle/SVWC/Render Files/High Quality Media/6082312B538F73EF914A2BC38257A800/._Frame 86016 - 87039
.f           Dialogue/Dialogue.fcpbundle/SVWC/Render Files/High Quality Media/6082312B538F73EF914A2BC38257A800/._Info.plist
.f           Dialogue/Dialogue.fcpbundle/SVWC/Render Files/High Quality Media/6082312B538F73EF914A2BC38257A800/Frame 86016 - 87039
.f           Dialogue/Dialogue.fcpbundle/SVWC/Render Files/High Quality Media/6082312B538F73EF914A2BC38257A800/Info.plist
.d           Dialogue/Dialogue.fcpbundle/SVWC/Render Files/High Quality Media/64A70A79422B757608871A18F3427FC0/
.f           Dialogue/Dialogue.fcpbundle/SVWC/Render Files/High Quality Media/64A70A79422B757608871A18F3427FC0/._Frame 86016 - 87039
.f           Dialogue/Dialogue.fcpbundle/SVWC/Render Files/High Quality Media/64A70A79422B757608871A18F3427FC0/._Frame 87040 - 88063
.f           Dialogue/Dialogue.fcpbundle/SVWC/Render Files/High Quality Media/64A70A79422B757608871A18F3427FC0/._Info.plist
.f           Dialogue/Dialogue.fcpbundle/SVWC/Render Files/High Quality Media/64A70A79422B757608871A18F3427FC0/Frame 86016 - 87039
.f           Dialogue/Dialogue.fcpbundle/SVWC/Render Files/High Quality Media/64A70A79422B757608871A18F3427FC0/Frame 87040 - 88063
.f           Dialogue/Dialogue.fcpbundle/SVWC/Render Files/High Quality Media/64A70A79422B757608871A18F3427FC0/Info.plist
.d           Dialogue/Dialogue.fcpbundle/SVWC/Render Files/High Quality Media/6A5E6F4C7C545037C1C7A110AF304043/
.f           Dialogue/Dialogue.fcpbundle/SVWC/Render Files/High Quality Media/6A5E6F4C7C545037C1C7A110AF304043/._Frame 86016 - 87039
.f           Dialogue/Dialogue.fcpbundle/SVWC/Render Files/High Quality Media/6A5E6F4C7C545037C1C7A110AF304043/._Info.plist
.f           Dialogue/Dialogue.fcpbundle/SVWC/Render Files/High Quality Media/6A5E6F4C7C545037C1C7A110AF304043/Frame 86016 - 87039
.f           Dialogue/Dialogue.fcpbundle/SVWC/Render Files/High Quality Media/6A5E6F4C7C545037C1C7A110AF304043/Info.plist
.d           Dialogue/Dialogue.fcpbundle/SVWC/Render Files/High Quality Media/6C25E41F9776F00BEC1B117B4F880DE3/
.f           Dialogue/Dialogue.fcpbundle/SVWC/Render Files/High Quality Media/6C25E41F9776F00BEC1B117B4F880DE3/._Frame 86016 - 87039
.f           Dialogue/Dialogue.fcpbundle/SVWC/Render Files/High Quality Media/6C25E41F9776F00BEC1B117B4F880DE3/._Frame 87040 - 88063
.f           Dialogue/Dialogue.fcpbundle/SVWC/Render Files/High Quality Media/6C25E41F9776F00BEC1B117B4F880DE3/._Info.plist
.f           Dialogue/Dialogue.fcpbundle/SVWC/Render Files/High Quality Media/6C25E41F9776F00BEC1B117B4F880DE3/Frame 86016 - 87039
.f           Dialogue/Dialogue.fcpbundle/SVWC/Render Files/High Quality Media/6C25E41F9776F00BEC1B117B4F880DE3/Frame 87040 - 88063
.f           Dialogue/Dialogue.fcpbundle/SVWC/Render Files/High Quality Media/6C25E41F9776F00BEC1B117B4F880DE3/Info.plist
.d           Dialogue/Dialogue.fcpbundle/SVWC/Render Files/High Quality Media/6C384CB6EECEE16DCF50CB8812AEC5A0/
.f           Dialogue/Dialogue.fcpbundle/SVWC/Render Files/High Quality Media/6C384CB6EECEE16DCF50CB8812AEC5A0/._Frame 86016 - 87039
.f           Dialogue/Dialogue.fcpbundle/SVWC/Render Files/High Quality Media/6C384CB6EECEE16DCF50CB8812AEC5A0/._Info.plist
.f           Dialogue/Dialogue.fcpbundle/SVWC/Render Files/High Quality Media/6C384CB6EECEE16DCF50CB8812AEC5A0/Frame 86016 - 87039
.f           Dialogue/Dialogue.fcpbundle/SVWC/Render Files/High Quality Media/6C384CB6EECEE16DCF50CB8812AEC5A0/Info.plist
.d           Dialogue/Dialogue.fcpbundle/SVWC/Render Files/High Quality Media/725E20DA3CC990FD6C7E16128A91D262/
.f           Dialogue/Dialogue.fcpbundle/SVWC/Render Files/High Quality Media/725E20DA3CC990FD6C7E16128A91D262/._Frame 86016 - 87039
.f           Dialogue/Dialogue.fcpbundle/SVWC/Render Files/High Quality Media/725E20DA3CC990FD6C7E16128A91D262/._Frame 87040 - 88063
.f           Dialogue/Dialogue.fcpbundle/SVWC/Render Files/High Quality Media/725E20DA3CC990FD6C7E16128A91D262/._Info.plist
.f           Dialogue/Dialogue.fcpbundle/SVWC/Render Files/High Quality Media/725E20DA3CC990FD6C7E16128A91D262/Frame 86016 - 87039
.f           Dialogue/Dialogue.fcpbundle/SVWC/Render Files/High Quality Media/725E20DA3CC990FD6C7E16128A91D262/Frame 87040 - 88063
.f           Dialogue/Dialogue.fcpbundle/SVWC/Render Files/High Quality Media/725E20DA3CC990FD6C7E16128A91D262/Info.plist
.d           Dialogue/Dialogue.fcpbundle/SVWC/Render Files/High Quality Media/73811314715194D78AC6B164DB4826F3/
.f           Dialogue/Dialogue.fcpbundle/SVWC/Render Files/High Quality Media/73811314715194D78AC6B164DB4826F3/._Frame 86016 - 87039
.f           Dialogue/Dialogue.fcpbundle/SVWC/Render Files/High Quality Media/73811314715194D78AC6B164DB4826F3/._Frame 87040 - 88063
.f           Dialogue/Dialogue.fcpbundle/SVWC/Render Files/High Quality Media/73811314715194D78AC6B164DB4826F3/._Info.plist
.f           Dialogue/Dialogue.fcpbundle/SVWC/Render Files/High Quality Media/73811314715194D78AC6B164DB4826F3/Frame 86016 - 87039
.f           Dialogue/Dialogue.fcpbundle/SVWC/Render Files/High Quality Media/73811314715194D78AC6B164DB4826F3/Frame 87040 - 88063
.f           Dialogue/Dialogue.fcpbundle/SVWC/Render Files/High Quality Media/73811314715194D78AC6B164DB4826F3/Info.plist
.d           Dialogue/Dialogue.fcpbundle/SVWC/Render Files/High Quality Media/73F4D76250AEC9534D286434FCE5CA3D/
.f           Dialogue/Dialogue.fcpbundle/SVWC/Render Files/High Quality Media/73F4D76250AEC9534D286434FCE5CA3D/._Frame 86016 - 87039
.f           Dialogue/Dialogue.fcpbundle/SVWC/Render Files/High Quality Media/73F4D76250AEC9534D286434FCE5CA3D/._Frame 87040 - 88063
.f           Dialogue/Dialogue.fcpbundle/SVWC/Render Files/High Quality Media/73F4D76250AEC9534D286434FCE5CA3D/._Info.plist
.f           Dialogue/Dialogue.fcpbundle/SVWC/Render Files/High Quality Media/73F4D76250AEC9534D286434FCE5CA3D/Frame 86016 - 87039
.f           Dialogue/Dialogue.fcpbundle/SVWC/Render Files/High Quality Media/73F4D76250AEC9534D286434FCE5CA3D/Frame 87040 - 88063
.f           Dialogue/Dialogue.fcpbundle/SVWC/Render Files/High Quality Media/73F4D76250AEC9534D286434FCE5CA3D/Info.plist
.d           Dialogue/Dialogue.fcpbundle/SVWC/Render Files/High Quality Media/763924E57F21BE5423015BB36151B748/
.f           Dialogue/Dialogue.fcpbundle/SVWC/Render Files/High Quality Media/763924E57F21BE5423015BB36151B748/._Frame 86016 - 87039
.f           Dialogue/Dialogue.fcpbundle/SVWC/Render Files/High Quality Media/763924E57F21BE5423015BB36151B748/._Info.plist
.f           Dialogue/Dialogue.fcpbundle/SVWC/Render Files/High Quality Media/763924E57F21BE5423015BB36151B748/Frame 86016 - 87039
.f           Dialogue/Dialogue.fcpbundle/SVWC/Render Files/High Quality Media/763924E57F21BE5423015BB36151B748/Info.plist
.d           Dialogue/Dialogue.fcpbundle/SVWC/Render Files/High Quality Media/798FCFCE971D901C5ED2AE3D2D2962D5/
.f           Dialogue/Dialogue.fcpbundle/SVWC/Render Files/High Quality Media/798FCFCE971D901C5ED2AE3D2D2962D5/._Frame 86016 - 87039
.f           Dialogue/Dialogue.fcpbundle/SVWC/Render Files/High Quality Media/798FCFCE971D901C5ED2AE3D2D2962D5/._Frame 87040 - 88063
.f           Dialogue/Dialogue.fcpbundle/SVWC/Render Files/High Quality Media/798FCFCE971D901C5ED2AE3D2D2962D5/._Info.plist
.f           Dialogue/Dialogue.fcpbundle/SVWC/Render Files/High Quality Media/798FCFCE971D901C5ED2AE3D2D2962D5/Frame 86016 - 87039
.f           Dialogue/Dialogue.fcpbundle/SVWC/Render Files/High Quality Media/798FCFCE971D901C5ED2AE3D2D2962D5/Frame 87040 - 88063
.f           Dialogue/Dialogue.fcpbundle/SVWC/Render Files/High Quality Media/798FCFCE971D901C5ED2AE3D2D2962D5/Info.plist
.d           Dialogue/Dialogue.fcpbundle/SVWC/Render Files/High Quality Media/7A7F2538E6AD3E07F440C5427C2A81B6/
.f           Dialogue/Dialogue.fcpbundle/SVWC/Render Files/High Quality Media/7A7F2538E6AD3E07F440C5427C2A81B6/._Frame 86016 - 87039
.f           Dialogue/Dialogue.fcpbundle/SVWC/Render Files/High Quality Media/7A7F2538E6AD3E07F440C5427C2A81B6/._Frame 87040 - 88063
.f           Dialogue/Dialogue.fcpbundle/SVWC/Render Files/High Quality Media/7A7F2538E6AD3E07F440C5427C2A81B6/._Info.plist
.f           Dialogue/Dialogue.fcpbundle/SVWC/Render Files/High Quality Media/7A7F2538E6AD3E07F440C5427C2A81B6/Frame 86016 - 87039
.f           Dialogue/Dialogue.fcpbundle/SVWC/Render Files/High Quality Media/7A7F2538E6AD3E07F440C5427C2A81B6/Frame 87040 - 88063
.f           Dialogue/Dialogue.fcpbundle/SVWC/Render Files/High Quality Media/7A7F2538E6AD3E07F440C5427C2A81B6/Info.plist
.d           Dialogue/Dialogue.fcpbundle/SVWC/Render Files/High Quality Media/7CD1731D637993310621C4E6EC8483D5/
.f           Dialogue/Dialogue.fcpbundle/SVWC/Render Files/High Quality Media/7CD1731D637993310621C4E6EC8483D5/._Frame 86016 - 87039
.f           Dialogue/Dialogue.fcpbundle/SVWC/Render Files/High Quality Media/7CD1731D637993310621C4E6EC8483D5/._Info.plist
.f           Dialogue/Dialogue.fcpbundle/SVWC/Render Files/High Quality Media/7CD1731D637993310621C4E6EC8483D5/Frame 86016 - 87039
.f           Dialogue/Dialogue.fcpbundle/SVWC/Render Files/High Quality Media/7CD1731D637993310621C4E6EC8483D5/Info.plist
.d           Dialogue/Dialogue.fcpbundle/SVWC/Render Files/High Quality Media/7F8FF5460370100631A103EAC3496A36/
.f           Dialogue/Dialogue.fcpbundle/SVWC/Render Files/High Quality Media/7F8FF5460370100631A103EAC3496A36/._Frame 86016 - 87039
.f           Dialogue/Dialogue.fcpbundle/SVWC/Render Files/High Quality Media/7F8FF5460370100631A103EAC3496A36/._Info.plist
.f           Dialogue/Dialogue.fcpbundle/SVWC/Render Files/High Quality Media/7F8FF5460370100631A103EAC3496A36/Frame 86016 - 87039
.f           Dialogue/Dialogue.fcpbundle/SVWC/Render Files/High Quality Media/7F8FF5460370100631A103EAC3496A36/Info.plist
.d           Dialogue/Dialogue.fcpbundle/SVWC/Render Files/High Quality Media/8914BC528F978912FE4B076921848E8C/
.f           Dialogue/Dialogue.fcpbundle/SVWC/Render Files/High Quality Media/8914BC528F978912FE4B076921848E8C/._Frame 86016 - 87039
.f           Dialogue/Dialogue.fcpbundle/SVWC/Render Files/High Quality Media/8914BC528F978912FE4B076921848E8C/._Frame 87040 - 88063
.f           Dialogue/Dialogue.fcpbundle/SVWC/Render Files/High Quality Media/8914BC528F978912FE4B076921848E8C/._Info.plist
.f           Dialogue/Dialogue.fcpbundle/SVWC/Render Files/High Quality Media/8914BC528F978912FE4B076921848E8C/Frame 86016 - 87039
.f           Dialogue/Dialogue.fcpbundle/SVWC/Render Files/High Quality Media/8914BC528F978912FE4B076921848E8C/Frame 87040 - 88063
.f           Dialogue/Dialogue.fcpbundle/SVWC/Render Files/High Quality Media/8914BC528F978912FE4B076921848E8C/Info.plist
.d           Dialogue/Dialogue.fcpbundle/SVWC/Render Files/High Quality Media/8C1E84989185C8E3ECED6762542038C2/
.f           Dialogue/Dialogue.fcpbundle/SVWC/Render Files/High Quality Media/8C1E84989185C8E3ECED6762542038C2/._Frame 86016 - 87039
.f           Dialogue/Dialogue.fcpbundle/SVWC/Render Files/High Quality Media/8C1E84989185C8E3ECED6762542038C2/._Info.plist
.f           Dialogue/Dialogue.fcpbundle/SVWC/Render Files/High Quality Media/8C1E84989185C8E3ECED6762542038C2/Frame 86016 - 87039
.f           Dialogue/Dialogue.fcpbundle/SVWC/Render Files/High Quality Media/8C1E84989185C8E3ECED6762542038C2/Info.plist
.d           Dialogue/Dialogue.fcpbundle/SVWC/Render Files/High Quality Media/8D35A2D121F5C2A546F938B41DAC857C/
.f           Dialogue/Dialogue.fcpbundle/SVWC/Render Files/High Quality Media/8D35A2D121F5C2A546F938B41DAC857C/._Frame 86016 - 87039
.f           Dialogue/Dialogue.fcpbundle/SVWC/Render Files/High Quality Media/8D35A2D121F5C2A546F938B41DAC857C/._Frame 87040 - 88063
.f           Dialogue/Dialogue.fcpbundle/SVWC/Render Files/High Quality Media/8D35A2D121F5C2A546F938B41DAC857C/._Info.plist
.f           Dialogue/Dialogue.fcpbundle/SVWC/Render Files/High Quality Media/8D35A2D121F5C2A546F938B41DAC857C/Frame 86016 - 87039
.f           Dialogue/Dialogue.fcpbundle/SVWC/Render Files/High Quality Media/8D35A2D121F5C2A546F938B41DAC857C/Frame 87040 - 88063
.f           Dialogue/Dialogue.fcpbundle/SVWC/Render Files/High Quality Media/8D35A2D121F5C2A546F938B41DAC857C/Info.plist
.d           Dialogue/Dialogue.fcpbundle/SVWC/Render Files/High Quality Media/921E0D689FD6687E7EE619E90727FF49/
.f           Dialogue/Dialogue.fcpbundle/SVWC/Render Files/High Quality Media/921E0D689FD6687E7EE619E90727FF49/._Frame 86016 - 87039
.f           Dialogue/Dialogue.fcpbundle/SVWC/Render Files/High Quality Media/921E0D689FD6687E7EE619E90727FF49/._Frame 87040 - 88063
.f           Dialogue/Dialogue.fcpbundle/SVWC/Render Files/High Quality Media/921E0D689FD6687E7EE619E90727FF49/._Info.plist
.f           Dialogue/Dialogue.fcpbundle/SVWC/Render Files/High Quality Media/921E0D689FD6687E7EE619E90727FF49/Frame 86016 - 87039
.f           Dialogue/Dialogue.fcpbundle/SVWC/Render Files/High Quality Media/921E0D689FD6687E7EE619E90727FF49/Frame 87040 - 88063
.f           Dialogue/Dialogue.fcpbundle/SVWC/Render Files/High Quality Media/921E0D689FD6687E7EE619E90727FF49/Info.plist
.d           Dialogue/Dialogue.fcpbundle/SVWC/Render Files/High Quality Media/93232E82C9AC8DFFC92D2C623FE7AAEF/
.f           Dialogue/Dialogue.fcpbundle/SVWC/Render Files/High Quality Media/93232E82C9AC8DFFC92D2C623FE7AAEF/._Frame 86016 - 87039
.f           Dialogue/Dialogue.fcpbundle/SVWC/Render Files/High Quality Media/93232E82C9AC8DFFC92D2C623FE7AAEF/._Frame 87040 - 88063
.f           Dialogue/Dialogue.fcpbundle/SVWC/Render Files/High Quality Media/93232E82C9AC8DFFC92D2C623FE7AAEF/._Info.plist
.f           Dialogue/Dialogue.fcpbundle/SVWC/Render Files/High Quality Media/93232E82C9AC8DFFC92D2C623FE7AAEF/Frame 86016 - 87039
.f           Dialogue/Dialogue.fcpbundle/SVWC/Render Files/High Quality Media/93232E82C9AC8DFFC92D2C623FE7AAEF/Frame 87040 - 88063
.f           Dialogue/Dialogue.fcpbundle/SVWC/Render Files/High Quality Media/93232E82C9AC8DFFC92D2C623FE7AAEF/Info.plist
.d           Dialogue/Dialogue.fcpbundle/SVWC/Render Files/High Quality Media/94C74804295A15D450ED9E8DEDE68819/
.f           Dialogue/Dialogue.fcpbundle/SVWC/Render Files/High Quality Media/94C74804295A15D450ED9E8DEDE68819/._Frame 86016 - 87039
.f           Dialogue/Dialogue.fcpbundle/SVWC/Render Files/High Quality Media/94C74804295A15D450ED9E8DEDE68819/._Frame 87040 - 88063
.f           Dialogue/Dialogue.fcpbundle/SVWC/Render Files/High Quality Media/94C74804295A15D450ED9E8DEDE68819/._Info.plist
.f           Dialogue/Dialogue.fcpbundle/SVWC/Render Files/High Quality Media/94C74804295A15D450ED9E8DEDE68819/Frame 86016 - 87039
.f           Dialogue/Dialogue.fcpbundle/SVWC/Render Files/High Quality Media/94C74804295A15D450ED9E8DEDE68819/Frame 87040 - 88063
.f           Dialogue/Dialogue.fcpbundle/SVWC/Render Files/High Quality Media/94C74804295A15D450ED9E8DEDE68819/Info.plist
.d           Dialogue/Dialogue.fcpbundle/SVWC/Render Files/High Quality Media/975F9D3665F7678F86FAD262165D69BB/
.f           Dialogue/Dialogue.fcpbundle/SVWC/Render Files/High Quality Media/975F9D3665F7678F86FAD262165D69BB/._Frame 86016 - 87039
.f           Dialogue/Dialogue.fcpbundle/SVWC/Render Files/High Quality Media/975F9D3665F7678F86FAD262165D69BB/._Frame 87040 - 88063
.f           Dialogue/Dialogue.fcpbundle/SVWC/Render Files/High Quality Media/975F9D3665F7678F86FAD262165D69BB/._Info.plist
.f           Dialogue/Dialogue.fcpbundle/SVWC/Render Files/High Quality Media/975F9D3665F7678F86FAD262165D69BB/Frame 86016 - 87039
.f           Dialogue/Dialogue.fcpbundle/SVWC/Render Files/High Quality Media/975F9D3665F7678F86FAD262165D69BB/Frame 87040 - 88063
.f           Dialogue/Dialogue.fcpbundle/SVWC/Render Files/High Quality Media/975F9D3665F7678F86FAD262165D69BB/Info.plist
.d           Dialogue/Dialogue.fcpbundle/SVWC/Render Files/High Quality Media/B0B302B38493840B73020E9D4674E74A/
.f           Dialogue/Dialogue.fcpbundle/SVWC/Render Files/High Quality Media/B0B302B38493840B73020E9D4674E74A/._Frame 86016 - 87039
.f           Dialogue/Dialogue.fcpbundle/SVWC/Render Files/High Quality Media/B0B302B38493840B73020E9D4674E74A/._Frame 87040 - 88063
.f           Dialogue/Dialogue.fcpbundle/SVWC/Render Files/High Quality Media/B0B302B38493840B73020E9D4674E74A/._Info.plist
.f           Dialogue/Dialogue.fcpbundle/SVWC/Render Files/High Quality Media/B0B302B38493840B73020E9D4674E74A/Frame 86016 - 87039
.f           Dialogue/Dialogue.fcpbundle/SVWC/Render Files/High Quality Media/B0B302B38493840B73020E9D4674E74A/Frame 87040 - 88063
.f           Dialogue/Dialogue.fcpbundle/SVWC/Render Files/High Quality Media/B0B302B38493840B73020E9D4674E74A/Info.plist
.d           Dialogue/Dialogue.fcpbundle/SVWC/Render Files/High Quality Media/B19B09CE76611C24841602BAD2A3C99D/
.f           Dialogue/Dialogue.fcpbundle/SVWC/Render Files/High Quality Media/B19B09CE76611C24841602BAD2A3C99D/._Frame 86016 - 87039
.f           Dialogue/Dialogue.fcpbundle/SVWC/Render Files/High Quality Media/B19B09CE76611C24841602BAD2A3C99D/._Info.plist
.f           Dialogue/Dialogue.fcpbundle/SVWC/Render Files/High Quality Media/B19B09CE76611C24841602BAD2A3C99D/Frame 86016 - 87039
.f           Dialogue/Dialogue.fcpbundle/SVWC/Render Files/High Quality Media/B19B09CE76611C24841602BAD2A3C99D/Info.plist
.d           Dialogue/Dialogue.fcpbundle/SVWC/Render Files/High Quality Media/C1F9FC50A474DAC107CCB8CE320D2FBE/
.f           Dialogue/Dialogue.fcpbundle/SVWC/Render Files/High Quality Media/C1F9FC50A474DAC107CCB8CE320D2FBE/._Frame 86016 - 87039
.f           Dialogue/Dialogue.fcpbundle/SVWC/Render Files/High Quality Media/C1F9FC50A474DAC107CCB8CE320D2FBE/._Frame 87040 - 88063
.f           Dialogue/Dialogue.fcpbundle/SVWC/Render Files/High Quality Media/C1F9FC50A474DAC107CCB8CE320D2FBE/._Info.plist
.f           Dialogue/Dialogue.fcpbundle/SVWC/Render Files/High Quality Media/C1F9FC50A474DAC107CCB8CE320D2FBE/Frame 86016 - 87039
.f           Dialogue/Dialogue.fcpbundle/SVWC/Render Files/High Quality Media/C1F9FC50A474DAC107CCB8CE320D2FBE/Frame 87040 - 88063
.f           Dialogue/Dialogue.fcpbundle/SVWC/Render Files/High Quality Media/C1F9FC50A474DAC107CCB8CE320D2FBE/Info.plist
.d           Dialogue/Dialogue.fcpbundle/SVWC/Render Files/High Quality Media/C261A7AE85E4BF2E996AA76ED14D7D80/
.f           Dialogue/Dialogue.fcpbundle/SVWC/Render Files/High Quality Media/C261A7AE85E4BF2E996AA76ED14D7D80/._Frame 86016 - 87039
.f           Dialogue/Dialogue.fcpbundle/SVWC/Render Files/High Quality Media/C261A7AE85E4BF2E996AA76ED14D7D80/._Frame 87040 - 88063
.f           Dialogue/Dialogue.fcpbundle/SVWC/Render Files/High Quality Media/C261A7AE85E4BF2E996AA76ED14D7D80/._Info.plist
.f           Dialogue/Dialogue.fcpbundle/SVWC/Render Files/High Quality Media/C261A7AE85E4BF2E996AA76ED14D7D80/Frame 86016 - 87039
.f           Dialogue/Dialogue.fcpbundle/SVWC/Render Files/High Quality Media/C261A7AE85E4BF2E996AA76ED14D7D80/Frame 87040 - 88063
.f           Dialogue/Dialogue.fcpbundle/SVWC/Render Files/High Quality Media/C261A7AE85E4BF2E996AA76ED14D7D80/Info.plist
.d           Dialogue/Dialogue.fcpbundle/SVWC/Render Files/High Quality Media/CC93B3F289496091F9FD42286C0A06FF/
.f           Dialogue/Dialogue.fcpbundle/SVWC/Render Files/High Quality Media/CC93B3F289496091F9FD42286C0A06FF/._Frame 86016 - 87039
.f           Dialogue/Dialogue.fcpbundle/SVWC/Render Files/High Quality Media/CC93B3F289496091F9FD42286C0A06FF/._Info.plist
.f           Dialogue/Dialogue.fcpbundle/SVWC/Render Files/High Quality Media/CC93B3F289496091F9FD42286C0A06FF/Frame 86016 - 87039
.f           Dialogue/Dialogue.fcpbundle/SVWC/Render Files/High Quality Media/CC93B3F289496091F9FD42286C0A06FF/Info.plist
.d           Dialogue/Dialogue.fcpbundle/SVWC/Render Files/High Quality Media/CD3B09E220D74C57E130B6416622388E/
.f           Dialogue/Dialogue.fcpbundle/SVWC/Render Files/High Quality Media/CD3B09E220D74C57E130B6416622388E/._Frame 86016 - 87039
.f           Dialogue/Dialogue.fcpbundle/SVWC/Render Files/High Quality Media/CD3B09E220D74C57E130B6416622388E/._Info.plist
.f           Dialogue/Dialogue.fcpbundle/SVWC/Render Files/High Quality Media/CD3B09E220D74C57E130B6416622388E/Frame 86016 - 87039
.f           Dialogue/Dialogue.fcpbundle/SVWC/Render Files/High Quality Media/CD3B09E220D74C57E130B6416622388E/Info.plist
.d           Dialogue/Dialogue.fcpbundle/SVWC/Render Files/High Quality Media/D2F428DC82F3622D754A923F7F744303/
.f           Dialogue/Dialogue.fcpbundle/SVWC/Render Files/High Quality Media/D2F428DC82F3622D754A923F7F744303/._Frame 86016 - 87039
.f           Dialogue/Dialogue.fcpbundle/SVWC/Render Files/High Quality Media/D2F428DC82F3622D754A923F7F744303/._Frame 87040 - 88063
.f           Dialogue/Dialogue.fcpbundle/SVWC/Render Files/High Quality Media/D2F428DC82F3622D754A923F7F744303/._Info.plist
.f           Dialogue/Dialogue.fcpbundle/SVWC/Render Files/High Quality Media/D2F428DC82F3622D754A923F7F744303/Frame 86016 - 87039
.f           Dialogue/Dialogue.fcpbundle/SVWC/Render Files/High Quality Media/D2F428DC82F3622D754A923F7F744303/Frame 87040 - 88063
.f           Dialogue/Dialogue.fcpbundle/SVWC/Render Files/High Quality Media/D2F428DC82F3622D754A923F7F744303/Info.plist
.d           Dialogue/Dialogue.fcpbundle/SVWC/Render Files/High Quality Media/D87E450CEAFBA6CB2228BCB88CFE0462/
.f           Dialogue/Dialogue.fcpbundle/SVWC/Render Files/High Quality Media/D87E450CEAFBA6CB2228BCB88CFE0462/._Frame 86016 - 87039
.f           Dialogue/Dialogue.fcpbundle/SVWC/Render Files/High Quality Media/D87E450CEAFBA6CB2228BCB88CFE0462/._Info.plist
.f           Dialogue/Dialogue.fcpbundle/SVWC/Render Files/High Quality Media/D87E450CEAFBA6CB2228BCB88CFE0462/Frame 86016 - 87039
.f           Dialogue/Dialogue.fcpbundle/SVWC/Render Files/High Quality Media/D87E450CEAFBA6CB2228BCB88CFE0462/Info.plist
.d           Dialogue/Dialogue.fcpbundle/SVWC/Render Files/High Quality Media/D99775F97FF91665EF35039B7743DE47/
.f           Dialogue/Dialogue.fcpbundle/SVWC/Render Files/High Quality Media/D99775F97FF91665EF35039B7743DE47/._Frame 86016 - 87039
.f           Dialogue/Dialogue.fcpbundle/SVWC/Render Files/High Quality Media/D99775F97FF91665EF35039B7743DE47/._Frame 87040 - 88063
.f           Dialogue/Dialogue.fcpbundle/SVWC/Render Files/High Quality Media/D99775F97FF91665EF35039B7743DE47/._Info.plist
.f           Dialogue/Dialogue.fcpbundle/SVWC/Render Files/High Quality Media/D99775F97FF91665EF35039B7743DE47/Frame 86016 - 87039
.f           Dialogue/Dialogue.fcpbundle/SVWC/Render Files/High Quality Media/D99775F97FF91665EF35039B7743DE47/Frame 87040 - 88063
.f           Dialogue/Dialogue.fcpbundle/SVWC/Render Files/High Quality Media/D99775F97FF91665EF35039B7743DE47/Info.plist
.d           Dialogue/Dialogue.fcpbundle/SVWC/Render Files/High Quality Media/EC488ABC394FCA7692D53C5699EF20FF/
.f           Dialogue/Dialogue.fcpbundle/SVWC/Render Files/High Quality Media/EC488ABC394FCA7692D53C5699EF20FF/._Frame 86016 - 87039
.f           Dialogue/Dialogue.fcpbundle/SVWC/Render Files/High Quality Media/EC488ABC394FCA7692D53C5699EF20FF/._Frame 87040 - 88063
.f           Dialogue/Dialogue.fcpbundle/SVWC/Render Files/High Quality Media/EC488ABC394FCA7692D53C5699EF20FF/._Info.plist
.f           Dialogue/Dialogue.fcpbundle/SVWC/Render Files/High Quality Media/EC488ABC394FCA7692D53C5699EF20FF/Frame 86016 - 87039
.f           Dialogue/Dialogue.fcpbundle/SVWC/Render Files/High Quality Media/EC488ABC394FCA7692D53C5699EF20FF/Frame 87040 - 88063
.f           Dialogue/Dialogue.fcpbundle/SVWC/Render Files/High Quality Media/EC488ABC394FCA7692D53C5699EF20FF/Info.plist
.d           Dialogue/Dialogue.fcpbundle/SVWC/Render Files/High Quality Media/F1085DD0953A65367B0B8A69C2F16C6E/
.f           Dialogue/Dialogue.fcpbundle/SVWC/Render Files/High Quality Media/F1085DD0953A65367B0B8A69C2F16C6E/._Frame 86016 - 87039
.f           Dialogue/Dialogue.fcpbundle/SVWC/Render Files/High Quality Media/F1085DD0953A65367B0B8A69C2F16C6E/._Frame 87040 - 88063
.f           Dialogue/Dialogue.fcpbundle/SVWC/Render Files/High Quality Media/F1085DD0953A65367B0B8A69C2F16C6E/._Info.plist
.f           Dialogue/Dialogue.fcpbundle/SVWC/Render Files/High Quality Media/F1085DD0953A65367B0B8A69C2F16C6E/Frame 86016 - 87039
.f           Dialogue/Dialogue.fcpbundle/SVWC/Render Files/High Quality Media/F1085DD0953A65367B0B8A69C2F16C6E/Frame 87040 - 88063
.f           Dialogue/Dialogue.fcpbundle/SVWC/Render Files/High Quality Media/F1085DD0953A65367B0B8A69C2F16C6E/Info.plist
.d           Dialogue/Dialogue.fcpbundle/SVWC/Render Files/Peaks Data/
.f           Dialogue/Dialogue.fcpbundle/SVWC/Render Files/Peaks Data/._02DF95660A9E410633934760405D972E
.f           Dialogue/Dialogue.fcpbundle/SVWC/Render Files/Peaks Data/._04E96A5AD02E1938097732F01E8BCE81
.f           Dialogue/Dialogue.fcpbundle/SVWC/Render Files/Peaks Data/._073F98F2F6AC8B8AEA667C58DF41647F
.f           Dialogue/Dialogue.fcpbundle/SVWC/Render Files/Peaks Data/._07FF206F19DEF1EB16BCF3708C9915C3
.f           Dialogue/Dialogue.fcpbundle/SVWC/Render Files/Peaks Data/._0C70AE3B597B6C08035FA3591AB20FFD
.f           Dialogue/Dialogue.fcpbundle/SVWC/Render Files/Peaks Data/._0DF2F79A2B8598EBCB804620AE68B141
.f           Dialogue/Dialogue.fcpbundle/SVWC/Render Files/Peaks Data/._12759E022C15F38D275483A279A84D15
.f           Dialogue/Dialogue.fcpbundle/SVWC/Render Files/Peaks Data/._148F5F44D62081D7220CE2F68FC43876
.f           Dialogue/Dialogue.fcpbundle/SVWC/Render Files/Peaks Data/._1C84C59E4E7F3621AD086CF486ADFAC2
.f           Dialogue/Dialogue.fcpbundle/SVWC/Render Files/Peaks Data/._2014162A7082588F31287A66417F4B37
.f           Dialogue/Dialogue.fcpbundle/SVWC/Render Files/Peaks Data/._23FCB6ECA646CF067200BB2768CF1B50
.f           Dialogue/Dialogue.fcpbundle/SVWC/Render Files/Peaks Data/._25A5565E0C5A4590297901C16FCECB30
.f           Dialogue/Dialogue.fcpbundle/SVWC/Render Files/Peaks Data/._27B559715DBEEBA8B34EC9C91AACFDDC
.f           Dialogue/Dialogue.fcpbundle/SVWC/Render Files/Peaks Data/._2FC0BDB9BEB3F553021FE037EEA1D2E8
.f           Dialogue/Dialogue.fcpbundle/SVWC/Render Files/Peaks Data/._429D5BF5D378F682EA67A8FE0004A238
.f           Dialogue/Dialogue.fcpbundle/SVWC/Render Files/Peaks Data/._456393FC2B11934648892766A873F759
.f           Dialogue/Dialogue.fcpbundle/SVWC/Render Files/Peaks Data/._4D81805253683032969DABD5B2E01C18
.f           Dialogue/Dialogue.fcpbundle/SVWC/Render Files/Peaks Data/._4E2F108FA768775169DFB22FECB24903
.f           Dialogue/Dialogue.fcpbundle/SVWC/Render Files/Peaks Data/._4ED96CF97A5DF66FB257E98CD0607A54
.f           Dialogue/Dialogue.fcpbundle/SVWC/Render Files/Peaks Data/._5506E3CC7E70FBE275FACD9C7DFA4AA0
.f           Dialogue/Dialogue.fcpbundle/SVWC/Render Files/Peaks Data/._559CD10436236C64F9E337CC3F96BF21
.f           Dialogue/Dialogue.fcpbundle/SVWC/Render Files/Peaks Data/._6C4AF42E5D4749AAEDF48E25F1EEC51D
.f           Dialogue/Dialogue.fcpbundle/SVWC/Render Files/Peaks Data/._7118EE74D9948FEABC1E5149DC1DD278
.f           Dialogue/Dialogue.fcpbundle/SVWC/Render Files/Peaks Data/._71AE0780C1F72D4D23469BF6EC4625FB
.f           Dialogue/Dialogue.fcpbundle/SVWC/Render Files/Peaks Data/._7757267069277B82B73CCD3F715AEB66
.f           Dialogue/Dialogue.fcpbundle/SVWC/Render Files/Peaks Data/._7CDEAA244A6C4D4F78D82ECBF471F7DC
.f           Dialogue/Dialogue.fcpbundle/SVWC/Render Files/Peaks Data/._8A8AB7941026E79D1AC6735A59D84188
.f           Dialogue/Dialogue.fcpbundle/SVWC/Render Files/Peaks Data/._8D8837980036085CB49FFBC97B5BA270
.f           Dialogue/Dialogue.fcpbundle/SVWC/Render Files/Peaks Data/._8F8983A4C7C889A752A272574FC52868
.f           Dialogue/Dialogue.fcpbundle/SVWC/Render Files/Peaks Data/._920DCA4E3C0856C3D4EFDB757DA68D6F
.f           Dialogue/Dialogue.fcpbundle/SVWC/Render Files/Peaks Data/._9DE7D9436CCBC8F5B3B3A7857DEE21F4
.f           Dialogue/Dialogue.fcpbundle/SVWC/Render Files/Peaks Data/._A0C769185C5B7DBA116B5253FDF2FAA7
.f           Dialogue/Dialogue.fcpbundle/SVWC/Render Files/Peaks Data/._A2B51CD5FF6D2E5967ED4C252E84F8A4
.f           Dialogue/Dialogue.fcpbundle/SVWC/Render Files/Peaks Data/._AEDA7A42AAD1BE2A131C791AE1068DDF
.f           Dialogue/Dialogue.fcpbundle/SVWC/Render Files/Peaks Data/._AF3FE1737AF1A0341F3CC0A019F31D59
.f           Dialogue/Dialogue.fcpbundle/SVWC/Render Files/Peaks Data/._B4D25298B57F89C4CEB8695BFFE5A8CB
.f           Dialogue/Dialogue.fcpbundle/SVWC/Render Files/Peaks Data/._B84A4651D94E901A5227409AB7302B4D
.f           Dialogue/Dialogue.fcpbundle/SVWC/Render Files/Peaks Data/._BE0A01DC01858259AF32161E8E526CEC
.f           Dialogue/Dialogue.fcpbundle/SVWC/Render Files/Peaks Data/._C2A3735F1C4EA455685661C97DE134EA
.f           Dialogue/Dialogue.fcpbundle/SVWC/Render Files/Peaks Data/._C70105D084C545396A83DD4BF05741C5
.f           Dialogue/Dialogue.fcpbundle/SVWC/Render Files/Peaks Data/._CB427833EF393BAB6ADE061BA5926E2D
.f           Dialogue/Dialogue.fcpbundle/SVWC/Render Files/Peaks Data/._CEA3CE68FD9D6D7A55C4C7425E29B3B9
.f           Dialogue/Dialogue.fcpbundle/SVWC/Render Files/Peaks Data/._D0D462BEA1EF6513FDC6531769377B70
.f           Dialogue/Dialogue.fcpbundle/SVWC/Render Files/Peaks Data/._D4A09270FD09D0312E0A9C66E9655214
.f           Dialogue/Dialogue.fcpbundle/SVWC/Render Files/Peaks Data/._D5DD734067B6C634C5D1CC6AFE57CB6C
.f           Dialogue/Dialogue.fcpbundle/SVWC/Render Files/Peaks Data/._DA6613F550D85567F0550734D39E8215
.f           Dialogue/Dialogue.fcpbundle/SVWC/Render Files/Peaks Data/._FEA73DF8C2CDE7AEC1B1DC0C74A9EFB0
.d           Dialogue/Dialogue.fcpbundle/SVWC/Render Files/Peaks Data/02DF95660A9E410633934760405D972E/
.f           Dialogue/Dialogue.fcpbundle/SVWC/Render Files/Peaks Data/02DF95660A9E410633934760405D972E/._Frame 0 - 1023
.f           Dialogue/Dialogue.fcpbundle/SVWC/Render Files/Peaks Data/02DF95660A9E410633934760405D972E/._Info.plist
.f           Dialogue/Dialogue.fcpbundle/SVWC/Render Files/Peaks Data/02DF95660A9E410633934760405D972E/Frame 0 - 1023
.f           Dialogue/Dialogue.fcpbundle/SVWC/Render Files/Peaks Data/02DF95660A9E410633934760405D972E/Info.plist
.d           Dialogue/Dialogue.fcpbundle/SVWC/Render Files/Peaks Data/04E96A5AD02E1938097732F01E8BCE81/
.f           Dialogue/Dialogue.fcpbundle/SVWC/Render Files/Peaks Data/04E96A5AD02E1938097732F01E8BCE81/._Frame 0 - 1023
.f           Dialogue/Dialogue.fcpbundle/SVWC/Render Files/Peaks Data/04E96A5AD02E1938097732F01E8BCE81/._Info.plist
.f           Dialogue/Dialogue.fcpbundle/SVWC/Render Files/Peaks Data/04E96A5AD02E1938097732F01E8BCE81/Frame 0 - 1023
.f           Dialogue/Dialogue.fcpbundle/SVWC/Render Files/Peaks Data/04E96A5AD02E1938097732F01E8BCE81/Info.plist
.d           Dialogue/Dialogue.fcpbundle/SVWC/Render Files/Peaks Data/073F98F2F6AC8B8AEA667C58DF41647F/
.f           Dialogue/Dialogue.fcpbundle/SVWC/Render Files/Peaks Data/073F98F2F6AC8B8AEA667C58DF41647F/._Frame 0 - 1023
.f           Dialogue/Dialogue.fcpbundle/SVWC/Render Files/Peaks Data/073F98F2F6AC8B8AEA667C58DF41647F/._Info.plist
.f           Dialogue/Dialogue.fcpbundle/SVWC/Render Files/Peaks Data/073F98F2F6AC8B8AEA667C58DF41647F/Frame 0 - 1023
.f           Dialogue/Dialogue.fcpbundle/SVWC/Render Files/Peaks Data/073F98F2F6AC8B8AEA667C58DF41647F/Info.plist
.d           Dialogue/Dialogue.fcpbundle/SVWC/Render Files/Peaks Data/07FF206F19DEF1EB16BCF3708C9915C3/
.f           Dialogue/Dialogue.fcpbundle/SVWC/Render Files/Peaks Data/07FF206F19DEF1EB16BCF3708C9915C3/._Frame 0 - 1023
.f           Dialogue/Dialogue.fcpbundle/SVWC/Render Files/Peaks Data/07FF206F19DEF1EB16BCF3708C9915C3/._Info.plist
.f           Dialogue/Dialogue.fcpbundle/SVWC/Render Files/Peaks Data/07FF206F19DEF1EB16BCF3708C9915C3/Frame 0 - 1023
.f           Dialogue/Dialogue.fcpbundle/SVWC/Render Files/Peaks Data/07FF206F19DEF1EB16BCF3708C9915C3/Info.plist
.d           Dialogue/Dialogue.fcpbundle/SVWC/Render Files/Peaks Data/0C70AE3B597B6C08035FA3591AB20FFD/
.f           Dialogue/Dialogue.fcpbundle/SVWC/Render Files/Peaks Data/0C70AE3B597B6C08035FA3591AB20FFD/._Frame 0 - 1023
.f           Dialogue/Dialogue.fcpbundle/SVWC/Render Files/Peaks Data/0C70AE3B597B6C08035FA3591AB20FFD/._Info.plist
.f           Dialogue/Dialogue.fcpbundle/SVWC/Render Files/Peaks Data/0C70AE3B597B6C08035FA3591AB20FFD/Frame 0 - 1023
.f           Dialogue/Dialogue.fcpbundle/SVWC/Render Files/Peaks Data/0C70AE3B597B6C08035FA3591AB20FFD/Info.plist
.d           Dialogue/Dialogue.fcpbundle/SVWC/Render Files/Peaks Data/0DF2F79A2B8598EBCB804620AE68B141/
.f           Dialogue/Dialogue.fcpbundle/SVWC/Render Files/Peaks Data/0DF2F79A2B8598EBCB804620AE68B141/._Frame 0 - 1023
.f           Dialogue/Dialogue.fcpbundle/SVWC/Render Files/Peaks Data/0DF2F79A2B8598EBCB804620AE68B141/._Info.plist
.f           Dialogue/Dialogue.fcpbundle/SVWC/Render Files/Peaks Data/0DF2F79A2B8598EBCB804620AE68B141/Frame 0 - 1023
.f           Dialogue/Dialogue.fcpbundle/SVWC/Render Files/Peaks Data/0DF2F79A2B8598EBCB804620AE68B141/Info.plist
.d           Dialogue/Dialogue.fcpbundle/SVWC/Render Files/Peaks Data/12759E022C15F38D275483A279A84D15/
.f           Dialogue/Dialogue.fcpbundle/SVWC/Render Files/Peaks Data/12759E022C15F38D275483A279A84D15/._Frame 0 - 1023
.f           Dialogue/Dialogue.fcpbundle/SVWC/Render Files/Peaks Data/12759E022C15F38D275483A279A84D15/._Info.plist
.f           Dialogue/Dialogue.fcpbundle/SVWC/Render Files/Peaks Data/12759E022C15F38D275483A279A84D15/Frame 0 - 1023
.f           Dialogue/Dialogue.fcpbundle/SVWC/Render Files/Peaks Data/12759E022C15F38D275483A279A84D15/Info.plist
.d           Dialogue/Dialogue.fcpbundle/SVWC/Render Files/Peaks Data/148F5F44D62081D7220CE2F68FC43876/
.f           Dialogue/Dialogue.fcpbundle/SVWC/Render Files/Peaks Data/148F5F44D62081D7220CE2F68FC43876/._Frame 0 - 1023
.f           Dialogue/Dialogue.fcpbundle/SVWC/Render Files/Peaks Data/148F5F44D62081D7220CE2F68FC43876/._Info.plist
.f           Dialogue/Dialogue.fcpbundle/SVWC/Render Files/Peaks Data/148F5F44D62081D7220CE2F68FC43876/Frame 0 - 1023
.f           Dialogue/Dialogue.fcpbundle/SVWC/Render Files/Peaks Data/148F5F44D62081D7220CE2F68FC43876/Info.plist
.d           Dialogue/Dialogue.fcpbundle/SVWC/Render Files/Peaks Data/1C84C59E4E7F3621AD086CF486ADFAC2/
.f           Dialogue/Dialogue.fcpbundle/SVWC/Render Files/Peaks Data/1C84C59E4E7F3621AD086CF486ADFAC2/._Frame 0 - 1023
.f           Dialogue/Dialogue.fcpbundle/SVWC/Render Files/Peaks Data/1C84C59E4E7F3621AD086CF486ADFAC2/._Info.plist
.f           Dialogue/Dialogue.fcpbundle/SVWC/Render Files/Peaks Data/1C84C59E4E7F3621AD086CF486ADFAC2/Frame 0 - 1023
.f           Dialogue/Dialogue.fcpbundle/SVWC/Render Files/Peaks Data/1C84C59E4E7F3621AD086CF486ADFAC2/Info.plist
.d           Dialogue/Dialogue.fcpbundle/SVWC/Render Files/Peaks Data/2014162A7082588F31287A66417F4B37/
.f           Dialogue/Dialogue.fcpbundle/SVWC/Render Files/Peaks Data/2014162A7082588F31287A66417F4B37/._Frame 0 - 1023
.f           Dialogue/Dialogue.fcpbundle/SVWC/Render Files/Peaks Data/2014162A7082588F31287A66417F4B37/._Info.plist
.f           Dialogue/Dialogue.fcpbundle/SVWC/Render Files/Peaks Data/2014162A7082588F31287A66417F4B37/Frame 0 - 1023
.f           Dialogue/Dialogue.fcpbundle/SVWC/Render Files/Peaks Data/2014162A7082588F31287A66417F4B37/Info.plist
.d           Dialogue/Dialogue.fcpbundle/SVWC/Render Files/Peaks Data/23FCB6ECA646CF067200BB2768CF1B50/
.f           Dialogue/Dialogue.fcpbundle/SVWC/Render Files/Peaks Data/23FCB6ECA646CF067200BB2768CF1B50/._Frame 0 - 1023
.f           Dialogue/Dialogue.fcpbundle/SVWC/Render Files/Peaks Data/23FCB6ECA646CF067200BB2768CF1B50/._Info.plist
.f           Dialogue/Dialogue.fcpbundle/SVWC/Render Files/Peaks Data/23FCB6ECA646CF067200BB2768CF1B50/Frame 0 - 1023
.f           Dialogue/Dialogue.fcpbundle/SVWC/Render Files/Peaks Data/23FCB6ECA646CF067200BB2768CF1B50/Info.plist
.d           Dialogue/Dialogue.fcpbundle/SVWC/Render Files/Peaks Data/25A5565E0C5A4590297901C16FCECB30/
.f           Dialogue/Dialogue.fcpbundle/SVWC/Render Files/Peaks Data/25A5565E0C5A4590297901C16FCECB30/._Frame 0 - 1023
.f           Dialogue/Dialogue.fcpbundle/SVWC/Render Files/Peaks Data/25A5565E0C5A4590297901C16FCECB30/._Info.plist
.f           Dialogue/Dialogue.fcpbundle/SVWC/Render Files/Peaks Data/25A5565E0C5A4590297901C16FCECB30/Frame 0 - 1023
.f           Dialogue/Dialogue.fcpbundle/SVWC/Render Files/Peaks Data/25A5565E0C5A4590297901C16FCECB30/Info.plist
.d           Dialogue/Dialogue.fcpbundle/SVWC/Render Files/Peaks Data/27B559715DBEEBA8B34EC9C91AACFDDC/
.f           Dialogue/Dialogue.fcpbundle/SVWC/Render Files/Peaks Data/27B559715DBEEBA8B34EC9C91AACFDDC/._Frame 0 - 1023
.f           Dialogue/Dialogue.fcpbundle/SVWC/Render Files/Peaks Data/27B559715DBEEBA8B34EC9C91AACFDDC/._Info.plist
.f           Dialogue/Dialogue.fcpbundle/SVWC/Render Files/Peaks Data/27B559715DBEEBA8B34EC9C91AACFDDC/Frame 0 - 1023
.f           Dialogue/Dialogue.fcpbundle/SVWC/Render Files/Peaks Data/27B559715DBEEBA8B34EC9C91AACFDDC/Info.plist
.d           Dialogue/Dialogue.fcpbundle/SVWC/Render Files/Peaks Data/2FC0BDB9BEB3F553021FE037EEA1D2E8/
.f           Dialogue/Dialogue.fcpbundle/SVWC/Render Files/Peaks Data/2FC0BDB9BEB3F553021FE037EEA1D2E8/._Frame 0 - 1023
.f           Dialogue/Dialogue.fcpbundle/SVWC/Render Files/Peaks Data/2FC0BDB9BEB3F553021FE037EEA1D2E8/._Info.plist
.f           Dialogue/Dialogue.fcpbundle/SVWC/Render Files/Peaks Data/2FC0BDB9BEB3F553021FE037EEA1D2E8/Frame 0 - 1023
.f           Dialogue/Dialogue.fcpbundle/SVWC/Render Files/Peaks Data/2FC0BDB9BEB3F553021FE037EEA1D2E8/Info.plist
.d           Dialogue/Dialogue.fcpbundle/SVWC/Render Files/Peaks Data/429D5BF5D378F682EA67A8FE0004A238/
.f           Dialogue/Dialogue.fcpbundle/SVWC/Render Files/Peaks Data/429D5BF5D378F682EA67A8FE0004A238/._Frame 0 - 1023
.f           Dialogue/Dialogue.fcpbundle/SVWC/Render Files/Peaks Data/429D5BF5D378F682EA67A8FE0004A238/._Info.plist
.f           Dialogue/Dialogue.fcpbundle/SVWC/Render Files/Peaks Data/429D5BF5D378F682EA67A8FE0004A238/Frame 0 - 1023
.f           Dialogue/Dialogue.fcpbundle/SVWC/Render Files/Peaks Data/429D5BF5D378F682EA67A8FE0004A238/Info.plist
.d           Dialogue/Dialogue.fcpbundle/SVWC/Render Files/Peaks Data/456393FC2B11934648892766A873F759/
.f           Dialogue/Dialogue.fcpbundle/SVWC/Render Files/Peaks Data/456393FC2B11934648892766A873F759/._Frame 0 - 1023
.f           Dialogue/Dialogue.fcpbundle/SVWC/Render Files/Peaks Data/456393FC2B11934648892766A873F759/._Info.plist
.f           Dialogue/Dialogue.fcpbundle/SVWC/Render Files/Peaks Data/456393FC2B11934648892766A873F759/Frame 0 - 1023
.f           Dialogue/Dialogue.fcpbundle/SVWC/Render Files/Peaks Data/456393FC2B11934648892766A873F759/Info.plist
.d           Dialogue/Dialogue.fcpbundle/SVWC/Render Files/Peaks Data/4D81805253683032969DABD5B2E01C18/
.f           Dialogue/Dialogue.fcpbundle/SVWC/Render Files/Peaks Data/4D81805253683032969DABD5B2E01C18/._Frame 0 - 1023
.f           Dialogue/Dialogue.fcpbundle/SVWC/Render Files/Peaks Data/4D81805253683032969DABD5B2E01C18/._Info.plist
.f           Dialogue/Dialogue.fcpbundle/SVWC/Render Files/Peaks Data/4D81805253683032969DABD5B2E01C18/Frame 0 - 1023
.f           Dialogue/Dialogue.fcpbundle/SVWC/Render Files/Peaks Data/4D81805253683032969DABD5B2E01C18/Info.plist
.d           Dialogue/Dialogue.fcpbundle/SVWC/Render Files/Peaks Data/4E2F108FA768775169DFB22FECB24903/
.f           Dialogue/Dialogue.fcpbundle/SVWC/Render Files/Peaks Data/4E2F108FA768775169DFB22FECB24903/._Frame 0 - 1023
.f           Dialogue/Dialogue.fcpbundle/SVWC/Render Files/Peaks Data/4E2F108FA768775169DFB22FECB24903/._Info.plist
.f           Dialogue/Dialogue.fcpbundle/SVWC/Render Files/Peaks Data/4E2F108FA768775169DFB22FECB24903/Frame 0 - 1023
.f           Dialogue/Dialogue.fcpbundle/SVWC/Render Files/Peaks Data/4E2F108FA768775169DFB22FECB24903/Info.plist
.d           Dialogue/Dialogue.fcpbundle/SVWC/Render Files/Peaks Data/4ED96CF97A5DF66FB257E98CD0607A54/
.f           Dialogue/Dialogue.fcpbundle/SVWC/Render Files/Peaks Data/4ED96CF97A5DF66FB257E98CD0607A54/._Frame 0 - 1023
.f           Dialogue/Dialogue.fcpbundle/SVWC/Render Files/Peaks Data/4ED96CF97A5DF66FB257E98CD0607A54/._Info.plist
.f           Dialogue/Dialogue.fcpbundle/SVWC/Render Files/Peaks Data/4ED96CF97A5DF66FB257E98CD0607A54/Frame 0 - 1023
.f           Dialogue/Dialogue.fcpbundle/SVWC/Render Files/Peaks Data/4ED96CF97A5DF66FB257E98CD0607A54/Info.plist
.d           Dialogue/Dialogue.fcpbundle/SVWC/Render Files/Peaks Data/5506E3CC7E70FBE275FACD9C7DFA4AA0/
.f           Dialogue/Dialogue.fcpbundle/SVWC/Render Files/Peaks Data/5506E3CC7E70FBE275FACD9C7DFA4AA0/._Frame 0 - 1023
.f           Dialogue/Dialogue.fcpbundle/SVWC/Render Files/Peaks Data/5506E3CC7E70FBE275FACD9C7DFA4AA0/._Info.plist
.f           Dialogue/Dialogue.fcpbundle/SVWC/Render Files/Peaks Data/5506E3CC7E70FBE275FACD9C7DFA4AA0/Frame 0 - 1023
.f           Dialogue/Dialogue.fcpbundle/SVWC/Render Files/Peaks Data/5506E3CC7E70FBE275FACD9C7DFA4AA0/Info.plist
.d           Dialogue/Dialogue.fcpbundle/SVWC/Render Files/Peaks Data/559CD10436236C64F9E337CC3F96BF21/
.f           Dialogue/Dialogue.fcpbundle/SVWC/Render Files/Peaks Data/559CD10436236C64F9E337CC3F96BF21/._Frame 0 - 1023
.f           Dialogue/Dialogue.fcpbundle/SVWC/Render Files/Peaks Data/559CD10436236C64F9E337CC3F96BF21/._Info.plist
.f           Dialogue/Dialogue.fcpbundle/SVWC/Render Files/Peaks Data/559CD10436236C64F9E337CC3F96BF21/Frame 0 - 1023
.f           Dialogue/Dialogue.fcpbundle/SVWC/Render Files/Peaks Data/559CD10436236C64F9E337CC3F96BF21/Info.plist
.d           Dialogue/Dialogue.fcpbundle/SVWC/Render Files/Peaks Data/6C4AF42E5D4749AAEDF48E25F1EEC51D/
.f           Dialogue/Dialogue.fcpbundle/SVWC/Render Files/Peaks Data/6C4AF42E5D4749AAEDF48E25F1EEC51D/._Frame 0 - 1023
.f           Dialogue/Dialogue.fcpbundle/SVWC/Render Files/Peaks Data/6C4AF42E5D4749AAEDF48E25F1EEC51D/._Info.plist
.f           Dialogue/Dialogue.fcpbundle/SVWC/Render Files/Peaks Data/6C4AF42E5D4749AAEDF48E25F1EEC51D/Frame 0 - 1023
.f           Dialogue/Dialogue.fcpbundle/SVWC/Render Files/Peaks Data/6C4AF42E5D4749AAEDF48E25F1EEC51D/Info.plist
.d           Dialogue/Dialogue.fcpbundle/SVWC/Render Files/Peaks Data/7118EE74D9948FEABC1E5149DC1DD278/
.f           Dialogue/Dialogue.fcpbundle/SVWC/Render Files/Peaks Data/7118EE74D9948FEABC1E5149DC1DD278/._Frame 0 - 1023
.f           Dialogue/Dialogue.fcpbundle/SVWC/Render Files/Peaks Data/7118EE74D9948FEABC1E5149DC1DD278/._Info.plist
.f           Dialogue/Dialogue.fcpbundle/SVWC/Render Files/Peaks Data/7118EE74D9948FEABC1E5149DC1DD278/Frame 0 - 1023
.f           Dialogue/Dialogue.fcpbundle/SVWC/Render Files/Peaks Data/7118EE74D9948FEABC1E5149DC1DD278/Info.plist
.d           Dialogue/Dialogue.fcpbundle/SVWC/Render Files/Peaks Data/71AE0780C1F72D4D23469BF6EC4625FB/
.f           Dialogue/Dialogue.fcpbundle/SVWC/Render Files/Peaks Data/71AE0780C1F72D4D23469BF6EC4625FB/._Frame 0 - 1023
.f           Dialogue/Dialogue.fcpbundle/SVWC/Render Files/Peaks Data/71AE0780C1F72D4D23469BF6EC4625FB/._Info.plist
.f           Dialogue/Dialogue.fcpbundle/SVWC/Render Files/Peaks Data/71AE0780C1F72D4D23469BF6EC4625FB/Frame 0 - 1023
.f           Dialogue/Dialogue.fcpbundle/SVWC/Render Files/Peaks Data/71AE0780C1F72D4D23469BF6EC4625FB/Info.plist
.d           Dialogue/Dialogue.fcpbundle/SVWC/Render Files/Peaks Data/7757267069277B82B73CCD3F715AEB66/
.f           Dialogue/Dialogue.fcpbundle/SVWC/Render Files/Peaks Data/7757267069277B82B73CCD3F715AEB66/._Frame 0 - 1023
.f           Dialogue/Dialogue.fcpbundle/SVWC/Render Files/Peaks Data/7757267069277B82B73CCD3F715AEB66/._Info.plist
.f           Dialogue/Dialogue.fcpbundle/SVWC/Render Files/Peaks Data/7757267069277B82B73CCD3F715AEB66/Frame 0 - 1023
.f           Dialogue/Dialogue.fcpbundle/SVWC/Render Files/Peaks Data/7757267069277B82B73CCD3F715AEB66/Info.plist
.d           Dialogue/Dialogue.fcpbundle/SVWC/Render Files/Peaks Data/7CDEAA244A6C4D4F78D82ECBF471F7DC/
.f           Dialogue/Dialogue.fcpbundle/SVWC/Render Files/Peaks Data/7CDEAA244A6C4D4F78D82ECBF471F7DC/._Frame 0 - 1023
.f           Dialogue/Dialogue.fcpbundle/SVWC/Render Files/Peaks Data/7CDEAA244A6C4D4F78D82ECBF471F7DC/._Info.plist
.f           Dialogue/Dialogue.fcpbundle/SVWC/Render Files/Peaks Data/7CDEAA244A6C4D4F78D82ECBF471F7DC/Frame 0 - 1023
.f           Dialogue/Dialogue.fcpbundle/SVWC/Render Files/Peaks Data/7CDEAA244A6C4D4F78D82ECBF471F7DC/Info.plist
.d           Dialogue/Dialogue.fcpbundle/SVWC/Render Files/Peaks Data/8A8AB7941026E79D1AC6735A59D84188/
.f           Dialogue/Dialogue.fcpbundle/SVWC/Render Files/Peaks Data/8A8AB7941026E79D1AC6735A59D84188/._Frame 0 - 1023
.f           Dialogue/Dialogue.fcpbundle/SVWC/Render Files/Peaks Data/8A8AB7941026E79D1AC6735A59D84188/._Info.plist
.f           Dialogue/Dialogue.fcpbundle/SVWC/Render Files/Peaks Data/8A8AB7941026E79D1AC6735A59D84188/Frame 0 - 1023
.f           Dialogue/Dialogue.fcpbundle/SVWC/Render Files/Peaks Data/8A8AB7941026E79D1AC6735A59D84188/Info.plist
.d           Dialogue/Dialogue.fcpbundle/SVWC/Render Files/Peaks Data/8D8837980036085CB49FFBC97B5BA270/
.f           Dialogue/Dialogue.fcpbundle/SVWC/Render Files/Peaks Data/8D8837980036085CB49FFBC97B5BA270/._Frame 0 - 1023
.f           Dialogue/Dialogue.fcpbundle/SVWC/Render Files/Peaks Data/8D8837980036085CB49FFBC97B5BA270/._Info.plist
.f           Dialogue/Dialogue.fcpbundle/SVWC/Render Files/Peaks Data/8D8837980036085CB49FFBC97B5BA270/Frame 0 - 1023
.f           Dialogue/Dialogue.fcpbundle/SVWC/Render Files/Peaks Data/8D8837980036085CB49FFBC97B5BA270/Info.plist
.d           Dialogue/Dialogue.fcpbundle/SVWC/Render Files/Peaks Data/8F8983A4C7C889A752A272574FC52868/
.f           Dialogue/Dialogue.fcpbundle/SVWC/Render Files/Peaks Data/8F8983A4C7C889A752A272574FC52868/._Frame 0 - 1023
.f           Dialogue/Dialogue.fcpbundle/SVWC/Render Files/Peaks Data/8F8983A4C7C889A752A272574FC52868/._Info.plist
.f           Dialogue/Dialogue.fcpbundle/SVWC/Render Files/Peaks Data/8F8983A4C7C889A752A272574FC52868/Frame 0 - 1023
.f           Dialogue/Dialogue.fcpbundle/SVWC/Render Files/Peaks Data/8F8983A4C7C889A752A272574FC52868/Info.plist
.d           Dialogue/Dialogue.fcpbundle/SVWC/Render Files/Peaks Data/920DCA4E3C0856C3D4EFDB757DA68D6F/
.f           Dialogue/Dialogue.fcpbundle/SVWC/Render Files/Peaks Data/920DCA4E3C0856C3D4EFDB757DA68D6F/._Frame 0 - 1023
.f           Dialogue/Dialogue.fcpbundle/SVWC/Render Files/Peaks Data/920DCA4E3C0856C3D4EFDB757DA68D6F/._Info.plist
.f           Dialogue/Dialogue.fcpbundle/SVWC/Render Files/Peaks Data/920DCA4E3C0856C3D4EFDB757DA68D6F/Frame 0 - 1023
.f           Dialogue/Dialogue.fcpbundle/SVWC/Render Files/Peaks Data/920DCA4E3C0856C3D4EFDB757DA68D6F/Info.plist
.d           Dialogue/Dialogue.fcpbundle/SVWC/Render Files/Peaks Data/9DE7D9436CCBC8F5B3B3A7857DEE21F4/
.f           Dialogue/Dialogue.fcpbundle/SVWC/Render Files/Peaks Data/9DE7D9436CCBC8F5B3B3A7857DEE21F4/._Frame 0 - 1023
.f           Dialogue/Dialogue.fcpbundle/SVWC/Render Files/Peaks Data/9DE7D9436CCBC8F5B3B3A7857DEE21F4/._Info.plist
.f           Dialogue/Dialogue.fcpbundle/SVWC/Render Files/Peaks Data/9DE7D9436CCBC8F5B3B3A7857DEE21F4/Frame 0 - 1023
.f           Dialogue/Dialogue.fcpbundle/SVWC/Render Files/Peaks Data/9DE7D9436CCBC8F5B3B3A7857DEE21F4/Info.plist
.d           Dialogue/Dialogue.fcpbundle/SVWC/Render Files/Peaks Data/A0C769185C5B7DBA116B5253FDF2FAA7/
.f           Dialogue/Dialogue.fcpbundle/SVWC/Render Files/Peaks Data/A0C769185C5B7DBA116B5253FDF2FAA7/._Frame 0 - 1023
.f           Dialogue/Dialogue.fcpbundle/SVWC/Render Files/Peaks Data/A0C769185C5B7DBA116B5253FDF2FAA7/._Info.plist
.f           Dialogue/Dialogue.fcpbundle/SVWC/Render Files/Peaks Data/A0C769185C5B7DBA116B5253FDF2FAA7/Frame 0 - 1023
.f           Dialogue/Dialogue.fcpbundle/SVWC/Render Files/Peaks Data/A0C769185C5B7DBA116B5253FDF2FAA7/Info.plist
.d           Dialogue/Dialogue.fcpbundle/SVWC/Render Files/Peaks Data/A2B51CD5FF6D2E5967ED4C252E84F8A4/
.f           Dialogue/Dialogue.fcpbundle/SVWC/Render Files/Peaks Data/A2B51CD5FF6D2E5967ED4C252E84F8A4/._Frame 0 - 1023
.f           Dialogue/Dialogue.fcpbundle/SVWC/Render Files/Peaks Data/A2B51CD5FF6D2E5967ED4C252E84F8A4/._Info.plist
.f           Dialogue/Dialogue.fcpbundle/SVWC/Render Files/Peaks Data/A2B51CD5FF6D2E5967ED4C252E84F8A4/Frame 0 - 1023
.f           Dialogue/Dialogue.fcpbundle/SVWC/Render Files/Peaks Data/A2B51CD5FF6D2E5967ED4C252E84F8A4/Info.plist
.d           Dialogue/Dialogue.fcpbundle/SVWC/Render Files/Peaks Data/AEDA7A42AAD1BE2A131C791AE1068DDF/
.f           Dialogue/Dialogue.fcpbundle/SVWC/Render Files/Peaks Data/AEDA7A42AAD1BE2A131C791AE1068DDF/._Frame 0 - 1023
.f           Dialogue/Dialogue.fcpbundle/SVWC/Render Files/Peaks Data/AEDA7A42AAD1BE2A131C791AE1068DDF/._Info.plist
.f           Dialogue/Dialogue.fcpbundle/SVWC/Render Files/Peaks Data/AEDA7A42AAD1BE2A131C791AE1068DDF/Frame 0 - 1023
.f           Dialogue/Dialogue.fcpbundle/SVWC/Render Files/Peaks Data/AEDA7A42AAD1BE2A131C791AE1068DDF/Info.plist
.d           Dialogue/Dialogue.fcpbundle/SVWC/Render Files/Peaks Data/AF3FE1737AF1A0341F3CC0A019F31D59/
.f           Dialogue/Dialogue.fcpbundle/SVWC/Render Files/Peaks Data/AF3FE1737AF1A0341F3CC0A019F31D59/._Frame 0 - 1023
.f           Dialogue/Dialogue.fcpbundle/SVWC/Render Files/Peaks Data/AF3FE1737AF1A0341F3CC0A019F31D59/._Info.plist
.f           Dialogue/Dialogue.fcpbundle/SVWC/Render Files/Peaks Data/AF3FE1737AF1A0341F3CC0A019F31D59/Frame 0 - 1023
.f           Dialogue/Dialogue.fcpbundle/SVWC/Render Files/Peaks Data/AF3FE1737AF1A0341F3CC0A019F31D59/Info.plist
.d           Dialogue/Dialogue.fcpbundle/SVWC/Render Files/Peaks Data/B4D25298B57F89C4CEB8695BFFE5A8CB/
.f           Dialogue/Dialogue.fcpbundle/SVWC/Render Files/Peaks Data/B4D25298B57F89C4CEB8695BFFE5A8CB/._Frame 0 - 1023
.f           Dialogue/Dialogue.fcpbundle/SVWC/Render Files/Peaks Data/B4D25298B57F89C4CEB8695BFFE5A8CB/._Info.plist
.f           Dialogue/Dialogue.fcpbundle/SVWC/Render Files/Peaks Data/B4D25298B57F89C4CEB8695BFFE5A8CB/Frame 0 - 1023
.f           Dialogue/Dialogue.fcpbundle/SVWC/Render Files/Peaks Data/B4D25298B57F89C4CEB8695BFFE5A8CB/Info.plist
.d           Dialogue/Dialogue.fcpbundle/SVWC/Render Files/Peaks Data/B84A4651D94E901A5227409AB7302B4D/
.f           Dialogue/Dialogue.fcpbundle/SVWC/Render Files/Peaks Data/B84A4651D94E901A5227409AB7302B4D/._Frame 0 - 1023
.f           Dialogue/Dialogue.fcpbundle/SVWC/Render Files/Peaks Data/B84A4651D94E901A5227409AB7302B4D/._Info.plist
.f           Dialogue/Dialogue.fcpbundle/SVWC/Render Files/Peaks Data/B84A4651D94E901A5227409AB7302B4D/Frame 0 - 1023
.f           Dialogue/Dialogue.fcpbundle/SVWC/Render Files/Peaks Data/B84A4651D94E901A5227409AB7302B4D/Info.plist
.d           Dialogue/Dialogue.fcpbundle/SVWC/Render Files/Peaks Data/BE0A01DC01858259AF32161E8E526CEC/
.f           Dialogue/Dialogue.fcpbundle/SVWC/Render Files/Peaks Data/BE0A01DC01858259AF32161E8E526CEC/._Frame 0 - 1023
.f           Dialogue/Dialogue.fcpbundle/SVWC/Render Files/Peaks Data/BE0A01DC01858259AF32161E8E526CEC/._Info.plist
.f           Dialogue/Dialogue.fcpbundle/SVWC/Render Files/Peaks Data/BE0A01DC01858259AF32161E8E526CEC/Frame 0 - 1023
.f           Dialogue/Dialogue.fcpbundle/SVWC/Render Files/Peaks Data/BE0A01DC01858259AF32161E8E526CEC/Info.plist
.d           Dialogue/Dialogue.fcpbundle/SVWC/Render Files/Peaks Data/C2A3735F1C4EA455685661C97DE134EA/
.f           Dialogue/Dialogue.fcpbundle/SVWC/Render Files/Peaks Data/C2A3735F1C4EA455685661C97DE134EA/._Frame 0 - 1023
.f           Dialogue/Dialogue.fcpbundle/SVWC/Render Files/Peaks Data/C2A3735F1C4EA455685661C97DE134EA/._Info.plist
.f           Dialogue/Dialogue.fcpbundle/SVWC/Render Files/Peaks Data/C2A3735F1C4EA455685661C97DE134EA/Frame 0 - 1023
.f           Dialogue/Dialogue.fcpbundle/SVWC/Render Files/Peaks Data/C2A3735F1C4EA455685661C97DE134EA/Info.plist
.d           Dialogue/Dialogue.fcpbundle/SVWC/Render Files/Peaks Data/C70105D084C545396A83DD4BF05741C5/
.f           Dialogue/Dialogue.fcpbundle/SVWC/Render Files/Peaks Data/C70105D084C545396A83DD4BF05741C5/._Frame 0 - 1023
.f           Dialogue/Dialogue.fcpbundle/SVWC/Render Files/Peaks Data/C70105D084C545396A83DD4BF05741C5/._Info.plist
.f           Dialogue/Dialogue.fcpbundle/SVWC/Render Files/Peaks Data/C70105D084C545396A83DD4BF05741C5/Frame 0 - 1023
.f           Dialogue/Dialogue.fcpbundle/SVWC/Render Files/Peaks Data/C70105D084C545396A83DD4BF05741C5/Info.plist
.d           Dialogue/Dialogue.fcpbundle/SVWC/Render Files/Peaks Data/CB427833EF393BAB6ADE061BA5926E2D/
.f           Dialogue/Dialogue.fcpbundle/SVWC/Render Files/Peaks Data/CB427833EF393BAB6ADE061BA5926E2D/._Frame 0 - 1023
.f           Dialogue/Dialogue.fcpbundle/SVWC/Render Files/Peaks Data/CB427833EF393BAB6ADE061BA5926E2D/._Info.plist
.f           Dialogue/Dialogue.fcpbundle/SVWC/Render Files/Peaks Data/CB427833EF393BAB6ADE061BA5926E2D/Frame 0 - 1023
.f           Dialogue/Dialogue.fcpbundle/SVWC/Render Files/Peaks Data/CB427833EF393BAB6ADE061BA5926E2D/Info.plist
.d           Dialogue/Dialogue.fcpbundle/SVWC/Render Files/Peaks Data/CEA3CE68FD9D6D7A55C4C7425E29B3B9/
.f           Dialogue/Dialogue.fcpbundle/SVWC/Render Files/Peaks Data/CEA3CE68FD9D6D7A55C4C7425E29B3B9/._Frame 0 - 1023
.f           Dialogue/Dialogue.fcpbundle/SVWC/Render Files/Peaks Data/CEA3CE68FD9D6D7A55C4C7425E29B3B9/._Info.plist
.f           Dialogue/Dialogue.fcpbundle/SVWC/Render Files/Peaks Data/CEA3CE68FD9D6D7A55C4C7425E29B3B9/Frame 0 - 1023
.f           Dialogue/Dialogue.fcpbundle/SVWC/Render Files/Peaks Data/CEA3CE68FD9D6D7A55C4C7425E29B3B9/Info.plist
.d           Dialogue/Dialogue.fcpbundle/SVWC/Render Files/Peaks Data/D0D462BEA1EF6513FDC6531769377B70/
.f           Dialogue/Dialogue.fcpbundle/SVWC/Render Files/Peaks Data/D0D462BEA1EF6513FDC6531769377B70/._Frame 0 - 1023
.f           Dialogue/Dialogue.fcpbundle/SVWC/Render Files/Peaks Data/D0D462BEA1EF6513FDC6531769377B70/._Info.plist
.f           Dialogue/Dialogue.fcpbundle/SVWC/Render Files/Peaks Data/D0D462BEA1EF6513FDC6531769377B70/Frame 0 - 1023
.f           Dialogue/Dialogue.fcpbundle/SVWC/Render Files/Peaks Data/D0D462BEA1EF6513FDC6531769377B70/Info.plist
.d           Dialogue/Dialogue.fcpbundle/SVWC/Render Files/Peaks Data/D4A09270FD09D0312E0A9C66E9655214/
.f           Dialogue/Dialogue.fcpbundle/SVWC/Render Files/Peaks Data/D4A09270FD09D0312E0A9C66E9655214/._Frame 0 - 1023
.f           Dialogue/Dialogue.fcpbundle/SVWC/Render Files/Peaks Data/D4A09270FD09D0312E0A9C66E9655214/._Info.plist
.f           Dialogue/Dialogue.fcpbundle/SVWC/Render Files/Peaks Data/D4A09270FD09D0312E0A9C66E9655214/Frame 0 - 1023
.f           Dialogue/Dialogue.fcpbundle/SVWC/Render Files/Peaks Data/D4A09270FD09D0312E0A9C66E9655214/Info.plist
.d           Dialogue/Dialogue.fcpbundle/SVWC/Render Files/Peaks Data/D5DD734067B6C634C5D1CC6AFE57CB6C/
.f           Dialogue/Dialogue.fcpbundle/SVWC/Render Files/Peaks Data/D5DD734067B6C634C5D1CC6AFE57CB6C/._Frame 0 - 1023
.f           Dialogue/Dialogue.fcpbundle/SVWC/Render Files/Peaks Data/D5DD734067B6C634C5D1CC6AFE57CB6C/._Info.plist
.f           Dialogue/Dialogue.fcpbundle/SVWC/Render Files/Peaks Data/D5DD734067B6C634C5D1CC6AFE57CB6C/Frame 0 - 1023
.f           Dialogue/Dialogue.fcpbundle/SVWC/Render Files/Peaks Data/D5DD734067B6C634C5D1CC6AFE57CB6C/Info.plist
.d           Dialogue/Dialogue.fcpbundle/SVWC/Render Files/Peaks Data/DA6613F550D85567F0550734D39E8215/
.f           Dialogue/Dialogue.fcpbundle/SVWC/Render Files/Peaks Data/DA6613F550D85567F0550734D39E8215/._Frame 0 - 1023
.f           Dialogue/Dialogue.fcpbundle/SVWC/Render Files/Peaks Data/DA6613F550D85567F0550734D39E8215/._Info.plist
.f           Dialogue/Dialogue.fcpbundle/SVWC/Render Files/Peaks Data/DA6613F550D85567F0550734D39E8215/Frame 0 - 1023
.f           Dialogue/Dialogue.fcpbundle/SVWC/Render Files/Peaks Data/DA6613F550D85567F0550734D39E8215/Info.plist
.d           Dialogue/Dialogue.fcpbundle/SVWC/Render Files/Peaks Data/FEA73DF8C2CDE7AEC1B1DC0C74A9EFB0/
.f           Dialogue/Dialogue.fcpbundle/SVWC/Render Files/Peaks Data/FEA73DF8C2CDE7AEC1B1DC0C74A9EFB0/._Frame 0 - 1023
.f           Dialogue/Dialogue.fcpbundle/SVWC/Render Files/Peaks Data/FEA73DF8C2CDE7AEC1B1DC0C74A9EFB0/._Info.plist
.f           Dialogue/Dialogue.fcpbundle/SVWC/Render Files/Peaks Data/FEA73DF8C2CDE7AEC1B1DC0C74A9EFB0/Frame 0 - 1023
.f           Dialogue/Dialogue.fcpbundle/SVWC/Render Files/Peaks Data/FEA73DF8C2CDE7AEC1B1DC0C74A9EFB0/Info.plist
.d           Dialogue/Dialogue.fcpbundle/SVWC/Render Files/Thumbnail Media/
.f           Dialogue/Dialogue.fcpbundle/SVWC/Render Files/Thumbnail Media/._11FB4C7A03024EA2B94DE98FF2A3ECE5
.f           Dialogue/Dialogue.fcpbundle/SVWC/Render Files/Thumbnail Media/._1EF3D819B9E75FE4CC82ED7D61097BFC
.f           Dialogue/Dialogue.fcpbundle/SVWC/Render Files/Thumbnail Media/._42E584FE6153AC4332A0CDD0F1CCEB29
.f           Dialogue/Dialogue.fcpbundle/SVWC/Render Files/Thumbnail Media/._4739F04E92894003B4B201FDCD232D8E
.f           Dialogue/Dialogue.fcpbundle/SVWC/Render Files/Thumbnail Media/._52C2E7822F18A89FD56196FA9B104CA3
.f           Dialogue/Dialogue.fcpbundle/SVWC/Render Files/Thumbnail Media/._AE6AD77557C5222B5C342C56F4ECA4DB
.f           Dialogue/Dialogue.fcpbundle/SVWC/Render Files/Thumbnail Media/._BD7F74DD70F82D047663B80554FCBEF3
.f           Dialogue/Dialogue.fcpbundle/SVWC/Render Files/Thumbnail Media/._C563F3659711456B6876F6305AFB5214
.f           Dialogue/Dialogue.fcpbundle/SVWC/Render Files/Thumbnail Media/._F6169EF6DDA818581D7AC8284BE764C4
.d           Dialogue/Dialogue.fcpbundle/SVWC/Render Files/Thumbnail Media/11FB4C7A03024EA2B94DE98FF2A3ECE5/
.f           Dialogue/Dialogue.fcpbundle/SVWC/Render Files/Thumbnail Media/11FB4C7A03024EA2B94DE98FF2A3ECE5/._Frame 0 - 1023
.f           Dialogue/Dialogue.fcpbundle/SVWC/Render Files/Thumbnail Media/11FB4C7A03024EA2B94DE98FF2A3ECE5/._Info.plist
.f           Dialogue/Dialogue.fcpbundle/SVWC/Render Files/Thumbnail Media/11FB4C7A03024EA2B94DE98FF2A3ECE5/Frame 0 - 1023
.f           Dialogue/Dialogue.fcpbundle/SVWC/Render Files/Thumbnail Media/11FB4C7A03024EA2B94DE98FF2A3ECE5/Info.plist
.d           Dialogue/Dialogue.fcpbundle/SVWC/Render Files/Thumbnail Media/1EF3D819B9E75FE4CC82ED7D61097BFC/
.f           Dialogue/Dialogue.fcpbundle/SVWC/Render Files/Thumbnail Media/1EF3D819B9E75FE4CC82ED7D61097BFC/._Frame 0 - 1023
.f           Dialogue/Dialogue.fcpbundle/SVWC/Render Files/Thumbnail Media/1EF3D819B9E75FE4CC82ED7D61097BFC/._Info.plist
.f           Dialogue/Dialogue.fcpbundle/SVWC/Render Files/Thumbnail Media/1EF3D819B9E75FE4CC82ED7D61097BFC/Frame 0 - 1023
.f           Dialogue/Dialogue.fcpbundle/SVWC/Render Files/Thumbnail Media/1EF3D819B9E75FE4CC82ED7D61097BFC/Info.plist
.d           Dialogue/Dialogue.fcpbundle/SVWC/Render Files/Thumbnail Media/42E584FE6153AC4332A0CDD0F1CCEB29/
.f           Dialogue/Dialogue.fcpbundle/SVWC/Render Files/Thumbnail Media/42E584FE6153AC4332A0CDD0F1CCEB29/._Frame 86016 - 87039
.f           Dialogue/Dialogue.fcpbundle/SVWC/Render Files/Thumbnail Media/42E584FE6153AC4332A0CDD0F1CCEB29/._Info.plist
.f           Dialogue/Dialogue.fcpbundle/SVWC/Render Files/Thumbnail Media/42E584FE6153AC4332A0CDD0F1CCEB29/Frame 86016 - 87039
.f           Dialogue/Dialogue.fcpbundle/SVWC/Render Files/Thumbnail Media/42E584FE6153AC4332A0CDD0F1CCEB29/Info.plist
.d           Dialogue/Dialogue.fcpbundle/SVWC/Render Files/Thumbnail Media/4739F04E92894003B4B201FDCD232D8E/
.f           Dialogue/Dialogue.fcpbundle/SVWC/Render Files/Thumbnail Media/4739F04E92894003B4B201FDCD232D8E/._Frame 0 - 1023
.f           Dialogue/Dialogue.fcpbundle/SVWC/Render Files/Thumbnail Media/4739F04E92894003B4B201FDCD232D8E/._Info.plist
.f           Dialogue/Dialogue.fcpbundle/SVWC/Render Files/Thumbnail Media/4739F04E92894003B4B201FDCD232D8E/Frame 0 - 1023
.f           Dialogue/Dialogue.fcpbundle/SVWC/Render Files/Thumbnail Media/4739F04E92894003B4B201FDCD232D8E/Info.plist
.d           Dialogue/Dialogue.fcpbundle/SVWC/Render Files/Thumbnail Media/52C2E7822F18A89FD56196FA9B104CA3/
.f           Dialogue/Dialogue.fcpbundle/SVWC/Render Files/Thumbnail Media/52C2E7822F18A89FD56196FA9B104CA3/._Frame 86016 - 87039
.f           Dialogue/Dialogue.fcpbundle/SVWC/Render Files/Thumbnail Media/52C2E7822F18A89FD56196FA9B104CA3/._Info.plist
.f           Dialogue/Dialogue.fcpbundle/SVWC/Render Files/Thumbnail Media/52C2E7822F18A89FD56196FA9B104CA3/Frame 86016 - 87039
.f           Dialogue/Dialogue.fcpbundle/SVWC/Render Files/Thumbnail Media/52C2E7822F18A89FD56196FA9B104CA3/Info.plist
.d           Dialogue/Dialogue.fcpbundle/SVWC/Render Files/Thumbnail Media/AE6AD77557C5222B5C342C56F4ECA4DB/
.f           Dialogue/Dialogue.fcpbundle/SVWC/Render Files/Thumbnail Media/AE6AD77557C5222B5C342C56F4ECA4DB/._Frame 86016 - 87039
.f           Dialogue/Dialogue.fcpbundle/SVWC/Render Files/Thumbnail Media/AE6AD77557C5222B5C342C56F4ECA4DB/._Info.plist
.f           Dialogue/Dialogue.fcpbundle/SVWC/Render Files/Thumbnail Media/AE6AD77557C5222B5C342C56F4ECA4DB/Frame 86016 - 87039
.f           Dialogue/Dialogue.fcpbundle/SVWC/Render Files/Thumbnail Media/AE6AD77557C5222B5C342C56F4ECA4DB/Info.plist
.d           Dialogue/Dialogue.fcpbundle/SVWC/Render Files/Thumbnail Media/BD7F74DD70F82D047663B80554FCBEF3/
.f           Dialogue/Dialogue.fcpbundle/SVWC/Render Files/Thumbnail Media/BD7F74DD70F82D047663B80554FCBEF3/._Frame 0 - 1023
.f           Dialogue/Dialogue.fcpbundle/SVWC/Render Files/Thumbnail Media/BD7F74DD70F82D047663B80554FCBEF3/._Info.plist
.f           Dialogue/Dialogue.fcpbundle/SVWC/Render Files/Thumbnail Media/BD7F74DD70F82D047663B80554FCBEF3/Frame 0 - 1023
.f           Dialogue/Dialogue.fcpbundle/SVWC/Render Files/Thumbnail Media/BD7F74DD70F82D047663B80554FCBEF3/Info.plist
.d           Dialogue/Dialogue.fcpbundle/SVWC/Render Files/Thumbnail Media/C563F3659711456B6876F6305AFB5214/
.f           Dialogue/Dialogue.fcpbundle/SVWC/Render Files/Thumbnail Media/C563F3659711456B6876F6305AFB5214/._Frame 0 - 1023
.f           Dialogue/Dialogue.fcpbundle/SVWC/Render Files/Thumbnail Media/C563F3659711456B6876F6305AFB5214/._Info.plist
.f           Dialogue/Dialogue.fcpbundle/SVWC/Render Files/Thumbnail Media/C563F3659711456B6876F6305AFB5214/Frame 0 - 1023
.f           Dialogue/Dialogue.fcpbundle/SVWC/Render Files/Thumbnail Media/C563F3659711456B6876F6305AFB5214/Info.plist
.d           Dialogue/Dialogue.fcpbundle/SVWC/Render Files/Thumbnail Media/F6169EF6DDA818581D7AC8284BE764C4/
.f           Dialogue/Dialogue.fcpbundle/SVWC/Render Files/Thumbnail Media/F6169EF6DDA818581D7AC8284BE764C4/._Frame 86016 - 87039
.f           Dialogue/Dialogue.fcpbundle/SVWC/Render Files/Thumbnail Media/F6169EF6DDA818581D7AC8284BE764C4/._Info.plist
.f           Dialogue/Dialogue.fcpbundle/SVWC/Render Files/Thumbnail Media/F6169EF6DDA818581D7AC8284BE764C4/Frame 86016 - 87039
.f           Dialogue/Dialogue.fcpbundle/SVWC/Render Files/Thumbnail Media/F6169EF6DDA818581D7AC8284BE764C4/Info.plist
.d           Dialogue/Dialogue.fcpbundle/SVWC/Shared Items/
.f           Dialogue/Dialogue.fcpbundle/SVWC/Shared Items/._M0TV95DKQyiTZxayO9foXw
.f           Dialogue/Dialogue.fcpbundle/SVWC/Shared Items/._ZxSIeurMRZ2-X7tFHQib+g
.f           Dialogue/Dialogue.fcpbundle/SVWC/Shared Items/._gJtuIYYGSZyd1gKkRBhdjg
.d           Dialogue/Dialogue.fcpbundle/SVWC/Shared Items/M0TV95DKQyiTZxayO9foXw/
.f           Dialogue/Dialogue.fcpbundle/SVWC/Shared Items/M0TV95DKQyiTZxayO9foXw/._ShareStatus.plist
.f           Dialogue/Dialogue.fcpbundle/SVWC/Shared Items/M0TV95DKQyiTZxayO9foXw/ShareStatus.plist
.d           Dialogue/Dialogue.fcpbundle/SVWC/Shared Items/ZxSIeurMRZ2-X7tFHQib+g/
.f           Dialogue/Dialogue.fcpbundle/SVWC/Shared Items/ZxSIeurMRZ2-X7tFHQib+g/._ShareStatus.plist
.f           Dialogue/Dialogue.fcpbundle/SVWC/Shared Items/ZxSIeurMRZ2-X7tFHQib+g/ShareStatus.plist
.d           Dialogue/Dialogue.fcpbundle/SVWC/Shared Items/gJtuIYYGSZyd1gKkRBhdjg/
.f           Dialogue/Dialogue.fcpbundle/SVWC/Shared Items/gJtuIYYGSZyd1gKkRBhdjg/._ShareStatus.plist
.f           Dialogue/Dialogue.fcpbundle/SVWC/Shared Items/gJtuIYYGSZyd1gKkRBhdjg/ShareStatus.plist
.d           Dialogue/Dialogue.fcpbundle/SVWC/Welcome/
.f           Dialogue/Dialogue.fcpbundle/SVWC/Welcome/._CurrentVersion.fcpevent
.f           Dialogue/Dialogue.fcpbundle/SVWC/Welcome/CurrentVersion.fcpevent
.d           Dialogue/Dialogue.fcpbundle/SVWC/Year tags/
.f           Dialogue/Dialogue.fcpbundle/SVWC/Year tags/._CurrentVersion.fcpevent
.f           Dialogue/Dialogue.fcpbundle/SVWC/Year tags/CurrentVersion.fcpevent
.d           Dialogue/Dialogue.fcpbundle/__Temp/
.d           Dialogue/audio/
.f           Dialogue/audio/._24 Track 24 - 2mins 30 secs.wav
.f           Dialogue/audio/._Adobe Premiere Pro Auto-Save
.f           Dialogue/audio/._Dialogue-Podcast.prproj
.f           Dialogue/audio/._FINAL
.f           Dialogue/audio/._original audio
.f           Dialogue/audio/24 Track 24 - 2mins 30 secs.wav
.f           Dialogue/audio/Dialogue-Podcast.prproj
.d           Dialogue/audio/Adobe Premiere Pro Auto-Save/
.f           Dialogue/audio/Adobe Premiere Pro Auto-Save/._Dialogue-Podcast-2020-12-28_09-53-27.prproj
.f           Dialogue/audio/Adobe Premiere Pro Auto-Save/._Dialogue-Podcast-2020-12-28_10-09-13.prproj
.f           Dialogue/audio/Adobe Premiere Pro Auto-Save/._Dialogue-Podcast-2020-12-28_10-26-08.prproj
.f           Dialogue/audio/Adobe Premiere Pro Auto-Save/._Dialogue-Podcast-2021-01-31_16-40-14.prproj
.f           Dialogue/audio/Adobe Premiere Pro Auto-Save/._Dialogue-Podcast-2021-01-31_16-55-06.prproj
.f           Dialogue/audio/Adobe Premiere Pro Auto-Save/._Dialogue-Podcast-2021-01-31_17-11-38.prproj
.f           Dialogue/audio/Adobe Premiere Pro Auto-Save/._Dialogue-Podcast-2021-01-31_17-25-32.prproj
.f           Dialogue/audio/Adobe Premiere Pro Auto-Save/._Dialogue-Podcast-2021-01-31_17-41-28.prproj
.f           Dialogue/audio/Adobe Premiere Pro Auto-Save/._Dialogue-Podcast-2021-01-31_17-58-17.prproj
.f           Dialogue/audio/Adobe Premiere Pro Auto-Save/._Dialogue-Podcast-2021-01-31_18-14-44.prproj
.f           Dialogue/audio/Adobe Premiere Pro Auto-Save/._Dialogue-Podcast-2021-02-28_00-27-13.prproj
.f           Dialogue/audio/Adobe Premiere Pro Auto-Save/._Dialogue-Podcast-2021-02-28_00-44-48.prproj
.f           Dialogue/audio/Adobe Premiere Pro Auto-Save/._Dialogue-Podcast-2021-02-28_01-29-27.prproj
.f           Dialogue/audio/Adobe Premiere Pro Auto-Save/._Dialogue-Podcast-2021-03-30_14-26-57.prproj
.f           Dialogue/audio/Adobe Premiere Pro Auto-Save/._Dialogue-Podcast-2021-03-30_15-02-51.prproj
.f           Dialogue/audio/Adobe Premiere Pro Auto-Save/._Dialogue-Podcast-2021-03-30_15-20-01.prproj
.f           Dialogue/audio/Adobe Premiere Pro Auto-Save/._Dialogue-Podcast-2021-03-30_15-35-51.prproj
.f           Dialogue/audio/Adobe Premiere Pro Auto-Save/._Dialogue-Podcast-2021-03-30_16-42-45.prproj
.f           Dialogue/audio/Adobe Premiere Pro Auto-Save/._Dialogue-Podcast-2021-03-30_17-11-54.prproj
.f           Dialogue/audio/Adobe Premiere Pro Auto-Save/._Dialogue-Podcast-2021-03-30_17-32-07.prproj
.f           Dialogue/audio/Adobe Premiere Pro Auto-Save/._Dialogue-Podcast.prproj
.f           Dialogue/audio/Adobe Premiere Pro Auto-Save/Dialogue-Podcast-2020-12-28_09-53-27.prproj
.f           Dialogue/audio/Adobe Premiere Pro Auto-Save/Dialogue-Podcast-2020-12-28_10-09-13.prproj
.f           Dialogue/audio/Adobe Premiere Pro Auto-Save/Dialogue-Podcast-2020-12-28_10-26-08.prproj
.f           Dialogue/audio/Adobe Premiere Pro Auto-Save/Dialogue-Podcast-2021-01-31_16-40-14.prproj
.f           Dialogue/audio/Adobe Premiere Pro Auto-Save/Dialogue-Podcast-2021-01-31_16-55-06.prproj
.f           Dialogue/audio/Adobe Premiere Pro Auto-Save/Dialogue-Podcast-2021-01-31_17-11-38.prproj
.f           Dialogue/audio/Adobe Premiere Pro Auto-Save/Dialogue-Podcast-2021-01-31_17-25-32.prproj
.f           Dialogue/audio/Adobe Premiere Pro Auto-Save/Dialogue-Podcast-2021-01-31_17-41-28.prproj
.f           Dialogue/audio/Adobe Premiere Pro Auto-Save/Dialogue-Podcast-2021-01-31_17-58-17.prproj
.f           Dialogue/audio/Adobe Premiere Pro Auto-Save/Dialogue-Podcast-2021-01-31_18-14-44.prproj
.f           Dialogue/audio/Adobe Premiere Pro Auto-Save/Dialogue-Podcast-2021-02-28_00-27-13.prproj
.f           Dialogue/audio/Adobe Premiere Pro Auto-Save/Dialogue-Podcast-2021-02-28_00-44-48.prproj
.f           Dialogue/audio/Adobe Premiere Pro Auto-Save/Dialogue-Podcast-2021-02-28_01-29-27.prproj
.f           Dialogue/audio/Adobe Premiere Pro Auto-Save/Dialogue-Podcast-2021-03-30_14-26-57.prproj
.f           Dialogue/audio/Adobe Premiere Pro Auto-Save/Dialogue-Podcast-2021-03-30_15-02-51.prproj
.f           Dialogue/audio/Adobe Premiere Pro Auto-Save/Dialogue-Podcast-2021-03-30_15-20-01.prproj
.f           Dialogue/audio/Adobe Premiere Pro Auto-Save/Dialogue-Podcast-2021-03-30_15-35-51.prproj
.f           Dialogue/audio/Adobe Premiere Pro Auto-Save/Dialogue-Podcast-2021-03-30_16-42-45.prproj
.f           Dialogue/audio/Adobe Premiere Pro Auto-Save/Dialogue-Podcast-2021-03-30_17-11-54.prproj
.f           Dialogue/audio/Adobe Premiere Pro Auto-Save/Dialogue-Podcast-2021-03-30_17-32-07.prproj
.f           Dialogue/audio/Adobe Premiere Pro Auto-Save/Dialogue-Podcast.prproj
.d           Dialogue/audio/FINAL/
.f           Dialogue/audio/FINAL/._Dialogue_00_Welcome.mp3
.f           Dialogue/audio/FINAL/._Dialogue_01_Keneally.mp3
.f           Dialogue/audio/FINAL/._Dialogue_02_MacNeil.mp3
.f           Dialogue/audio/FINAL/._Dialogue_03_Macaulay.mp3
.f           Dialogue/audio/FINAL/._Dialogue_04_Dumas.mp3
.f           Dialogue/audio/FINAL/._Dialogue_05_Cahill.mp3
.f           Dialogue/audio/FINAL/._Dialogue_06_Kayyem.mp3
.f           Dialogue/audio/FINAL/._Dialogue_07_Goodwin.mp3
.f           Dialogue/audio/FINAL/._Dialogue_08_Johnson.mp3
.f           Dialogue/audio/FINAL/._Dialogue_09_Breyer.mp3
.f           Dialogue/audio/FINAL/._Dialogue_10_Lewis.mp3
.f           Dialogue/audio/FINAL/._Dialogue_11_Packer.mp3
.f           Dialogue/audio/FINAL/._Dialogue_12_Hockenberry.mp3
.f           Dialogue/audio/FINAL/._Dialogue_13_Tharoor.mp3
.f           Dialogue/audio/FINAL/._Dialogue_14_Watters.mp3
.f           Dialogue/audio/FINAL/._Dialogue_15_Morgenson.mp3
.f           Dialogue/audio/FINAL/._Dialogue_16_Gordon-Reed.mp3
.f           Dialogue/audio/FINAL/._Dialogue_17_Verghese.mp3
.f           Dialogue/audio/FINAL/._Dialogue_18_Gourevitch.mp3
.f           Dialogue/audio/FINAL/._Dialogue_19_Beah.mp3
.f           Dialogue/audio/FINAL/._Dialogue_20_Iyer.mp3
.f           Dialogue/audio/FINAL/._Dialogue_21_Talbott.mp3
.f           Dialogue/audio/FINAL/._Dialogue_22_Kennedy.mp3
.f           Dialogue/audio/FINAL/._Dialogue_23_Mayer.mp3
.f           Dialogue/audio/FINAL/._Dialogue_24_Meacham.mp3
>fc.T....... Dialogue/audio/FINAL/._Dialogue_25_Maloney.mp3
.f           Dialogue/audio/FINAL/._Dialogue_26_McCann.mp3
.f           Dialogue/audio/FINAL/._Dialogue_27_Marton.mp3
.f           Dialogue/audio/FINAL/._Dialogue_28_Fuller.mp3
.f           Dialogue/audio/FINAL/._Dialogue_29_Waldman.mp3
.f           Dialogue/audio/FINAL/._Dialogue_30_Gwynne.mp3
>fc.T....... Dialogue/audio/FINAL/._Dialogue_31_Nye.mp3
.f           Dialogue/audio/FINAL/._Dialogue_32_Epstein.mp3
>fc.T....... Dialogue/audio/FINAL/._Dialogue_33_Li.mp3
.f           Dialogue/audio/FINAL/._Dialogue_34_Barry.mp3
.f           Dialogue/audio/FINAL/._Dialogue_35_Ehrlich.mp3
.f           Dialogue/audio/FINAL/._Dialogue_36_Wright.mp3
.f           Dialogue/audio/FINAL/._Dialogue_37_Schiff.mp3
.f           Dialogue/audio/FINAL/._Dialogue_38_Ford.mp3
.f           Dialogue/audio/FINAL/._Dialogue_39_Norris.mp3
.f           Dialogue/audio/FINAL/._Dialogue_40_Mengestu.mp3
.f           Dialogue/audio/FINAL/._Dialogue_41_Brown.mp3
.f           Dialogue/audio/FINAL/._Dialogue_42_Miliband.mp3
.f           Dialogue/audio/FINAL/._Dialogue_43_Benioff-Weiss-1.mp3
.f           Dialogue/audio/FINAL/._Dialogue_44_Benioff-Weiss-2.mp3
.f           Dialogue/audio/FINAL/._Dialogue_45_Robinson.mp3
.f           Dialogue/audio/FINAL/._Dialogue_46_Casey.mp3
.f           Dialogue/audio/FINAL/._Dialogue_47_Watkins.mp3
.f           Dialogue/audio/FINAL/._Dialogue_48_Kincaid.mp3
.f           Dialogue/audio/FINAL/._Dialogue_49_Thomas.mp3
.f           Dialogue/audio/FINAL/._Dialogue_50_Akhtar.mp3
.f           Dialogue/audio/FINAL/._Dialogue_51_Macdonald.mp3
.f           Dialogue/audio/FINAL/._Dialogue_52_Solomon.mp3
.f           Dialogue/audio/FINAL/._Dialogue_53_Johnson.mp3
.f           Dialogue/audio/FINAL/._Dialogue_54_Griswold.mp3
.f           Dialogue/audio/FINAL/._Dialogue_55_Coll.mp3
.f           Dialogue/audio/FINAL/._Dialogue_56_Gang.mp3
.f           Dialogue/audio/FINAL/._Dialogue_57_Ruskovich.mp3
.f           Dialogue/audio/FINAL/._Dialogue_58_Freeman.mp3
.f           Dialogue/audio/FINAL/._Dialogue_59_Skyhorse.mp3
.f           Dialogue/audio/FINAL/._Dialogue_60_Lopez-1.mp3
.f           Dialogue/audio/FINAL/._Dialogue_61_Lopez-2.mp3
.f           Dialogue/audio/FINAL/Dialogue_00_Welcome.mp3
.f           Dialogue/audio/FINAL/Dialogue_01_Keneally.mp3
.f           Dialogue/audio/FINAL/Dialogue_02_MacNeil.mp3
.f           Dialogue/audio/FINAL/Dialogue_03_Macaulay.mp3
.f           Dialogue/audio/FINAL/Dialogue_04_Dumas.mp3
.f           Dialogue/audio/FINAL/Dialogue_05_Cahill.mp3
.f           Dialogue/audio/FINAL/Dialogue_06_Kayyem.mp3
.f           Dialogue/audio/FINAL/Dialogue_07_Goodwin.mp3
.f           Dialogue/audio/FINAL/Dialogue_08_Johnson.mp3
.f           Dialogue/audio/FINAL/Dialogue_09_Breyer.mp3
.f           Dialogue/audio/FINAL/Dialogue_10_Lewis.mp3
.f           Dialogue/audio/FINAL/Dialogue_11_Packer.mp3
.f           Dialogue/audio/FINAL/Dialogue_12_Hockenberry.mp3
.f           Dialogue/audio/FINAL/Dialogue_13_Tharoor.mp3
.f           Dialogue/audio/FINAL/Dialogue_14_Watters.mp3
.f           Dialogue/audio/FINAL/Dialogue_15_Morgenson.mp3
.f           Dialogue/audio/FINAL/Dialogue_16_Gordon-Reed.mp3
.f           Dialogue/audio/FINAL/Dialogue_17_Verghese.mp3
.f           Dialogue/audio/FINAL/Dialogue_18_Gourevitch.mp3
.f           Dialogue/audio/FINAL/Dialogue_19_Beah.mp3
.f           Dialogue/audio/FINAL/Dialogue_20_Iyer.mp3
.f           Dialogue/audio/FINAL/Dialogue_21_Talbott.mp3
.f           Dialogue/audio/FINAL/Dialogue_22_Kennedy.mp3
.f           Dialogue/audio/FINAL/Dialogue_23_Mayer.mp3
.f           Dialogue/audio/FINAL/Dialogue_24_Meacham.mp3
.f           Dialogue/audio/FINAL/Dialogue_25_Maloney.mp3
.f           Dialogue/audio/FINAL/Dialogue_26_McCann.mp3
.f           Dialogue/audio/FINAL/Dialogue_27_Marton.mp3
.f           Dialogue/audio/FINAL/Dialogue_28_Fuller.mp3
.f           Dialogue/audio/FINAL/Dialogue_29_Waldman.mp3
.f           Dialogue/audio/FINAL/Dialogue_30_Gwynne.mp3
.f           Dialogue/audio/FINAL/Dialogue_31_Nye.mp3
.f           Dialogue/audio/FINAL/Dialogue_32_Epstein.mp3
.f           Dialogue/audio/FINAL/Dialogue_33_Li.mp3
.f           Dialogue/audio/FINAL/Dialogue_34_Barry.mp3
.f           Dialogue/audio/FINAL/Dialogue_35_Ehrlich.mp3
.f           Dialogue/audio/FINAL/Dialogue_36_Wright.mp3
.f           Dialogue/audio/FINAL/Dialogue_37_Schiff.mp3
.f           Dialogue/audio/FINAL/Dialogue_38_Ford.mp3
.f           Dialogue/audio/FINAL/Dialogue_39_Norris.mp3
.f           Dialogue/audio/FINAL/Dialogue_40_Mengestu.mp3
.f           Dialogue/audio/FINAL/Dialogue_41_Brown.mp3
.f           Dialogue/audio/FINAL/Dialogue_42_Miliband.mp3
.f           Dialogue/audio/FINAL/Dialogue_43_Benioff-Weiss-1.mp3
.f           Dialogue/audio/FINAL/Dialogue_44_Benioff-Weiss-2.mp3
.f           Dialogue/audio/FINAL/Dialogue_45_Robinson.mp3
.f           Dialogue/audio/FINAL/Dialogue_46_Casey.mp3
.f           Dialogue/audio/FINAL/Dialogue_47_Watkins.mp3
.f           Dialogue/audio/FINAL/Dialogue_48_Kincaid.mp3
.f           Dialogue/audio/FINAL/Dialogue_49_Thomas.mp3
.f           Dialogue/audio/FINAL/Dialogue_50_Akhtar.mp3
.f           Dialogue/audio/FINAL/Dialogue_51_Macdonald.mp3
.f           Dialogue/audio/FINAL/Dialogue_52_Solomon.mp3
.f           Dialogue/audio/FINAL/Dialogue_53_Johnson.mp3
.f           Dialogue/audio/FINAL/Dialogue_54_Griswold.mp3
.f           Dialogue/audio/FINAL/Dialogue_55_Coll.mp3
.f           Dialogue/audio/FINAL/Dialogue_56_Gang.mp3
.f           Dialogue/audio/FINAL/Dialogue_57_Ruskovich.mp3
.f           Dialogue/audio/FINAL/Dialogue_58_Freeman.mp3
.f           Dialogue/audio/FINAL/Dialogue_59_Skyhorse.mp3
.f           Dialogue/audio/FINAL/Dialogue_60_Lopez-1.mp3
.f           Dialogue/audio/FINAL/Dialogue_61_Lopez-2.mp3
.d           Dialogue/audio/original audio/
.f           Dialogue/audio/original audio/._Welcome-voiceover.mp3
.f           Dialogue/audio/original audio/._d1209 SVWC Thomas Keneally.mp3
.f           Dialogue/audio/original audio/._d1210 SVWC  Robert MacNeil.mp3
.f           Dialogue/audio/original audio/._d1211 SVWC David MacAulay.mp3
.f           Dialogue/audio/original audio/._d1212 SVWC Firoozeh Dumas.mp3
.f           Dialogue/audio/original audio/._d1213 SVWC Thomas Cahill.mp3
.f           Dialogue/audio/original audio/._d1235 SVWC Juliette Kayyem Anti-Terrorism Policy.mp3
.f           Dialogue/audio/original audio/._d1310 SVWC Doris Kearns Goodwin.mp3
.f           Dialogue/audio/original audio/._d1311 SVWC Haynes Johnson.mp3
.f           Dialogue/audio/original audio/._d1312 SVWC Justice Stephen Breyer.mp3
.f           Dialogue/audio/original audio/._d1504.mp3
.f           Dialogue/audio/original audio/._d1512.mp3
.f           Dialogue/audio/original audio/._d1513.mp3
.f           Dialogue/audio/original audio/._d1514.mp3
.f           Dialogue/audio/original audio/._d1602.mp3
.f           Dialogue/audio/original audio/._d1612_Full Show.wav
.f           Dialogue/audio/original audio/._d1613.mp3
.f           Dialogue/audio/original audio/._d1614.mp3
.f           Dialogue/audio/original audio/._d1712.mp3
.f           Dialogue/audio/original audio/._d1713 Pico Iyer Full Show_audio adj.wav
.f           Dialogue/audio/original audio/._d1714.mp3
.f           Dialogue/audio/original audio/._d1715.mp3
.f           Dialogue/audio/original audio/._d1805.mp3
.f           Dialogue/audio/original audio/._d1814.mp3
.f           Dialogue/audio/original audio/._d1815.mp3
.f           Dialogue/audio/original audio/._d1901.mp3
.f           Dialogue/audio/original audio/._d1902.mp3
.f           Dialogue/audio/original audio/._d1903.mp3
.f           Dialogue/audio/original audio/._d1904 Naomi Shihab Nye Full Show_increased to -20 luffs.wav
.f           Dialogue/audio/original audio/._d2108 Journalist David Epstein SVWC Full Show.mp3
.f           Dialogue/audio/original audio/._d2109 SVWC Author Yiyun Li Full Show.mp3
.f           Dialogue/audio/original audio/._d2111 SVWC Rep. John Lewis Full Show.mp3
.f           Dialogue/audio/original audio/._d2111x  SVWC Rep. John Lewis Extra.mp3
.f           Dialogue/audio/original audio/._d2112 SVWC Humorist Dave Barry Full Show.mp3
.f           Dialogue/audio/original audio/._d2116 Gretel Ehrlich Full Show.mp3
.f           Dialogue/audio/original audio/._d2126 Author Lawrence Wright SVWC Full Show.mp3
.f           Dialogue/audio/original audio/._d2205 Author Stacy Schiff SVWC Full Show.mp3
.f           Dialogue/audio/original audio/._d2206 Author Richard Ford Full Show.mp3
.f           Dialogue/audio/original audio/._d2208 Comma Queen Mary Norris Full Show MP3.mp3
.f           Dialogue/audio/original audio/._d2209 Novelist Dinaw Mengestu Full Show MP3.mp3
.f           Dialogue/audio/original audio/._d2210 Journalist and Poet Jeffrey Brown Full Show MONO WAV.wav
.f           Dialogue/audio/original audio/._d2225 David Milliband_Full Show.wav
.f           Dialogue/audio/original audio/._d2302 Jon Meacham_Full Show.wav
.f           Dialogue/audio/original audio/._d2303_Creating Game of Thrones_Part One_Full Show.wav
.f           Dialogue/audio/original audio/._d2304_Creating Game of Thrones_Pt2_Full Show.wav
.f           Dialogue/audio/original audio/._d2305_In the Spotlight_Walter Robinson_Full Show.wav
.f           Dialogue/audio/original audio/._d2306 Voices in the Ocean_Susan Casey_Full Show.wav
.f           Dialogue/audio/original audio/._d2308_Claire Vaye Watkins_Full Show.wav
.f           Dialogue/audio/original audio/._d2309_Jamaica Kincaid_Full Show.wav
.f           Dialogue/audio/original audio/._d2318 Louisa Thomas_Full Show.wav
.f           Dialogue/audio/original audio/._d2319_Ayad Akhtar_Master.wav
.f           Dialogue/audio/original audio/._d2320_JaneMayer_Full Show.wav
.f           Dialogue/audio/original audio/._d2321_Macdonald_Evergreen_Master.wav
.f           Dialogue/audio/original audio/._d2322_Solomon_Master.wav
.f           Dialogue/audio/original audio/._d2401.mp3
.f           Dialogue/audio/original audio/._d2402.mp3
.f           Dialogue/audio/original audio/._d2403.mp3
.f           Dialogue/audio/original audio/._d2405.mp3
.f           Dialogue/audio/original audio/._d2502.mp3
.f           Dialogue/audio/original audio/._d2503.mp3
.f           Dialogue/audio/original audio/._d2504.mp3
.f           Dialogue/audio/original audio/._d2505.mp3
.f           Dialogue/audio/original audio/._d2506.mp3
.f           Dialogue/audio/original audio/._year-ins-outs.mov
.f           Dialogue/audio/original audio/Welcome-voiceover.mp3
.f           Dialogue/audio/original audio/d1209 SVWC Thomas Keneally.mp3
.f           Dialogue/audio/original audio/d1210 SVWC  Robert MacNeil.mp3
.f           Dialogue/audio/original audio/d1211 SVWC David MacAulay.mp3
.f           Dialogue/audio/original audio/d1212 SVWC Firoozeh Dumas.mp3
.f           Dialogue/audio/original audio/d1213 SVWC Thomas Cahill.mp3
.f           Dialogue/audio/original audio/d1235 SVWC Juliette Kayyem Anti-Terrorism Policy.mp3
.f           Dialogue/audio/original audio/d1310 SVWC Doris Kearns Goodwin.mp3
.f           Dialogue/audio/original audio/d1311 SVWC Haynes Johnson.mp3
.f           Dialogue/audio/original audio/d1312 SVWC Justice Stephen Breyer.mp3
.f           Dialogue/audio/original audio/d1504.mp3
.f           Dialogue/audio/original audio/d1512.mp3
.f           Dialogue/audio/original audio/d1513.mp3
.f           Dialogue/audio/original audio/d1514.mp3
.f           Dialogue/audio/original audio/d1602.mp3
.f           Dialogue/audio/original audio/d1612_Full Show.wav
.f           Dialogue/audio/original audio/d1613.mp3
.f           Dialogue/audio/original audio/d1614.mp3
.f           Dialogue/audio/original audio/d1712.mp3
.f           Dialogue/audio/original audio/d1713 Pico Iyer Full Show_audio adj.wav
.f           Dialogue/audio/original audio/d1714.mp3
.f           Dialogue/audio/original audio/d1715.mp3
.f           Dialogue/audio/original audio/d1805.mp3
.f           Dialogue/audio/original audio/d1814.mp3
.f           Dialogue/audio/original audio/d1815.mp3
.f           Dialogue/audio/original audio/d1901.mp3
.f           Dialogue/audio/original audio/d1902.mp3
.f           Dialogue/audio/original audio/d1903.mp3
.f           Dialogue/audio/original audio/d1904 Naomi Shihab Nye Full Show_increased to -20 luffs.wav
.f           Dialogue/audio/original audio/d2108 Journalist David Epstein SVWC Full Show.mp3
.f           Dialogue/audio/original audio/d2109 SVWC Author Yiyun Li Full Show.mp3
.f           Dialogue/audio/original audio/d2111 SVWC Rep. John Lewis Full Show.mp3
.f           Dialogue/audio/original audio/d2111x  SVWC Rep. John Lewis Extra.mp3
.f           Dialogue/audio/original audio/d2112 SVWC Humorist Dave Barry Full Show.mp3
.f           Dialogue/audio/original audio/d2116 Gretel Ehrlich Full Show.mp3
.f           Dialogue/audio/original audio/d2126 Author Lawrence Wright SVWC Full Show.mp3
.f           Dialogue/audio/original audio/d2205 Author Stacy Schiff SVWC Full Show.mp3
.f           Dialogue/audio/original audio/d2206 Author Richard Ford Full Show.mp3
.f           Dialogue/audio/original audio/d2208 Comma Queen Mary Norris Full Show MP3.mp3
.f           Dialogue/audio/original audio/d2209 Novelist Dinaw Mengestu Full Show MP3.mp3
.f           Dialogue/audio/original audio/d2210 Journalist and Poet Jeffrey Brown Full Show MONO WAV.wav
.f           Dialogue/audio/original audio/d2225 David Milliband_Full Show.wav
.f           Dialogue/audio/original audio/d2302 Jon Meacham_Full Show.wav
.f           Dialogue/audio/original audio/d2303_Creating Game of Thrones_Part One_Full Show.wav
.f           Dialogue/audio/original audio/d2304_Creating Game of Thrones_Pt2_Full Show.wav
.f           Dialogue/audio/original audio/d2305_In the Spotlight_Walter Robinson_Full Show.wav
.f           Dialogue/audio/original audio/d2306 Voices in the Ocean_Susan Casey_Full Show.wav
.f           Dialogue/audio/original audio/d2308_Claire Vaye Watkins_Full Show.wav
.f           Dialogue/audio/original audio/d2309_Jamaica Kincaid_Full Show.wav
.f           Dialogue/audio/original audio/d2318 Louisa Thomas_Full Show.wav
.f           Dialogue/audio/original audio/d2319_Ayad Akhtar_Master.wav
.f           Dialogue/audio/original audio/d2320_JaneMayer_Full Show.wav
.f           Dialogue/audio/original audio/d2321_Macdonald_Evergreen_Master.wav
.f           Dialogue/audio/original audio/d2322_Solomon_Master.wav
.f           Dialogue/audio/original audio/d2401.mp3
.f           Dialogue/audio/original audio/d2402.mp3
.f           Dialogue/audio/original audio/d2403.mp3
.f           Dialogue/audio/original audio/d2405.mp3
.f           Dialogue/audio/original audio/d2502.mp3
.f           Dialogue/audio/original audio/d2503.mp3
.f           Dialogue/audio/original audio/d2504.mp3
.f           Dialogue/audio/original audio/d2505.mp3
.f           Dialogue/audio/original audio/d2506.mp3
.f           Dialogue/audio/original audio/year-ins-outs.mov
.d           Dialogue/descriptions/
.f           Dialogue/descriptions/._2005-2010 SVWC Dialogue descriptions.docx
>f++++++++++ Dialogue/descriptions/._2005-2010 descriptions.docx
>f++++++++++ Dialogue/descriptions/._2011-2015 DIALOGUE descriptions.docx
.f           Dialogue/descriptions/._2011-2015 SVWC DIALOGUE descriptions.docx
>f++++++++++ Dialogue/descriptions/._2014 DIALOGUE descriptions for podcasts.docx
.f           Dialogue/descriptions/._2014 SVWC DIALOGUE descriptions for podcasts.docx
>f++++++++++ Dialogue/descriptions/._2015 DIALOGUE descriptions for podcasts.docx
.f           Dialogue/descriptions/._2015 SVWC DIALOGUE descriptions for podcasts.docx
>f++++++++++ Dialogue/descriptions/._2016-2019 DIALOGUE descriptions.docx
.f           Dialogue/descriptions/._2016-2019 SVWC DIALOGUE descriptions.docx
.f           Dialogue/descriptions/._DIALOGUE descriptions 2011-2012.docx
.f           Dialogue/descriptions/2005-2010 SVWC Dialogue descriptions.docx
.f           Dialogue/descriptions/2011-2015 SVWC DIALOGUE descriptions.docx
.f           Dialogue/descriptions/2014 SVWC DIALOGUE descriptions for podcasts.docx
.f           Dialogue/descriptions/2015 SVWC DIALOGUE descriptions for podcasts.docx
.f           Dialogue/descriptions/2016-2019 SVWC DIALOGUE descriptions.docx
.f           Dialogue/descriptions/DIALOGUE descriptions 2011-2012.docx
.d           Dialogue/logos/
.f           Dialogue/logos/._Dialogue 1300x1300 avatar.jpg
.f           Dialogue/logos/._Dialogue 3000x3000 avatar v2.png
.f           Dialogue/logos/._Dialogue 3000x3000 avatar.png
.f           Dialogue/logos/._Dialogue D  3000x3000 avatar.png
.f           Dialogue/logos/._Marcia Franklin on set of Dialogue.jpg
>fc.T....... Dialogue/logos/._Podcast GFX
.f           Dialogue/logos/._Sun Valley Writer's Conference 3000x3000 avatar.png
.f           Dialogue/logos/Dialogue 1300x1300 avatar.jpg
.f           Dialogue/logos/Dialogue 3000x3000 avatar v2.png
.f           Dialogue/logos/Dialogue 3000x3000 avatar.png
.f           Dialogue/logos/Dialogue D  3000x3000 avatar.png
.f           Dialogue/logos/Marcia Franklin on set of Dialogue.jpg
.f           Dialogue/logos/Sun Valley Writer's Conference 3000x3000 avatar.png
.d           Dialogue/logos/Podcast GFX/
.f           Dialogue/logos/Podcast GFX/._Assets
.f           Dialogue/logos/Podcast GFX/._Dialogue back cvr to Sandy.pdf
.f           Dialogue/logos/Podcast GFX/._Dialogue podcast square.png
.f           Dialogue/logos/Podcast GFX/._DialoguePodCover.ai
.f           Dialogue/logos/Podcast GFX/._DialoguePodCoverMicTest1.png
.f           Dialogue/logos/Podcast GFX/._DialoguePodCoverMicTest2.png
>fc.T....... Dialogue/logos/Podcast GFX/._DialoguePodCoverMicTest3.png
.f           Dialogue/logos/Podcast GFX/._DialoguePodCoverNoMic.jpg
.f           Dialogue/logos/Podcast GFX/._dialogue-podcast-banner.png
.f           Dialogue/logos/Podcast GFX/Dialogue back cvr to Sandy.pdf
.f           Dialogue/logos/Podcast GFX/Dialogue podcast square.png
.f           Dialogue/logos/Podcast GFX/DialoguePodCover.ai
.f           Dialogue/logos/Podcast GFX/DialoguePodCoverMicTest1.png
.f           Dialogue/logos/Podcast GFX/DialoguePodCoverMicTest2.png
.f           Dialogue/logos/Podcast GFX/DialoguePodCoverMicTest3.png
.f           Dialogue/logos/Podcast GFX/DialoguePodCoverNoMic.jpg
.f           Dialogue/logos/Podcast GFX/dialogue-podcast-banner.png
.d           Dialogue/logos/Podcast GFX/Assets/
.f           Dialogue/logos/Podcast GFX/Assets/._3311 - Microphone_9_1 CO.psd
.f           Dialogue/logos/Podcast GFX/Assets/._DIAL Background.psd
.f           Dialogue/logos/Podcast GFX/Assets/._Dialogue with Marcia Franklin conversations that matter.psd
.f           Dialogue/logos/Podcast GFX/Assets/._SoundWavePinkandWhite.psd
.f           Dialogue/logos/Podcast GFX/Assets/3311 - Microphone_9_1 CO.psd
.f           Dialogue/logos/Podcast GFX/Assets/DIAL Background.psd
.f           Dialogue/logos/Podcast GFX/Assets/Dialogue with Marcia Franklin conversations that matter.psd
.f           Dialogue/logos/Podcast GFX/Assets/SoundWavePinkandWhite.psd
.d           Dialogue/thumbnails/
.f           Dialogue/thumbnails/.DS_Store
.f           Dialogue/thumbnails/._.DS_Store
.f           Dialogue/thumbnails/._DialoguePodcast.psd
.f           Dialogue/thumbnails/._DialoguePodcastSVWC.psd
.f           Dialogue/thumbnails/._FINAL
.f           Dialogue/thumbnails/._PSD
.f           Dialogue/thumbnails/._d1209_Mz.jpg
.f           Dialogue/thumbnails/._d1210_Mz.jpg
.f           Dialogue/thumbnails/._d1211_Mz.jpg
.f           Dialogue/thumbnails/._d1212_Mz.jpg
.f           Dialogue/thumbnails/._d1213_Mz.jpg
.f           Dialogue/thumbnails/._d1235_Mz.jpg
.f           Dialogue/thumbnails/._d1310_Mz.jpg
.f           Dialogue/thumbnails/._d1311_Mz.jpg
.f           Dialogue/thumbnails/._d1312_Mz.jpg
.f           Dialogue/thumbnails/._d1504_Mz.jpg
.f           Dialogue/thumbnails/._d1512_Mz.jpg
.f           Dialogue/thumbnails/._d1513_Mz.jpg
.f           Dialogue/thumbnails/._d1514_Mz.jpg
.f           Dialogue/thumbnails/._d1602_Mz.jpg
.f           Dialogue/thumbnails/._d1612_Mz.jpg
.f           Dialogue/thumbnails/._d1613_Mz.jpg
.f           Dialogue/thumbnails/._d1614_Mz.jpg
.f           Dialogue/thumbnails/._d1712_Mz.jpg
.f           Dialogue/thumbnails/._d1713_Mz.jpg
.f           Dialogue/thumbnails/._d1714_Mz.jpg
.f           Dialogue/thumbnails/._d1715_Mz.jpg
.f           Dialogue/thumbnails/._d1716_Mz.jpg
.f           Dialogue/thumbnails/._d1805_Mz.jpg
.f           Dialogue/thumbnails/._d1814_Mz.jpg
.f           Dialogue/thumbnails/._d1815_Mz.jpg
.f           Dialogue/thumbnails/._d1901_Mz.jpg
.f           Dialogue/thumbnails/._d1902_Mz.jpg
.f           Dialogue/thumbnails/._d1903_Mz.jpg
.f           Dialogue/thumbnails/._d1904_Mz.jpg
.f           Dialogue/thumbnails/._d2108_Mz.jpg
.f           Dialogue/thumbnails/._d2109_Mz.jpg
.f           Dialogue/thumbnails/._d2111_Mz.jpg
.f           Dialogue/thumbnails/._d2112_Mz.jpg
.f           Dialogue/thumbnails/._d2116_Mz.jpg
.f           Dialogue/thumbnails/._d2126_Mz.jpg
.f           Dialogue/thumbnails/._d2205_Mz.jpg
.f           Dialogue/thumbnails/._d2206_Mz.jpg
.f           Dialogue/thumbnails/._d2208_Mz.jpg
.f           Dialogue/thumbnails/._d2209_Mz.jpg
.f           Dialogue/thumbnails/._d2210_Mz.jpg
.f           Dialogue/thumbnails/._d2225_Mz.jpg
.f           Dialogue/thumbnails/._d2302_Mz.jpg
.f           Dialogue/thumbnails/._d2303_Mz.jpg
.f           Dialogue/thumbnails/._d2304_Mz.jpg
.f           Dialogue/thumbnails/._d2305_Mz.jpg
.f           Dialogue/thumbnails/._d2306_Mz.jpg
.f           Dialogue/thumbnails/._d2308_Mz.jpg
.f           Dialogue/thumbnails/._d2309_Mz.jpg
.f           Dialogue/thumbnails/._d2318_Mz.jpg
.f           Dialogue/thumbnails/._d2319_Mz.jpg
.f           Dialogue/thumbnails/._d2320_Mz.jpg
.f           Dialogue/thumbnails/._d2321_Mz.jpg
.f           Dialogue/thumbnails/._d2322_Mz.jpg
.f           Dialogue/thumbnails/._d2401_Mz.jpg
.f           Dialogue/thumbnails/._d2402_Mz.jpg
.f           Dialogue/thumbnails/._d2403_Mz.jpg
.f           Dialogue/thumbnails/._d2405_Mz.jpg
.f           Dialogue/thumbnails/._d2502_Mz.jpg
.f           Dialogue/thumbnails/._d2503_Mz.jpg
.f           Dialogue/thumbnails/._d2504_Mz.jpg
.f           Dialogue/thumbnails/._d2505_Mz.jpg
.f           Dialogue/thumbnails/._d2506_Mz.jpg
.f           Dialogue/thumbnails/._thumbnails-Dialogue.txt
>fc.T....... Dialogue/thumbnails/._thumbnails-Dialogue.xlsx
.f           Dialogue/thumbnails/._thumbnails-SVWC.txt
>fc.T....... Dialogue/thumbnails/._thumbnails-SVWC.xlsx
.f           Dialogue/thumbnails/DialoguePodcast.psd
.f           Dialogue/thumbnails/DialoguePodcastSVWC.psd
.f           Dialogue/thumbnails/d1209_Mz.jpg
.f           Dialogue/thumbnails/d1210_Mz.jpg
.f           Dialogue/thumbnails/d1211_Mz.jpg
.f           Dialogue/thumbnails/d1212_Mz.jpg
.f           Dialogue/thumbnails/d1213_Mz.jpg
.f           Dialogue/thumbnails/d1235_Mz.jpg
.f           Dialogue/thumbnails/d1310_Mz.jpg
.f           Dialogue/thumbnails/d1311_Mz.jpg
.f           Dialogue/thumbnails/d1312_Mz.jpg
.f           Dialogue/thumbnails/d1504_Mz.jpg
.f           Dialogue/thumbnails/d1512_Mz.jpg
.f           Dialogue/thumbnails/d1513_Mz.jpg
.f           Dialogue/thumbnails/d1514_Mz.jpg
.f           Dialogue/thumbnails/d1602_Mz.jpg
.f           Dialogue/thumbnails/d1612_Mz.jpg
.f           Dialogue/thumbnails/d1613_Mz.jpg
.f           Dialogue/thumbnails/d1614_Mz.jpg
.f           Dialogue/thumbnails/d1712_Mz.jpg
.f           Dialogue/thumbnails/d1713_Mz.jpg
.f           Dialogue/thumbnails/d1714_Mz.jpg
.f           Dialogue/thumbnails/d1715_Mz.jpg
.f           Dialogue/thumbnails/d1716_Mz.jpg
.f           Dialogue/thumbnails/d1805_Mz.jpg
.f           Dialogue/thumbnails/d1814_Mz.jpg
.f           Dialogue/thumbnails/d1815_Mz.jpg
.f           Dialogue/thumbnails/d1901_Mz.jpg
.f           Dialogue/thumbnails/d1902_Mz.jpg
.f           Dialogue/thumbnails/d1903_Mz.jpg
.f           Dialogue/thumbnails/d1904_Mz.jpg
.f           Dialogue/thumbnails/d2108_Mz.jpg
.f           Dialogue/thumbnails/d2109_Mz.jpg
.f           Dialogue/thumbnails/d2111_Mz.jpg
.f           Dialogue/thumbnails/d2112_Mz.jpg
.f           Dialogue/thumbnails/d2116_Mz.jpg
.f           Dialogue/thumbnails/d2126_Mz.jpg
.f           Dialogue/thumbnails/d2205_Mz.jpg
.f           Dialogue/thumbnails/d2206_Mz.jpg
.f           Dialogue/thumbnails/d2208_Mz.jpg
.f           Dialogue/thumbnails/d2209_Mz.jpg
.f           Dialogue/thumbnails/d2210_Mz.jpg
.f           Dialogue/thumbnails/d2225_Mz.jpg
.f           Dialogue/thumbnails/d2302_Mz.jpg
.f           Dialogue/thumbnails/d2303_Mz.jpg
.f           Dialogue/thumbnails/d2304_Mz.jpg
.f           Dialogue/thumbnails/d2305_Mz.jpg
.f           Dialogue/thumbnails/d2306_Mz.jpg
.f           Dialogue/thumbnails/d2308_Mz.jpg
.f           Dialogue/thumbnails/d2309_Mz.jpg
.f           Dialogue/thumbnails/d2318_Mz.jpg
.f           Dialogue/thumbnails/d2319_Mz.jpg
.f           Dialogue/thumbnails/d2320_Mz.jpg
.f           Dialogue/thumbnails/d2321_Mz.jpg
.f           Dialogue/thumbnails/d2322_Mz.jpg
.f           Dialogue/thumbnails/d2401_Mz.jpg
.f           Dialogue/thumbnails/d2402_Mz.jpg
.f           Dialogue/thumbnails/d2403_Mz.jpg
.f           Dialogue/thumbnails/d2405_Mz.jpg
.f           Dialogue/thumbnails/d2502_Mz.jpg
.f           Dialogue/thumbnails/d2503_Mz.jpg
.f           Dialogue/thumbnails/d2504_Mz.jpg
.f           Dialogue/thumbnails/d2505_Mz.jpg
.f           Dialogue/thumbnails/d2506_Mz.jpg
.f           Dialogue/thumbnails/thumbnails-Dialogue.txt
.f           Dialogue/thumbnails/thumbnails-Dialogue.xlsx
.f           Dialogue/thumbnails/thumbnails-SVWC.txt
.f           Dialogue/thumbnails/thumbnails-SVWC.xlsx
.d           Dialogue/thumbnails/FINAL/
.f           Dialogue/thumbnails/FINAL/._dialogue_cover_01_Keneally.jpg
.f           Dialogue/thumbnails/FINAL/._dialogue_cover_02_MacNeil.jpg
.f           Dialogue/thumbnails/FINAL/._dialogue_cover_03_Macaulay.jpg
.f           Dialogue/thumbnails/FINAL/._dialogue_cover_04_Dumas.jpg
.f           Dialogue/thumbnails/FINAL/._dialogue_cover_05_Cahill.jpg
.f           Dialogue/thumbnails/FINAL/._dialogue_cover_06_Kayyem.jpg
.f           Dialogue/thumbnails/FINAL/._dialogue_cover_07_Goodwin.jpg
.f           Dialogue/thumbnails/FINAL/._dialogue_cover_08_Johnson.jpg
.f           Dialogue/thumbnails/FINAL/._dialogue_cover_09_Breyer.jpg
.f           Dialogue/thumbnails/FINAL/._dialogue_cover_10_Packer.jpg
.f           Dialogue/thumbnails/FINAL/._dialogue_cover_11_Hockenberry.jpg
.f           Dialogue/thumbnails/FINAL/._dialogue_cover_12_Tharoor.jpg
.f           Dialogue/thumbnails/FINAL/._dialogue_cover_13_Watters.jpg
.f           Dialogue/thumbnails/FINAL/._dialogue_cover_14_Morgenson.jpg
.f           Dialogue/thumbnails/FINAL/._dialogue_cover_15_Gordon-Reed.jpg
.f           Dialogue/thumbnails/FINAL/._dialogue_cover_16_Verghese.jpg
.f           Dialogue/thumbnails/FINAL/._dialogue_cover_17_Gourevitch.jpg
.f           Dialogue/thumbnails/FINAL/._dialogue_cover_18_Beah.jpg
.f           Dialogue/thumbnails/FINAL/._dialogue_cover_19_Iyer.jpg
.f           Dialogue/thumbnails/FINAL/._dialogue_cover_20_Talbott.jpg
.f           Dialogue/thumbnails/FINAL/._dialogue_cover_21_Kennedy.jpg
.f           Dialogue/thumbnails/FINAL/._dialogue_cover_22_Lewis.jpg
.f           Dialogue/thumbnails/FINAL/._dialogue_cover_23_Mayer.jpg
.f           Dialogue/thumbnails/FINAL/._dialogue_cover_24_Meacham.jpg
.f           Dialogue/thumbnails/FINAL/._dialogue_cover_25_Maloney.jpg
.f           Dialogue/thumbnails/FINAL/._dialogue_cover_26_McCann.jpg
.f           Dialogue/thumbnails/FINAL/._dialogue_cover_27_Marton.jpg
.f           Dialogue/thumbnails/FINAL/._dialogue_cover_28_Fuller.jpg
.f           Dialogue/thumbnails/FINAL/._dialogue_cover_29_Waldman.jpg
.f           Dialogue/thumbnails/FINAL/._dialogue_cover_30_Gwynne.jpg
.f           Dialogue/thumbnails/FINAL/._dialogue_cover_31_Nye.jpg
.f           Dialogue/thumbnails/FINAL/._dialogue_cover_32_Epstein.jpg
.f           Dialogue/thumbnails/FINAL/._dialogue_cover_33_Li.jpg
.f           Dialogue/thumbnails/FINAL/._dialogue_cover_34_Barry.jpg
.f           Dialogue/thumbnails/FINAL/._dialogue_cover_35_Ehrlich.jpg
.f           Dialogue/thumbnails/FINAL/._dialogue_cover_36_Wright.jpg
.f           Dialogue/thumbnails/FINAL/._dialogue_cover_37_Schiff.jpg
.f           Dialogue/thumbnails/FINAL/._dialogue_cover_38_Ford.jpg
.f           Dialogue/thumbnails/FINAL/._dialogue_cover_39_Norris.jpg
.f           Dialogue/thumbnails/FINAL/._dialogue_cover_40_Mengestu.jpg
.f           Dialogue/thumbnails/FINAL/._dialogue_cover_41_Brown.jpg
.f           Dialogue/thumbnails/FINAL/._dialogue_cover_42_Miliband.jpg
.f           Dialogue/thumbnails/FINAL/._dialogue_cover_43_Benioff-Weiss1.jpg
.f           Dialogue/thumbnails/FINAL/._dialogue_cover_44_Benioff-Weiss2.jpg
.f           Dialogue/thumbnails/FINAL/._dialogue_cover_45_Robinson.jpg
.f           Dialogue/thumbnails/FINAL/._dialogue_cover_46_Casey.jpg
.f           Dialogue/thumbnails/FINAL/._dialogue_cover_47_Watkins.jpg
.f           Dialogue/thumbnails/FINAL/._dialogue_cover_48_Kincaid.jpg
.f           Dialogue/thumbnails/FINAL/._dialogue_cover_49_Thomas.jpg
.f           Dialogue/thumbnails/FINAL/._dialogue_cover_50_Akhtar.jpg
.f           Dialogue/thumbnails/FINAL/._dialogue_cover_51_Macdonald.jpg
.f           Dialogue/thumbnails/FINAL/._dialogue_cover_52_Solomon.jpg
.f           Dialogue/thumbnails/FINAL/._dialogue_cover_53_Johnson.jpg
.f           Dialogue/thumbnails/FINAL/._dialogue_cover_54_Griswold.jpg
.f           Dialogue/thumbnails/FINAL/._dialogue_cover_55_Coll.jpg
.f           Dialogue/thumbnails/FINAL/._dialogue_cover_56_Gang.jpg
.f           Dialogue/thumbnails/FINAL/._dialogue_cover_57_Ruskovich.jpg
.f           Dialogue/thumbnails/FINAL/._dialogue_cover_58_Freeman.jpg
.f           Dialogue/thumbnails/FINAL/._dialogue_cover_59_Skyhorse.jpg
.f           Dialogue/thumbnails/FINAL/._dialogue_cover_60_Lopez1.jpg
.f           Dialogue/thumbnails/FINAL/._dialogue_cover_61_Lopez2.jpg
.f           Dialogue/thumbnails/FINAL/dialogue_cover_01_Keneally.jpg
.f           Dialogue/thumbnails/FINAL/dialogue_cover_02_MacNeil.jpg
.f           Dialogue/thumbnails/FINAL/dialogue_cover_03_Macaulay.jpg
.f           Dialogue/thumbnails/FINAL/dialogue_cover_04_Dumas.jpg
.f           Dialogue/thumbnails/FINAL/dialogue_cover_05_Cahill.jpg
.f           Dialogue/thumbnails/FINAL/dialogue_cover_06_Kayyem.jpg
.f           Dialogue/thumbnails/FINAL/dialogue_cover_07_Goodwin.jpg
.f           Dialogue/thumbnails/FINAL/dialogue_cover_08_Johnson.jpg
.f           Dialogue/thumbnails/FINAL/dialogue_cover_09_Breyer.jpg
.f           Dialogue/thumbnails/FINAL/dialogue_cover_10_Packer.jpg
.f           Dialogue/thumbnails/FINAL/dialogue_cover_11_Hockenberry.jpg
.f           Dialogue/thumbnails/FINAL/dialogue_cover_12_Tharoor.jpg
.f           Dialogue/thumbnails/FINAL/dialogue_cover_13_Watters.jpg
.f           Dialogue/thumbnails/FINAL/dialogue_cover_14_Morgenson.jpg
.f           Dialogue/thumbnails/FINAL/dialogue_cover_15_Gordon-Reed.jpg
.f           Dialogue/thumbnails/FINAL/dialogue_cover_16_Verghese.jpg
.f           Dialogue/thumbnails/FINAL/dialogue_cover_17_Gourevitch.jpg
.f           Dialogue/thumbnails/FINAL/dialogue_cover_18_Beah.jpg
.f           Dialogue/thumbnails/FINAL/dialogue_cover_19_Iyer.jpg
.f           Dialogue/thumbnails/FINAL/dialogue_cover_20_Talbott.jpg
.f           Dialogue/thumbnails/FINAL/dialogue_cover_21_Kennedy.jpg
.f           Dialogue/thumbnails/FINAL/dialogue_cover_22_Lewis.jpg
.f           Dialogue/thumbnails/FINAL/dialogue_cover_23_Mayer.jpg
.f           Dialogue/thumbnails/FINAL/dialogue_cover_24_Meacham.jpg
.f           Dialogue/thumbnails/FINAL/dialogue_cover_25_Maloney.jpg
.f           Dialogue/thumbnails/FINAL/dialogue_cover_26_McCann.jpg
.f           Dialogue/thumbnails/FINAL/dialogue_cover_27_Marton.jpg
.f           Dialogue/thumbnails/FINAL/dialogue_cover_28_Fuller.jpg
.f           Dialogue/thumbnails/FINAL/dialogue_cover_29_Waldman.jpg
.f           Dialogue/thumbnails/FINAL/dialogue_cover_30_Gwynne.jpg
.f           Dialogue/thumbnails/FINAL/dialogue_cover_31_Nye.jpg
.f           Dialogue/thumbnails/FINAL/dialogue_cover_32_Epstein.jpg
.f           Dialogue/thumbnails/FINAL/dialogue_cover_33_Li.jpg
.f           Dialogue/thumbnails/FINAL/dialogue_cover_34_Barry.jpg
.f           Dialogue/thumbnails/FINAL/dialogue_cover_35_Ehrlich.jpg
.f           Dialogue/thumbnails/FINAL/dialogue_cover_36_Wright.jpg
.f           Dialogue/thumbnails/FINAL/dialogue_cover_37_Schiff.jpg
.f           Dialogue/thumbnails/FINAL/dialogue_cover_38_Ford.jpg
.f           Dialogue/thumbnails/FINAL/dialogue_cover_39_Norris.jpg
.f           Dialogue/thumbnails/FINAL/dialogue_cover_40_Mengestu.jpg
.f           Dialogue/thumbnails/FINAL/dialogue_cover_41_Brown.jpg
.f           Dialogue/thumbnails/FINAL/dialogue_cover_42_Miliband.jpg
.f           Dialogue/thumbnails/FINAL/dialogue_cover_43_Benioff-Weiss1.jpg
.f           Dialogue/thumbnails/FINAL/dialogue_cover_44_Benioff-Weiss2.jpg
.f           Dialogue/thumbnails/FINAL/dialogue_cover_45_Robinson.jpg
.f           Dialogue/thumbnails/FINAL/dialogue_cover_46_Casey.jpg
.f           Dialogue/thumbnails/FINAL/dialogue_cover_47_Watkins.jpg
.f           Dialogue/thumbnails/FINAL/dialogue_cover_48_Kincaid.jpg
.f           Dialogue/thumbnails/FINAL/dialogue_cover_49_Thomas.jpg
.f           Dialogue/thumbnails/FINAL/dialogue_cover_50_Akhtar.jpg
.f           Dialogue/thumbnails/FINAL/dialogue_cover_51_Macdonald.jpg
.f           Dialogue/thumbnails/FINAL/dialogue_cover_52_Solomon.jpg
.f           Dialogue/thumbnails/FINAL/dialogue_cover_53_Johnson.jpg
.f           Dialogue/thumbnails/FINAL/dialogue_cover_54_Griswold.jpg
.f           Dialogue/thumbnails/FINAL/dialogue_cover_55_Coll.jpg
.f           Dialogue/thumbnails/FINAL/dialogue_cover_56_Gang.jpg
.f           Dialogue/thumbnails/FINAL/dialogue_cover_57_Ruskovich.jpg
.f           Dialogue/thumbnails/FINAL/dialogue_cover_58_Freeman.jpg
.f           Dialogue/thumbnails/FINAL/dialogue_cover_59_Skyhorse.jpg
.f           Dialogue/thumbnails/FINAL/dialogue_cover_60_Lopez1.jpg
.f           Dialogue/thumbnails/FINAL/dialogue_cover_61_Lopez2.jpg
skipping non-regular file "IDLEG.fcpbundle/.fcpcache"
.d           Dialogue/thumbnails/PSD/
.f           Dialogue/thumbnails/PSD/._dialogue_cover_d1209_Mz.jpg.PSD
.f           Dialogue/thumbnails/PSD/._dialogue_cover_d1210_Mz.jpg.PSD
.f           Dialogue/thumbnails/PSD/._dialogue_cover_d1211_Mz.jpg.PSD
.f           Dialogue/thumbnails/PSD/._dialogue_cover_d1212_Mz.jpg.PSD
.f           Dialogue/thumbnails/PSD/._dialogue_cover_d1213_Mz.jpg.PSD
.f           Dialogue/thumbnails/PSD/._dialogue_cover_d1235_Mz.jpg.PSD
.f           Dialogue/thumbnails/PSD/._dialogue_cover_d1310_Mz.jpg.PSD
.f           Dialogue/thumbnails/PSD/._dialogue_cover_d1311_Mz.jpg.PSD
.f           Dialogue/thumbnails/PSD/._dialogue_cover_d1312_Mz.jpg.PSD
.f           Dialogue/thumbnails/PSD/._dialogue_cover_d1504_Mz.jpg.PSD
.f           Dialogue/thumbnails/PSD/._dialogue_cover_d1512_Mz.jpg.PSD
.f           Dialogue/thumbnails/PSD/._dialogue_cover_d1513_Mz.jpg.PSD
.f           Dialogue/thumbnails/PSD/._dialogue_cover_d1514_Mz.jpg.PSD
.f           Dialogue/thumbnails/PSD/._dialogue_cover_d1602_Mz.jpg.PSD
.f           Dialogue/thumbnails/PSD/._dialogue_cover_d1612_Mz.jpg.PSD
.f           Dialogue/thumbnails/PSD/._dialogue_cover_d1613_Mz.jpg.PSD
.f           Dialogue/thumbnails/PSD/._dialogue_cover_d1614_Mz.jpg.PSD
.f           Dialogue/thumbnails/PSD/._dialogue_cover_d1712_Mz.jpg.PSD
.f           Dialogue/thumbnails/PSD/._dialogue_cover_d1713_Mz.jpg.PSD
.f           Dialogue/thumbnails/PSD/._dialogue_cover_d1714_Mz.jpg.PSD
.f           Dialogue/thumbnails/PSD/._dialogue_cover_d1715_Mz.jpg.PSD
.f           Dialogue/thumbnails/PSD/._dialogue_cover_d1805_Mz.jpg.PSD
.f           Dialogue/thumbnails/PSD/._dialogue_cover_d1814_Mz.jpg.PSD
.f           Dialogue/thumbnails/PSD/._dialogue_cover_d1815_Mz.jpg.PSD
.f           Dialogue/thumbnails/PSD/._dialogue_cover_d1901_Mz.jpg.PSD
.f           Dialogue/thumbnails/PSD/._dialogue_cover_d1902_Mz.jpg.PSD
.f           Dialogue/thumbnails/PSD/._dialogue_cover_d1903_Mz.jpg.PSD
.f           Dialogue/thumbnails/PSD/._dialogue_cover_d1904_Mz.jpg.PSD
.f           Dialogue/thumbnails/PSD/._dialogue_cover_d2108_Mz.jpg.PSD
.f           Dialogue/thumbnails/PSD/._dialogue_cover_d2109_Mz.jpg.PSD
.f           Dialogue/thumbnails/PSD/._dialogue_cover_d2111_Mz.jpg.PSD
.f           Dialogue/thumbnails/PSD/._dialogue_cover_d2112_Mz.jpg.PSD
.f           Dialogue/thumbnails/PSD/._dialogue_cover_d2116_Mz.jpg.PSD
.f           Dialogue/thumbnails/PSD/._dialogue_cover_d2126_Mz.jpg.PSD
.f           Dialogue/thumbnails/PSD/._dialogue_cover_d2205_Mz.jpg.PSD
.f           Dialogue/thumbnails/PSD/._dialogue_cover_d2206_Mz.jpg.PSD
.f           Dialogue/thumbnails/PSD/._dialogue_cover_d2208_Mz.jpg.PSD
.f           Dialogue/thumbnails/PSD/._dialogue_cover_d2209_Mz.jpg.PSD
.f           Dialogue/thumbnails/PSD/._dialogue_cover_d2210_Mz.jpg.PSD
.f           Dialogue/thumbnails/PSD/._dialogue_cover_d2225_Mz.jpg.PSD
.f           Dialogue/thumbnails/PSD/._dialogue_cover_d2303_Mz.jpg.PSD
.f           Dialogue/thumbnails/PSD/._dialogue_cover_d2304_Mz.jpg.PSD
.f           Dialogue/thumbnails/PSD/._dialogue_cover_d2305_Mz.jpg.PSD
.f           Dialogue/thumbnails/PSD/._dialogue_cover_d2306_Mz.jpg.PSD
.f           Dialogue/thumbnails/PSD/._dialogue_cover_d2308_Mz.jpg.psd
.f           Dialogue/thumbnails/PSD/._dialogue_cover_d2309_Mz.jpg.PSD
.f           Dialogue/thumbnails/PSD/._dialogue_cover_d2318_Mz.jpg.PSD
.f           Dialogue/thumbnails/PSD/._dialogue_cover_d2319_Mz.jpg.PSD
.f           Dialogue/thumbnails/PSD/._dialogue_cover_d2320_Mz.jpg.PSD
.f           Dialogue/thumbnails/PSD/._dialogue_cover_d2321_Mz.jpg.PSD
.f           Dialogue/thumbnails/PSD/._dialogue_cover_d2322_Mz.jpg.PSD
.f           Dialogue/thumbnails/PSD/._dialogue_cover_d2401_Mz.jpg.PSD
.f           Dialogue/thumbnails/PSD/._dialogue_cover_d2402_Mz.jpg.PSD
.f           Dialogue/thumbnails/PSD/._dialogue_cover_d2403_Mz.jpg.PSD
.f           Dialogue/thumbnails/PSD/._dialogue_cover_d2405_Mz.jpg.PSD
.f           Dialogue/thumbnails/PSD/._dialogue_cover_d2502_Mz.jpg.PSD
.f           Dialogue/thumbnails/PSD/._dialogue_cover_d2503_Mz.jpg.PSD
.f           Dialogue/thumbnails/PSD/._dialogue_cover_d2504_Mz.jpg.PSD
.f           Dialogue/thumbnails/PSD/._dialogue_cover_d2505_Mz.jpg.PSD
.f           Dialogue/thumbnails/PSD/._dialogue_cover_d2506_Mz.jpg.PSD
.f           Dialogue/thumbnails/PSD/dialogue_cover_d1209_Mz.jpg.PSD
.f           Dialogue/thumbnails/PSD/dialogue_cover_d1210_Mz.jpg.PSD
.f           Dialogue/thumbnails/PSD/dialogue_cover_d1211_Mz.jpg.PSD
.f           Dialogue/thumbnails/PSD/dialogue_cover_d1212_Mz.jpg.PSD
.f           Dialogue/thumbnails/PSD/dialogue_cover_d1213_Mz.jpg.PSD
.f           Dialogue/thumbnails/PSD/dialogue_cover_d1235_Mz.jpg.PSD
.f           Dialogue/thumbnails/PSD/dialogue_cover_d1310_Mz.jpg.PSD
.f           Dialogue/thumbnails/PSD/dialogue_cover_d1311_Mz.jpg.PSD
.f           Dialogue/thumbnails/PSD/dialogue_cover_d1312_Mz.jpg.PSD
.f           Dialogue/thumbnails/PSD/dialogue_cover_d1504_Mz.jpg.PSD
.f           Dialogue/thumbnails/PSD/dialogue_cover_d1512_Mz.jpg.PSD
.f           Dialogue/thumbnails/PSD/dialogue_cover_d1513_Mz.jpg.PSD
.f           Dialogue/thumbnails/PSD/dialogue_cover_d1514_Mz.jpg.PSD
.f           Dialogue/thumbnails/PSD/dialogue_cover_d1602_Mz.jpg.PSD
.f           Dialogue/thumbnails/PSD/dialogue_cover_d1612_Mz.jpg.PSD
.f           Dialogue/thumbnails/PSD/dialogue_cover_d1613_Mz.jpg.PSD
.f           Dialogue/thumbnails/PSD/dialogue_cover_d1614_Mz.jpg.PSD
.f           Dialogue/thumbnails/PSD/dialogue_cover_d1712_Mz.jpg.PSD
.f           Dialogue/thumbnails/PSD/dialogue_cover_d1713_Mz.jpg.PSD
.f           Dialogue/thumbnails/PSD/dialogue_cover_d1714_Mz.jpg.PSD
.f           Dialogue/thumbnails/PSD/dialogue_cover_d1715_Mz.jpg.PSD
.f           Dialogue/thumbnails/PSD/dialogue_cover_d1805_Mz.jpg.PSD
.f           Dialogue/thumbnails/PSD/dialogue_cover_d1814_Mz.jpg.PSD
.f           Dialogue/thumbnails/PSD/dialogue_cover_d1815_Mz.jpg.PSD
.f           Dialogue/thumbnails/PSD/dialogue_cover_d1901_Mz.jpg.PSD
.f           Dialogue/thumbnails/PSD/dialogue_cover_d1902_Mz.jpg.PSD
.f           Dialogue/thumbnails/PSD/dialogue_cover_d1903_Mz.jpg.PSD
.f           Dialogue/thumbnails/PSD/dialogue_cover_d1904_Mz.jpg.PSD
.f           Dialogue/thumbnails/PSD/dialogue_cover_d2108_Mz.jpg.PSD
.f           Dialogue/thumbnails/PSD/dialogue_cover_d2109_Mz.jpg.PSD
.f           Dialogue/thumbnails/PSD/dialogue_cover_d2111_Mz.jpg.PSD
.f           Dialogue/thumbnails/PSD/dialogue_cover_d2112_Mz.jpg.PSD
.f           Dialogue/thumbnails/PSD/dialogue_cover_d2116_Mz.jpg.PSD
.f           Dialogue/thumbnails/PSD/dialogue_cover_d2126_Mz.jpg.PSD
.f           Dialogue/thumbnails/PSD/dialogue_cover_d2205_Mz.jpg.PSD
.f           Dialogue/thumbnails/PSD/dialogue_cover_d2206_Mz.jpg.PSD
.f           Dialogue/thumbnails/PSD/dialogue_cover_d2208_Mz.jpg.PSD
.f           Dialogue/thumbnails/PSD/dialogue_cover_d2209_Mz.jpg.PSD
.f           Dialogue/thumbnails/PSD/dialogue_cover_d2210_Mz.jpg.PSD
.f           Dialogue/thumbnails/PSD/dialogue_cover_d2225_Mz.jpg.PSD
.f           Dialogue/thumbnails/PSD/dialogue_cover_d2303_Mz.jpg.PSD
.f           Dialogue/thumbnails/PSD/dialogue_cover_d2304_Mz.jpg.PSD
.f           Dialogue/thumbnails/PSD/dialogue_cover_d2305_Mz.jpg.PSD
.f           Dialogue/thumbnails/PSD/dialogue_cover_d2306_Mz.jpg.PSD
.f           Dialogue/thumbnails/PSD/dialogue_cover_d2308_Mz.jpg.psd
.f           Dialogue/thumbnails/PSD/dialogue_cover_d2309_Mz.jpg.PSD
.f           Dialogue/thumbnails/PSD/dialogue_cover_d2318_Mz.jpg.PSD
.f           Dialogue/thumbnails/PSD/dialogue_cover_d2319_Mz.jpg.PSD
.f           Dialogue/thumbnails/PSD/dialogue_cover_d2320_Mz.jpg.PSD
.f           Dialogue/thumbnails/PSD/dialogue_cover_d2321_Mz.jpg.PSD
.f           Dialogue/thumbnails/PSD/dialogue_cover_d2322_Mz.jpg.PSD
.f           Dialogue/thumbnails/PSD/dialogue_cover_d2401_Mz.jpg.PSD
.f           Dialogue/thumbnails/PSD/dialogue_cover_d2402_Mz.jpg.PSD
.f           Dialogue/thumbnails/PSD/dialogue_cover_d2403_Mz.jpg.PSD
.f           Dialogue/thumbnails/PSD/dialogue_cover_d2405_Mz.jpg.PSD
.f           Dialogue/thumbnails/PSD/dialogue_cover_d2502_Mz.jpg.PSD
.f           Dialogue/thumbnails/PSD/dialogue_cover_d2503_Mz.jpg.PSD
.f           Dialogue/thumbnails/PSD/dialogue_cover_d2504_Mz.jpg.PSD
.f           Dialogue/thumbnails/PSD/dialogue_cover_d2505_Mz.jpg.PSD
.f           Dialogue/thumbnails/PSD/dialogue_cover_d2506_Mz.jpg.PSD
.d           IDLEG.fcpbundle/
.f           IDLEG.fcpbundle/._.fcpcache
.f           IDLEG.fcpbundle/._.lock
.f           IDLEG.fcpbundle/._.lock-dir
.f           IDLEG.fcpbundle/._.lock-info
.f           IDLEG.fcpbundle/._12-25-19
.f           IDLEG.fcpbundle/._8-19-20 Argonaut
.f           IDLEG.fcpbundle/._Back to School Fall 2020
.f           IDLEG.fcpbundle/._CurrentVersion.flexolibrary
.f           IDLEG.fcpbundle/._CurrentVersion.plist
.f           IDLEG.fcpbundle/._Idaho Reports
.f           IDLEG.fcpbundle/._Motion Templates.localized
.f           IDLEG.fcpbundle/._Settings.plist
.f           IDLEG.fcpbundle/._Special Session 2020
.f           IDLEG.fcpbundle/._Stage-3
.f           IDLEG.fcpbundle/._Very Special Session
.f           IDLEG.fcpbundle/.___Sync__
.f           IDLEG.fcpbundle/.___Temp
.f           IDLEG.fcpbundle/.lock
.f           IDLEG.fcpbundle/.lock-info
.f           IDLEG.fcpbundle/CurrentVersion.flexolibrary
.f           IDLEG.fcpbundle/CurrentVersion.plist
.f           IDLEG.fcpbundle/Settings.plist
.f           IDLEG.fcpbundle/__Sync__
.d           IDLEG.fcpbundle/.lock-dir/
.d           IDLEG.fcpbundle/12-25-19/
.f           IDLEG.fcpbundle/12-25-19/._Analysis Files
.f           IDLEG.fcpbundle/12-25-19/._Butts-testimony
.f           IDLEG.fcpbundle/12-25-19/._CurrentVersion.fcpevent
.f           IDLEG.fcpbundle/12-25-19/._Original Media
.f           IDLEG.fcpbundle/12-25-19/._Render Files
.f           IDLEG.fcpbundle/12-25-19/._Shared Items
.f           IDLEG.fcpbundle/12-25-19/._Uni Pres FINALISTS
.f           IDLEG.fcpbundle/12-25-19/CurrentVersion.fcpevent
.d           IDLEG.fcpbundle/12-25-19/Analysis Files/
.f           IDLEG.fcpbundle/12-25-19/Analysis Files/._Flow Transition
.d           IDLEG.fcpbundle/12-25-19/Analysis Files/Flow Transition/
.f           IDLEG.fcpbundle/12-25-19/Analysis Files/Flow Transition/._571DE7D2EA4382B267A9AD65BF73DD27
.f           IDLEG.fcpbundle/12-25-19/Analysis Files/Flow Transition/._748F231DF5E13E47DB0C7DF4E30930BF
.f           IDLEG.fcpbundle/12-25-19/Analysis Files/Flow Transition/._7E9227606A6F547E3B79B1E898A6B136
.f           IDLEG.fcpbundle/12-25-19/Analysis Files/Flow Transition/._830ACDAC82499F59449DE2632752CA6F
.f           IDLEG.fcpbundle/12-25-19/Analysis Files/Flow Transition/._F4110456DE0BBFFEE573D21623149884
.d           IDLEG.fcpbundle/12-25-19/Analysis Files/Flow Transition/571DE7D2EA4382B267A9AD65BF73DD27/
.f           IDLEG.fcpbundle/12-25-19/Analysis Files/Flow Transition/571DE7D2EA4382B267A9AD65BF73DD27/._Frame 0 - 1023
.f           IDLEG.fcpbundle/12-25-19/Analysis Files/Flow Transition/571DE7D2EA4382B267A9AD65BF73DD27/._Info.plist
.f           IDLEG.fcpbundle/12-25-19/Analysis Files/Flow Transition/571DE7D2EA4382B267A9AD65BF73DD27/Frame 0 - 1023
.f           IDLEG.fcpbundle/12-25-19/Analysis Files/Flow Transition/571DE7D2EA4382B267A9AD65BF73DD27/Info.plist
.d           IDLEG.fcpbundle/12-25-19/Analysis Files/Flow Transition/748F231DF5E13E47DB0C7DF4E30930BF/
.f           IDLEG.fcpbundle/12-25-19/Analysis Files/Flow Transition/748F231DF5E13E47DB0C7DF4E30930BF/._Frame 0 - 1023
.f           IDLEG.fcpbundle/12-25-19/Analysis Files/Flow Transition/748F231DF5E13E47DB0C7DF4E30930BF/._Info.plist
.f           IDLEG.fcpbundle/12-25-19/Analysis Files/Flow Transition/748F231DF5E13E47DB0C7DF4E30930BF/Frame 0 - 1023
.f           IDLEG.fcpbundle/12-25-19/Analysis Files/Flow Transition/748F231DF5E13E47DB0C7DF4E30930BF/Info.plist
.d           IDLEG.fcpbundle/12-25-19/Analysis Files/Flow Transition/7E9227606A6F547E3B79B1E898A6B136/
.f           IDLEG.fcpbundle/12-25-19/Analysis Files/Flow Transition/7E9227606A6F547E3B79B1E898A6B136/._Frame 0 - 1023
.f           IDLEG.fcpbundle/12-25-19/Analysis Files/Flow Transition/7E9227606A6F547E3B79B1E898A6B136/._Info.plist
.f           IDLEG.fcpbundle/12-25-19/Analysis Files/Flow Transition/7E9227606A6F547E3B79B1E898A6B136/Frame 0 - 1023
.f           IDLEG.fcpbundle/12-25-19/Analysis Files/Flow Transition/7E9227606A6F547E3B79B1E898A6B136/Info.plist
.d           IDLEG.fcpbundle/12-25-19/Analysis Files/Flow Transition/830ACDAC82499F59449DE2632752CA6F/
.f           IDLEG.fcpbundle/12-25-19/Analysis Files/Flow Transition/830ACDAC82499F59449DE2632752CA6F/._Frame 0 - 1023
.f           IDLEG.fcpbundle/12-25-19/Analysis Files/Flow Transition/830ACDAC82499F59449DE2632752CA6F/._Info.plist
.f           IDLEG.fcpbundle/12-25-19/Analysis Files/Flow Transition/830ACDAC82499F59449DE2632752CA6F/Frame 0 - 1023
.f           IDLEG.fcpbundle/12-25-19/Analysis Files/Flow Transition/830ACDAC82499F59449DE2632752CA6F/Info.plist
.d           IDLEG.fcpbundle/12-25-19/Analysis Files/Flow Transition/F4110456DE0BBFFEE573D21623149884/
.f           IDLEG.fcpbundle/12-25-19/Analysis Files/Flow Transition/F4110456DE0BBFFEE573D21623149884/._Frame 0 - 1023
.f           IDLEG.fcpbundle/12-25-19/Analysis Files/Flow Transition/F4110456DE0BBFFEE573D21623149884/._Info.plist
.f           IDLEG.fcpbundle/12-25-19/Analysis Files/Flow Transition/F4110456DE0BBFFEE573D21623149884/Frame 0 - 1023
.f           IDLEG.fcpbundle/12-25-19/Analysis Files/Flow Transition/F4110456DE0BBFFEE573D21623149884/Info.plist
.d           IDLEG.fcpbundle/12-25-19/Butts-testimony/
.f           IDLEG.fcpbundle/12-25-19/Butts-testimony/._CurrentVersion.fcpevent
.f           IDLEG.fcpbundle/12-25-19/Butts-testimony/CurrentVersion.fcpevent
.d           IDLEG.fcpbundle/12-25-19/Original Media/
.f           IDLEG.fcpbundle/12-25-19/Original Media/._1-16 Senate Education.mp4
.f           IDLEG.fcpbundle/12-25-19/Original Media/._BUTTS-testimony.mp4
.f           IDLEG.fcpbundle/12-25-19/Original Media/._TASCAM_0017S12.wav
.f           IDLEG.fcpbundle/12-25-19/Original Media/._TASCAM_0017S34D06.wav
.f           IDLEG.fcpbundle/12-25-19/Original Media/1-16 Senate Education.mp4
.f           IDLEG.fcpbundle/12-25-19/Original Media/BUTTS-testimony.mp4
.f           IDLEG.fcpbundle/12-25-19/Original Media/TASCAM_0017S12.wav
.f           IDLEG.fcpbundle/12-25-19/Original Media/TASCAM_0017S34D06.wav
.d           IDLEG.fcpbundle/12-25-19/Render Files/
.f           IDLEG.fcpbundle/12-25-19/Render Files/._High Quality Media
.f           IDLEG.fcpbundle/12-25-19/Render Files/._Peaks Data
.f           IDLEG.fcpbundle/12-25-19/Render Files/._Thumbnail Media
.d           IDLEG.fcpbundle/12-25-19/Render Files/High Quality Media/
.f           IDLEG.fcpbundle/12-25-19/Render Files/High Quality Media/._0A96102E43AC0EB0AB1DF9BAF68241E3
.f           IDLEG.fcpbundle/12-25-19/Render Files/High Quality Media/._34C63F89356BD71418C45A597F7A969A
.f           IDLEG.fcpbundle/12-25-19/Render Files/High Quality Media/._3CC34516BAE2BDA1B94F38FB22A5FFAE
.f           IDLEG.fcpbundle/12-25-19/Render Files/High Quality Media/._4C16F9B2E9F328E918E3D6FF1CA35D23
.f           IDLEG.fcpbundle/12-25-19/Render Files/High Quality Media/._4F50B73606744CE7FF5DE40F11ECF48F
.f           IDLEG.fcpbundle/12-25-19/Render Files/High Quality Media/._6EDAB2BE8CD965FDA1E9C926090012B7
.f           IDLEG.fcpbundle/12-25-19/Render Files/High Quality Media/._8655143AB3F17B50FF96E8D43EA1C0EB
.f           IDLEG.fcpbundle/12-25-19/Render Files/High Quality Media/._DA216C4FB681EB80D6ABD48E5B00ABC8
.f           IDLEG.fcpbundle/12-25-19/Render Files/High Quality Media/._F1B61998E6167EEA34A7363EEF2053D2
.f           IDLEG.fcpbundle/12-25-19/Render Files/High Quality Media/._F766E49CFDDE09E191552599C133F99F
.d           IDLEG.fcpbundle/12-25-19/Render Files/High Quality Media/0A96102E43AC0EB0AB1DF9BAF68241E3/
.f           IDLEG.fcpbundle/12-25-19/Render Files/High Quality Media/0A96102E43AC0EB0AB1DF9BAF68241E3/._Frame 86016 - 87039
.f           IDLEG.fcpbundle/12-25-19/Render Files/High Quality Media/0A96102E43AC0EB0AB1DF9BAF68241E3/._Info.plist
.f           IDLEG.fcpbundle/12-25-19/Render Files/High Quality Media/0A96102E43AC0EB0AB1DF9BAF68241E3/Frame 86016 - 87039
.f           IDLEG.fcpbundle/12-25-19/Render Files/High Quality Media/0A96102E43AC0EB0AB1DF9BAF68241E3/Info.plist
.d           IDLEG.fcpbundle/12-25-19/Render Files/High Quality Media/34C63F89356BD71418C45A597F7A969A/
.f           IDLEG.fcpbundle/12-25-19/Render Files/High Quality Media/34C63F89356BD71418C45A597F7A969A/._Frame 0 - 1023
.f           IDLEG.fcpbundle/12-25-19/Render Files/High Quality Media/34C63F89356BD71418C45A597F7A969A/._Frame 26624 - 27647
.f           IDLEG.fcpbundle/12-25-19/Render Files/High Quality Media/34C63F89356BD71418C45A597F7A969A/._Frame 27648 - 28671
.f           IDLEG.fcpbundle/12-25-19/Render Files/High Quality Media/34C63F89356BD71418C45A597F7A969A/._Frame 28672 - 29695
.f           IDLEG.fcpbundle/12-25-19/Render Files/High Quality Media/34C63F89356BD71418C45A597F7A969A/._Frame 30720 - 31743
.f           IDLEG.fcpbundle/12-25-19/Render Files/High Quality Media/34C63F89356BD71418C45A597F7A969A/._Info.plist
.f           IDLEG.fcpbundle/12-25-19/Render Files/High Quality Media/34C63F89356BD71418C45A597F7A969A/Frame 0 - 1023
.f           IDLEG.fcpbundle/12-25-19/Render Files/High Quality Media/34C63F89356BD71418C45A597F7A969A/Frame 26624 - 27647
.f           IDLEG.fcpbundle/12-25-19/Render Files/High Quality Media/34C63F89356BD71418C45A597F7A969A/Frame 27648 - 28671
.f           IDLEG.fcpbundle/12-25-19/Render Files/High Quality Media/34C63F89356BD71418C45A597F7A969A/Frame 28672 - 29695
.f           IDLEG.fcpbundle/12-25-19/Render Files/High Quality Media/34C63F89356BD71418C45A597F7A969A/Frame 30720 - 31743
.f           IDLEG.fcpbundle/12-25-19/Render Files/High Quality Media/34C63F89356BD71418C45A597F7A969A/Info.plist
.d           IDLEG.fcpbundle/12-25-19/Render Files/High Quality Media/3CC34516BAE2BDA1B94F38FB22A5FFAE/
.f           IDLEG.fcpbundle/12-25-19/Render Files/High Quality Media/3CC34516BAE2BDA1B94F38FB22A5FFAE/._Frame 0 - 1023
.f           IDLEG.fcpbundle/12-25-19/Render Files/High Quality Media/3CC34516BAE2BDA1B94F38FB22A5FFAE/._Frame 1024 - 2047
.f           IDLEG.fcpbundle/12-25-19/Render Files/High Quality Media/3CC34516BAE2BDA1B94F38FB22A5FFAE/._Frame 2048 - 3071
.f           IDLEG.fcpbundle/12-25-19/Render Files/High Quality Media/3CC34516BAE2BDA1B94F38FB22A5FFAE/._Frame 3072 - 4095
.f           IDLEG.fcpbundle/12-25-19/Render Files/High Quality Media/3CC34516BAE2BDA1B94F38FB22A5FFAE/._Info.plist
.f           IDLEG.fcpbundle/12-25-19/Render Files/High Quality Media/3CC34516BAE2BDA1B94F38FB22A5FFAE/Frame 0 - 1023
.f           IDLEG.fcpbundle/12-25-19/Render Files/High Quality Media/3CC34516BAE2BDA1B94F38FB22A5FFAE/Frame 1024 - 2047
.f           IDLEG.fcpbundle/12-25-19/Render Files/High Quality Media/3CC34516BAE2BDA1B94F38FB22A5FFAE/Frame 2048 - 3071
.f           IDLEG.fcpbundle/12-25-19/Render Files/High Quality Media/3CC34516BAE2BDA1B94F38FB22A5FFAE/Frame 3072 - 4095
.f           IDLEG.fcpbundle/12-25-19/Render Files/High Quality Media/3CC34516BAE2BDA1B94F38FB22A5FFAE/Info.plist
.d           IDLEG.fcpbundle/12-25-19/Render Files/High Quality Media/4C16F9B2E9F328E918E3D6FF1CA35D23/
.f           IDLEG.fcpbundle/12-25-19/Render Files/High Quality Media/4C16F9B2E9F328E918E3D6FF1CA35D23/._Frame 0 - 1023
.f           IDLEG.fcpbundle/12-25-19/Render Files/High Quality Media/4C16F9B2E9F328E918E3D6FF1CA35D23/._Info.plist
.f           IDLEG.fcpbundle/12-25-19/Render Files/High Quality Media/4C16F9B2E9F328E918E3D6FF1CA35D23/Frame 0 - 1023
.f           IDLEG.fcpbundle/12-25-19/Render Files/High Quality Media/4C16F9B2E9F328E918E3D6FF1CA35D23/Info.plist
.d           IDLEG.fcpbundle/12-25-19/Render Files/High Quality Media/4F50B73606744CE7FF5DE40F11ECF48F/
.f           IDLEG.fcpbundle/12-25-19/Render Files/High Quality Media/4F50B73606744CE7FF5DE40F11ECF48F/._Frame 0 - 1023
.f           IDLEG.fcpbundle/12-25-19/Render Files/High Quality Media/4F50B73606744CE7FF5DE40F11ECF48F/._Info.plist
.f           IDLEG.fcpbundle/12-25-19/Render Files/High Quality Media/4F50B73606744CE7FF5DE40F11ECF48F/Frame 0 - 1023
.f           IDLEG.fcpbundle/12-25-19/Render Files/High Quality Media/4F50B73606744CE7FF5DE40F11ECF48F/Info.plist
.d           IDLEG.fcpbundle/12-25-19/Render Files/High Quality Media/6EDAB2BE8CD965FDA1E9C926090012B7/
.f           IDLEG.fcpbundle/12-25-19/Render Files/High Quality Media/6EDAB2BE8CD965FDA1E9C926090012B7/._Frame 28672 - 29695
.f           IDLEG.fcpbundle/12-25-19/Render Files/High Quality Media/6EDAB2BE8CD965FDA1E9C926090012B7/._Info.plist
.f           IDLEG.fcpbundle/12-25-19/Render Files/High Quality Media/6EDAB2BE8CD965FDA1E9C926090012B7/Frame 28672 - 29695
.f           IDLEG.fcpbundle/12-25-19/Render Files/High Quality Media/6EDAB2BE8CD965FDA1E9C926090012B7/Info.plist
.d           IDLEG.fcpbundle/12-25-19/Render Files/High Quality Media/8655143AB3F17B50FF96E8D43EA1C0EB/
.f           IDLEG.fcpbundle/12-25-19/Render Files/High Quality Media/8655143AB3F17B50FF96E8D43EA1C0EB/._Frame 30720 - 31743
.f           IDLEG.fcpbundle/12-25-19/Render Files/High Quality Media/8655143AB3F17B50FF96E8D43EA1C0EB/._Info.plist
.f           IDLEG.fcpbundle/12-25-19/Render Files/High Quality Media/8655143AB3F17B50FF96E8D43EA1C0EB/Frame 30720 - 31743
.f           IDLEG.fcpbundle/12-25-19/Render Files/High Quality Media/8655143AB3F17B50FF96E8D43EA1C0EB/Info.plist
.d           IDLEG.fcpbundle/12-25-19/Render Files/High Quality Media/DA216C4FB681EB80D6ABD48E5B00ABC8/
.f           IDLEG.fcpbundle/12-25-19/Render Files/High Quality Media/DA216C4FB681EB80D6ABD48E5B00ABC8/._Frame 28672 - 29695
.f           IDLEG.fcpbundle/12-25-19/Render Files/High Quality Media/DA216C4FB681EB80D6ABD48E5B00ABC8/._Info.plist
.f           IDLEG.fcpbundle/12-25-19/Render Files/High Quality Media/DA216C4FB681EB80D6ABD48E5B00ABC8/Frame 28672 - 29695
.f           IDLEG.fcpbundle/12-25-19/Render Files/High Quality Media/DA216C4FB681EB80D6ABD48E5B00ABC8/Info.plist
.d           IDLEG.fcpbundle/12-25-19/Render Files/High Quality Media/F1B61998E6167EEA34A7363EEF2053D2/
.f           IDLEG.fcpbundle/12-25-19/Render Files/High Quality Media/F1B61998E6167EEA34A7363EEF2053D2/._Frame 30720 - 31743
.f           IDLEG.fcpbundle/12-25-19/Render Files/High Quality Media/F1B61998E6167EEA34A7363EEF2053D2/._Info.plist
.f           IDLEG.fcpbundle/12-25-19/Render Files/High Quality Media/F1B61998E6167EEA34A7363EEF2053D2/Frame 30720 - 31743
.f           IDLEG.fcpbundle/12-25-19/Render Files/High Quality Media/F1B61998E6167EEA34A7363EEF2053D2/Info.plist
.d           IDLEG.fcpbundle/12-25-19/Render Files/High Quality Media/F766E49CFDDE09E191552599C133F99F/
.f           IDLEG.fcpbundle/12-25-19/Render Files/High Quality Media/F766E49CFDDE09E191552599C133F99F/._Frame 27648 - 28671
.f           IDLEG.fcpbundle/12-25-19/Render Files/High Quality Media/F766E49CFDDE09E191552599C133F99F/._Info.plist
.f           IDLEG.fcpbundle/12-25-19/Render Files/High Quality Media/F766E49CFDDE09E191552599C133F99F/Frame 27648 - 28671
.f           IDLEG.fcpbundle/12-25-19/Render Files/High Quality Media/F766E49CFDDE09E191552599C133F99F/Info.plist
.d           IDLEG.fcpbundle/12-25-19/Render Files/Peaks Data/
.f           IDLEG.fcpbundle/12-25-19/Render Files/Peaks Data/._036BB422B2D2282B2548276819A8854D
.f           IDLEG.fcpbundle/12-25-19/Render Files/Peaks Data/._04B0FE6860A8572B23F2E778C4188591
.f           IDLEG.fcpbundle/12-25-19/Render Files/Peaks Data/._070801681C5FBC384EAD2278B695B858
.f           IDLEG.fcpbundle/12-25-19/Render Files/Peaks Data/._0B237791794CE277632BD5D57B84C0E4
.f           IDLEG.fcpbundle/12-25-19/Render Files/Peaks Data/._0CB644EB721543A3318ED8699B7D2C37
.f           IDLEG.fcpbundle/12-25-19/Render Files/Peaks Data/._0E81E01E25160E6233574ECFA3635CF1
.f           IDLEG.fcpbundle/12-25-19/Render Files/Peaks Data/._0EBD7656FCF9CA0D512BF33B4379C701
.f           IDLEG.fcpbundle/12-25-19/Render Files/Peaks Data/._25D688D6D08A76FC562C485AB240C535
.f           IDLEG.fcpbundle/12-25-19/Render Files/Peaks Data/._2E06E397667CFA7CB046AFB4D15A7AEB
.f           IDLEG.fcpbundle/12-25-19/Render Files/Peaks Data/._36FA1F39085C04D8646EAC5D96B8E63D
.f           IDLEG.fcpbundle/12-25-19/Render Files/Peaks Data/._3C56C9847CB5F2891FEA3725750F3C13
.f           IDLEG.fcpbundle/12-25-19/Render Files/Peaks Data/._3E420CB01F06CEB3958F3207AE4D8AE2
.f           IDLEG.fcpbundle/12-25-19/Render Files/Peaks Data/._4564049AC0810B15BB0469FF2E545EA5
.f           IDLEG.fcpbundle/12-25-19/Render Files/Peaks Data/._47940C142489AFF87D927FCFBCCF48EE
.f           IDLEG.fcpbundle/12-25-19/Render Files/Peaks Data/._55B454A2E1187A86C6F8A1463A9E5DDB
.f           IDLEG.fcpbundle/12-25-19/Render Files/Peaks Data/._793A9F3FC608F92C5AF0C41F74B88E69
.f           IDLEG.fcpbundle/12-25-19/Render Files/Peaks Data/._7C5E5BE81791896DCCE709D127E54DB5
.f           IDLEG.fcpbundle/12-25-19/Render Files/Peaks Data/._87A5723F8809CF207636E23737EC2469
.f           IDLEG.fcpbundle/12-25-19/Render Files/Peaks Data/._8C9FD5FE4CCE8824346C1FC2B94AA8A3
.f           IDLEG.fcpbundle/12-25-19/Render Files/Peaks Data/._99FED722E6A368CF155617D7FCFB36F2
.f           IDLEG.fcpbundle/12-25-19/Render Files/Peaks Data/._9C9EFA3BF5080619E688D633B7C9418B
.f           IDLEG.fcpbundle/12-25-19/Render Files/Peaks Data/._9FAEFA39881D515B9C54008398ECDCF7
.f           IDLEG.fcpbundle/12-25-19/Render Files/Peaks Data/._B07C971472596227400469EF84F69CB7
.f           IDLEG.fcpbundle/12-25-19/Render Files/Peaks Data/._B36C3162C62FADC395987E1BAF3EB50C
.f           IDLEG.fcpbundle/12-25-19/Render Files/Peaks Data/._B7B845155401CCE46D7A498D978CA77A
.f           IDLEG.fcpbundle/12-25-19/Render Files/Peaks Data/._BD58EB271EE6EB612EF1855F94810210
.f           IDLEG.fcpbundle/12-25-19/Render Files/Peaks Data/._BD8863748C9F872DED3A3444D821C18B
.f           IDLEG.fcpbundle/12-25-19/Render Files/Peaks Data/._C8DE1907A0CE40240946A31E8602BC89
.f           IDLEG.fcpbundle/12-25-19/Render Files/Peaks Data/._D31A71CAD5F74CDD7097984553794DE0
.f           IDLEG.fcpbundle/12-25-19/Render Files/Peaks Data/._D3384B8F3659948B1FFF367FABD67AEC
.f           IDLEG.fcpbundle/12-25-19/Render Files/Peaks Data/._D83299C216F0846AE075C75B87587D28
.f           IDLEG.fcpbundle/12-25-19/Render Files/Peaks Data/._E62D6AA2A298F23AEA0DCDF167FB59A6
.f           IDLEG.fcpbundle/12-25-19/Render Files/Peaks Data/._F21B7E34D5A7B1EF09B9728A595EC8F8
.f           IDLEG.fcpbundle/12-25-19/Render Files/Peaks Data/._F67822CCB7B92B3A94210F3758A0F92B
.f           IDLEG.fcpbundle/12-25-19/Render Files/Peaks Data/._F6D40A2A15F9712F240ADB80148F38D9
.f           IDLEG.fcpbundle/12-25-19/Render Files/Peaks Data/._FC25986A56B4B560FE87F6742C6332A4
.d           IDLEG.fcpbundle/12-25-19/Render Files/Peaks Data/036BB422B2D2282B2548276819A8854D/
.f           IDLEG.fcpbundle/12-25-19/Render Files/Peaks Data/036BB422B2D2282B2548276819A8854D/._Frame 0 - 1023
.f           IDLEG.fcpbundle/12-25-19/Render Files/Peaks Data/036BB422B2D2282B2548276819A8854D/._Info.plist
.f           IDLEG.fcpbundle/12-25-19/Render Files/Peaks Data/036BB422B2D2282B2548276819A8854D/Frame 0 - 1023
.f           IDLEG.fcpbundle/12-25-19/Render Files/Peaks Data/036BB422B2D2282B2548276819A8854D/Info.plist
.d           IDLEG.fcpbundle/12-25-19/Render Files/Peaks Data/04B0FE6860A8572B23F2E778C4188591/
.f           IDLEG.fcpbundle/12-25-19/Render Files/Peaks Data/04B0FE6860A8572B23F2E778C4188591/._Frame 0 - 1023
.f           IDLEG.fcpbundle/12-25-19/Render Files/Peaks Data/04B0FE6860A8572B23F2E778C4188591/._Info.plist
.f           IDLEG.fcpbundle/12-25-19/Render Files/Peaks Data/04B0FE6860A8572B23F2E778C4188591/Frame 0 - 1023
.f           IDLEG.fcpbundle/12-25-19/Render Files/Peaks Data/04B0FE6860A8572B23F2E778C4188591/Info.plist
.d           IDLEG.fcpbundle/12-25-19/Render Files/Peaks Data/070801681C5FBC384EAD2278B695B858/
.f           IDLEG.fcpbundle/12-25-19/Render Files/Peaks Data/070801681C5FBC384EAD2278B695B858/._Frame 0 - 1023
.f           IDLEG.fcpbundle/12-25-19/Render Files/Peaks Data/070801681C5FBC384EAD2278B695B858/._Info.plist
.f           IDLEG.fcpbundle/12-25-19/Render Files/Peaks Data/070801681C5FBC384EAD2278B695B858/Frame 0 - 1023
.f           IDLEG.fcpbundle/12-25-19/Render Files/Peaks Data/070801681C5FBC384EAD2278B695B858/Info.plist
.d           IDLEG.fcpbundle/12-25-19/Render Files/Peaks Data/0B237791794CE277632BD5D57B84C0E4/
.f           IDLEG.fcpbundle/12-25-19/Render Files/Peaks Data/0B237791794CE277632BD5D57B84C0E4/._Frame 0 - 1023
.f           IDLEG.fcpbundle/12-25-19/Render Files/Peaks Data/0B237791794CE277632BD5D57B84C0E4/._Info.plist
.f           IDLEG.fcpbundle/12-25-19/Render Files/Peaks Data/0B237791794CE277632BD5D57B84C0E4/Frame 0 - 1023
.f           IDLEG.fcpbundle/12-25-19/Render Files/Peaks Data/0B237791794CE277632BD5D57B84C0E4/Info.plist
.d           IDLEG.fcpbundle/12-25-19/Render Files/Peaks Data/0CB644EB721543A3318ED8699B7D2C37/
.f           IDLEG.fcpbundle/12-25-19/Render Files/Peaks Data/0CB644EB721543A3318ED8699B7D2C37/._Frame 0 - 1023
.f           IDLEG.fcpbundle/12-25-19/Render Files/Peaks Data/0CB644EB721543A3318ED8699B7D2C37/._Info.plist
.f           IDLEG.fcpbundle/12-25-19/Render Files/Peaks Data/0CB644EB721543A3318ED8699B7D2C37/Frame 0 - 1023
.f           IDLEG.fcpbundle/12-25-19/Render Files/Peaks Data/0CB644EB721543A3318ED8699B7D2C37/Info.plist
.d           IDLEG.fcpbundle/12-25-19/Render Files/Peaks Data/0E81E01E25160E6233574ECFA3635CF1/
.f           IDLEG.fcpbundle/12-25-19/Render Files/Peaks Data/0E81E01E25160E6233574ECFA3635CF1/._Frame 0 - 1023
.f           IDLEG.fcpbundle/12-25-19/Render Files/Peaks Data/0E81E01E25160E6233574ECFA3635CF1/._Info.plist
.f           IDLEG.fcpbundle/12-25-19/Render Files/Peaks Data/0E81E01E25160E6233574ECFA3635CF1/Frame 0 - 1023
.f           IDLEG.fcpbundle/12-25-19/Render Files/Peaks Data/0E81E01E25160E6233574ECFA3635CF1/Info.plist
.d           IDLEG.fcpbundle/12-25-19/Render Files/Peaks Data/0EBD7656FCF9CA0D512BF33B4379C701/
.f           IDLEG.fcpbundle/12-25-19/Render Files/Peaks Data/0EBD7656FCF9CA0D512BF33B4379C701/._Frame 0 - 1023
.f           IDLEG.fcpbundle/12-25-19/Render Files/Peaks Data/0EBD7656FCF9CA0D512BF33B4379C701/._Info.plist
.f           IDLEG.fcpbundle/12-25-19/Render Files/Peaks Data/0EBD7656FCF9CA0D512BF33B4379C701/Frame 0 - 1023
.f           IDLEG.fcpbundle/12-25-19/Render Files/Peaks Data/0EBD7656FCF9CA0D512BF33B4379C701/Info.plist
.d           IDLEG.fcpbundle/12-25-19/Render Files/Peaks Data/25D688D6D08A76FC562C485AB240C535/
.f           IDLEG.fcpbundle/12-25-19/Render Files/Peaks Data/25D688D6D08A76FC562C485AB240C535/._Frame 0 - 1023
.f           IDLEG.fcpbundle/12-25-19/Render Files/Peaks Data/25D688D6D08A76FC562C485AB240C535/._Info.plist
.f           IDLEG.fcpbundle/12-25-19/Render Files/Peaks Data/25D688D6D08A76FC562C485AB240C535/Frame 0 - 1023
.f           IDLEG.fcpbundle/12-25-19/Render Files/Peaks Data/25D688D6D08A76FC562C485AB240C535/Info.plist
.d           IDLEG.fcpbundle/12-25-19/Render Files/Peaks Data/2E06E397667CFA7CB046AFB4D15A7AEB/
.f           IDLEG.fcpbundle/12-25-19/Render Files/Peaks Data/2E06E397667CFA7CB046AFB4D15A7AEB/._Frame 0 - 1023
.f           IDLEG.fcpbundle/12-25-19/Render Files/Peaks Data/2E06E397667CFA7CB046AFB4D15A7AEB/._Info.plist
.f           IDLEG.fcpbundle/12-25-19/Render Files/Peaks Data/2E06E397667CFA7CB046AFB4D15A7AEB/Frame 0 - 1023
.f           IDLEG.fcpbundle/12-25-19/Render Files/Peaks Data/2E06E397667CFA7CB046AFB4D15A7AEB/Info.plist
.d           IDLEG.fcpbundle/12-25-19/Render Files/Peaks Data/36FA1F39085C04D8646EAC5D96B8E63D/
.f           IDLEG.fcpbundle/12-25-19/Render Files/Peaks Data/36FA1F39085C04D8646EAC5D96B8E63D/._Frame 0 - 1023
.f           IDLEG.fcpbundle/12-25-19/Render Files/Peaks Data/36FA1F39085C04D8646EAC5D96B8E63D/._Info.plist
.f           IDLEG.fcpbundle/12-25-19/Render Files/Peaks Data/36FA1F39085C04D8646EAC5D96B8E63D/Frame 0 - 1023
.f           IDLEG.fcpbundle/12-25-19/Render Files/Peaks Data/36FA1F39085C04D8646EAC5D96B8E63D/Info.plist
.d           IDLEG.fcpbundle/12-25-19/Render Files/Peaks Data/3C56C9847CB5F2891FEA3725750F3C13/
.f           IDLEG.fcpbundle/12-25-19/Render Files/Peaks Data/3C56C9847CB5F2891FEA3725750F3C13/._Frame 0 - 1023
.f           IDLEG.fcpbundle/12-25-19/Render Files/Peaks Data/3C56C9847CB5F2891FEA3725750F3C13/._Info.plist
.f           IDLEG.fcpbundle/12-25-19/Render Files/Peaks Data/3C56C9847CB5F2891FEA3725750F3C13/Frame 0 - 1023
.f           IDLEG.fcpbundle/12-25-19/Render Files/Peaks Data/3C56C9847CB5F2891FEA3725750F3C13/Info.plist
.d           IDLEG.fcpbundle/12-25-19/Render Files/Peaks Data/3E420CB01F06CEB3958F3207AE4D8AE2/
.f           IDLEG.fcpbundle/12-25-19/Render Files/Peaks Data/3E420CB01F06CEB3958F3207AE4D8AE2/._Frame 0 - 1023
.f           IDLEG.fcpbundle/12-25-19/Render Files/Peaks Data/3E420CB01F06CEB3958F3207AE4D8AE2/._Info.plist
.f           IDLEG.fcpbundle/12-25-19/Render Files/Peaks Data/3E420CB01F06CEB3958F3207AE4D8AE2/Frame 0 - 1023
.f           IDLEG.fcpbundle/12-25-19/Render Files/Peaks Data/3E420CB01F06CEB3958F3207AE4D8AE2/Info.plist
.d           IDLEG.fcpbundle/12-25-19/Render Files/Peaks Data/4564049AC0810B15BB0469FF2E545EA5/
.f           IDLEG.fcpbundle/12-25-19/Render Files/Peaks Data/4564049AC0810B15BB0469FF2E545EA5/._Frame 0 - 1023
.f           IDLEG.fcpbundle/12-25-19/Render Files/Peaks Data/4564049AC0810B15BB0469FF2E545EA5/._Info.plist
.f           IDLEG.fcpbundle/12-25-19/Render Files/Peaks Data/4564049AC0810B15BB0469FF2E545EA5/Frame 0 - 1023
.f           IDLEG.fcpbundle/12-25-19/Render Files/Peaks Data/4564049AC0810B15BB0469FF2E545EA5/Info.plist
.d           IDLEG.fcpbundle/12-25-19/Render Files/Peaks Data/47940C142489AFF87D927FCFBCCF48EE/
.f           IDLEG.fcpbundle/12-25-19/Render Files/Peaks Data/47940C142489AFF87D927FCFBCCF48EE/._Frame 0 - 1023
.f           IDLEG.fcpbundle/12-25-19/Render Files/Peaks Data/47940C142489AFF87D927FCFBCCF48EE/._Info.plist
.f           IDLEG.fcpbundle/12-25-19/Render Files/Peaks Data/47940C142489AFF87D927FCFBCCF48EE/Frame 0 - 1023
.f           IDLEG.fcpbundle/12-25-19/Render Files/Peaks Data/47940C142489AFF87D927FCFBCCF48EE/Info.plist
.d           IDLEG.fcpbundle/12-25-19/Render Files/Peaks Data/55B454A2E1187A86C6F8A1463A9E5DDB/
.f           IDLEG.fcpbundle/12-25-19/Render Files/Peaks Data/55B454A2E1187A86C6F8A1463A9E5DDB/._Frame 0 - 1023
.f           IDLEG.fcpbundle/12-25-19/Render Files/Peaks Data/55B454A2E1187A86C6F8A1463A9E5DDB/._Info.plist
.f           IDLEG.fcpbundle/12-25-19/Render Files/Peaks Data/55B454A2E1187A86C6F8A1463A9E5DDB/Frame 0 - 1023
.f           IDLEG.fcpbundle/12-25-19/Render Files/Peaks Data/55B454A2E1187A86C6F8A1463A9E5DDB/Info.plist
.d           IDLEG.fcpbundle/12-25-19/Render Files/Peaks Data/793A9F3FC608F92C5AF0C41F74B88E69/
.f           IDLEG.fcpbundle/12-25-19/Render Files/Peaks Data/793A9F3FC608F92C5AF0C41F74B88E69/._Frame 0 - 1023
.f           IDLEG.fcpbundle/12-25-19/Render Files/Peaks Data/793A9F3FC608F92C5AF0C41F74B88E69/._Info.plist
.f           IDLEG.fcpbundle/12-25-19/Render Files/Peaks Data/793A9F3FC608F92C5AF0C41F74B88E69/Frame 0 - 1023
.f           IDLEG.fcpbundle/12-25-19/Render Files/Peaks Data/793A9F3FC608F92C5AF0C41F74B88E69/Info.plist
.d           IDLEG.fcpbundle/12-25-19/Render Files/Peaks Data/7C5E5BE81791896DCCE709D127E54DB5/
.f           IDLEG.fcpbundle/12-25-19/Render Files/Peaks Data/7C5E5BE81791896DCCE709D127E54DB5/._Frame 0 - 1023
.f           IDLEG.fcpbundle/12-25-19/Render Files/Peaks Data/7C5E5BE81791896DCCE709D127E54DB5/._Info.plist
.f           IDLEG.fcpbundle/12-25-19/Render Files/Peaks Data/7C5E5BE81791896DCCE709D127E54DB5/Frame 0 - 1023
.f           IDLEG.fcpbundle/12-25-19/Render Files/Peaks Data/7C5E5BE81791896DCCE709D127E54DB5/Info.plist
.d           IDLEG.fcpbundle/12-25-19/Render Files/Peaks Data/87A5723F8809CF207636E23737EC2469/
.f           IDLEG.fcpbundle/12-25-19/Render Files/Peaks Data/87A5723F8809CF207636E23737EC2469/._Frame 0 - 1023
.f           IDLEG.fcpbundle/12-25-19/Render Files/Peaks Data/87A5723F8809CF207636E23737EC2469/._Info.plist
.f           IDLEG.fcpbundle/12-25-19/Render Files/Peaks Data/87A5723F8809CF207636E23737EC2469/Frame 0 - 1023
.f           IDLEG.fcpbundle/12-25-19/Render Files/Peaks Data/87A5723F8809CF207636E23737EC2469/Info.plist
.d           IDLEG.fcpbundle/12-25-19/Render Files/Peaks Data/8C9FD5FE4CCE8824346C1FC2B94AA8A3/
.f           IDLEG.fcpbundle/12-25-19/Render Files/Peaks Data/8C9FD5FE4CCE8824346C1FC2B94AA8A3/._Frame 0 - 1023
.f           IDLEG.fcpbundle/12-25-19/Render Files/Peaks Data/8C9FD5FE4CCE8824346C1FC2B94AA8A3/._Info.plist
.f           IDLEG.fcpbundle/12-25-19/Render Files/Peaks Data/8C9FD5FE4CCE8824346C1FC2B94AA8A3/Frame 0 - 1023
.f           IDLEG.fcpbundle/12-25-19/Render Files/Peaks Data/8C9FD5FE4CCE8824346C1FC2B94AA8A3/Info.plist
.d           IDLEG.fcpbundle/12-25-19/Render Files/Peaks Data/99FED722E6A368CF155617D7FCFB36F2/
.f           IDLEG.fcpbundle/12-25-19/Render Files/Peaks Data/99FED722E6A368CF155617D7FCFB36F2/._Frame 0 - 1023
.f           IDLEG.fcpbundle/12-25-19/Render Files/Peaks Data/99FED722E6A368CF155617D7FCFB36F2/._Info.plist
.f           IDLEG.fcpbundle/12-25-19/Render Files/Peaks Data/99FED722E6A368CF155617D7FCFB36F2/Frame 0 - 1023
.f           IDLEG.fcpbundle/12-25-19/Render Files/Peaks Data/99FED722E6A368CF155617D7FCFB36F2/Info.plist
.d           IDLEG.fcpbundle/12-25-19/Render Files/Peaks Data/9C9EFA3BF5080619E688D633B7C9418B/
.f           IDLEG.fcpbundle/12-25-19/Render Files/Peaks Data/9C9EFA3BF5080619E688D633B7C9418B/._Frame 0 - 1023
.f           IDLEG.fcpbundle/12-25-19/Render Files/Peaks Data/9C9EFA3BF5080619E688D633B7C9418B/._Info.plist
.f           IDLEG.fcpbundle/12-25-19/Render Files/Peaks Data/9C9EFA3BF5080619E688D633B7C9418B/Frame 0 - 1023
.f           IDLEG.fcpbundle/12-25-19/Render Files/Peaks Data/9C9EFA3BF5080619E688D633B7C9418B/Info.plist
.d           IDLEG.fcpbundle/12-25-19/Render Files/Peaks Data/9FAEFA39881D515B9C54008398ECDCF7/
.f           IDLEG.fcpbundle/12-25-19/Render Files/Peaks Data/9FAEFA39881D515B9C54008398ECDCF7/._Frame 0 - 1023
.f           IDLEG.fcpbundle/12-25-19/Render Files/Peaks Data/9FAEFA39881D515B9C54008398ECDCF7/._Info.plist
.f           IDLEG.fcpbundle/12-25-19/Render Files/Peaks Data/9FAEFA39881D515B9C54008398ECDCF7/Frame 0 - 1023
.f           IDLEG.fcpbundle/12-25-19/Render Files/Peaks Data/9FAEFA39881D515B9C54008398ECDCF7/Info.plist
.d           IDLEG.fcpbundle/12-25-19/Render Files/Peaks Data/B07C971472596227400469EF84F69CB7/
.f           IDLEG.fcpbundle/12-25-19/Render Files/Peaks Data/B07C971472596227400469EF84F69CB7/._Frame 0 - 1023
.f           IDLEG.fcpbundle/12-25-19/Render Files/Peaks Data/B07C971472596227400469EF84F69CB7/._Info.plist
.f           IDLEG.fcpbundle/12-25-19/Render Files/Peaks Data/B07C971472596227400469EF84F69CB7/Frame 0 - 1023
.f           IDLEG.fcpbundle/12-25-19/Render Files/Peaks Data/B07C971472596227400469EF84F69CB7/Info.plist
.d           IDLEG.fcpbundle/12-25-19/Render Files/Peaks Data/B36C3162C62FADC395987E1BAF3EB50C/
.f           IDLEG.fcpbundle/12-25-19/Render Files/Peaks Data/B36C3162C62FADC395987E1BAF3EB50C/._Frame 0 - 1023
.f           IDLEG.fcpbundle/12-25-19/Render Files/Peaks Data/B36C3162C62FADC395987E1BAF3EB50C/._Info.plist
.f           IDLEG.fcpbundle/12-25-19/Render Files/Peaks Data/B36C3162C62FADC395987E1BAF3EB50C/Frame 0 - 1023
.f           IDLEG.fcpbundle/12-25-19/Render Files/Peaks Data/B36C3162C62FADC395987E1BAF3EB50C/Info.plist
.d           IDLEG.fcpbundle/12-25-19/Render Files/Peaks Data/B7B845155401CCE46D7A498D978CA77A/
.f           IDLEG.fcpbundle/12-25-19/Render Files/Peaks Data/B7B845155401CCE46D7A498D978CA77A/._Frame 0 - 1023
.f           IDLEG.fcpbundle/12-25-19/Render Files/Peaks Data/B7B845155401CCE46D7A498D978CA77A/._Info.plist
.f           IDLEG.fcpbundle/12-25-19/Render Files/Peaks Data/B7B845155401CCE46D7A498D978CA77A/Frame 0 - 1023
.f           IDLEG.fcpbundle/12-25-19/Render Files/Peaks Data/B7B845155401CCE46D7A498D978CA77A/Info.plist
.d           IDLEG.fcpbundle/12-25-19/Render Files/Peaks Data/BD58EB271EE6EB612EF1855F94810210/
.f           IDLEG.fcpbundle/12-25-19/Render Files/Peaks Data/BD58EB271EE6EB612EF1855F94810210/._Frame 0 - 1023
.f           IDLEG.fcpbundle/12-25-19/Render Files/Peaks Data/BD58EB271EE6EB612EF1855F94810210/._Info.plist
.f           IDLEG.fcpbundle/12-25-19/Render Files/Peaks Data/BD58EB271EE6EB612EF1855F94810210/Frame 0 - 1023
.f           IDLEG.fcpbundle/12-25-19/Render Files/Peaks Data/BD58EB271EE6EB612EF1855F94810210/Info.plist
.d           IDLEG.fcpbundle/12-25-19/Render Files/Peaks Data/BD8863748C9F872DED3A3444D821C18B/
.f           IDLEG.fcpbundle/12-25-19/Render Files/Peaks Data/BD8863748C9F872DED3A3444D821C18B/._Frame 0 - 1023
.f           IDLEG.fcpbundle/12-25-19/Render Files/Peaks Data/BD8863748C9F872DED3A3444D821C18B/._Info.plist
.f           IDLEG.fcpbundle/12-25-19/Render Files/Peaks Data/BD8863748C9F872DED3A3444D821C18B/Frame 0 - 1023
.f           IDLEG.fcpbundle/12-25-19/Render Files/Peaks Data/BD8863748C9F872DED3A3444D821C18B/Info.plist
.d           IDLEG.fcpbundle/12-25-19/Render Files/Peaks Data/C8DE1907A0CE40240946A31E8602BC89/
.f           IDLEG.fcpbundle/12-25-19/Render Files/Peaks Data/C8DE1907A0CE40240946A31E8602BC89/._Frame 0 - 1023
.f           IDLEG.fcpbundle/12-25-19/Render Files/Peaks Data/C8DE1907A0CE40240946A31E8602BC89/._Info.plist
.f           IDLEG.fcpbundle/12-25-19/Render Files/Peaks Data/C8DE1907A0CE40240946A31E8602BC89/Frame 0 - 1023
.f           IDLEG.fcpbundle/12-25-19/Render Files/Peaks Data/C8DE1907A0CE40240946A31E8602BC89/Info.plist
.d           IDLEG.fcpbundle/12-25-19/Render Files/Peaks Data/D31A71CAD5F74CDD7097984553794DE0/
.f           IDLEG.fcpbundle/12-25-19/Render Files/Peaks Data/D31A71CAD5F74CDD7097984553794DE0/._Frame 0 - 1023
.f           IDLEG.fcpbundle/12-25-19/Render Files/Peaks Data/D31A71CAD5F74CDD7097984553794DE0/._Info.plist
.f           IDLEG.fcpbundle/12-25-19/Render Files/Peaks Data/D31A71CAD5F74CDD7097984553794DE0/Frame 0 - 1023
.f           IDLEG.fcpbundle/12-25-19/Render Files/Peaks Data/D31A71CAD5F74CDD7097984553794DE0/Info.plist
.d           IDLEG.fcpbundle/12-25-19/Render Files/Peaks Data/D3384B8F3659948B1FFF367FABD67AEC/
.f           IDLEG.fcpbundle/12-25-19/Render Files/Peaks Data/D3384B8F3659948B1FFF367FABD67AEC/._Frame 0 - 1023
.f           IDLEG.fcpbundle/12-25-19/Render Files/Peaks Data/D3384B8F3659948B1FFF367FABD67AEC/._Info.plist
.f           IDLEG.fcpbundle/12-25-19/Render Files/Peaks Data/D3384B8F3659948B1FFF367FABD67AEC/Frame 0 - 1023
.f           IDLEG.fcpbundle/12-25-19/Render Files/Peaks Data/D3384B8F3659948B1FFF367FABD67AEC/Info.plist
.d           IDLEG.fcpbundle/12-25-19/Render Files/Peaks Data/D83299C216F0846AE075C75B87587D28/
.f           IDLEG.fcpbundle/12-25-19/Render Files/Peaks Data/D83299C216F0846AE075C75B87587D28/._Frame 0 - 1023
.f           IDLEG.fcpbundle/12-25-19/Render Files/Peaks Data/D83299C216F0846AE075C75B87587D28/._Info.plist
.f           IDLEG.fcpbundle/12-25-19/Render Files/Peaks Data/D83299C216F0846AE075C75B87587D28/Frame 0 - 1023
.f           IDLEG.fcpbundle/12-25-19/Render Files/Peaks Data/D83299C216F0846AE075C75B87587D28/Info.plist
.d           IDLEG.fcpbundle/12-25-19/Render Files/Peaks Data/E62D6AA2A298F23AEA0DCDF167FB59A6/
.f           IDLEG.fcpbundle/12-25-19/Render Files/Peaks Data/E62D6AA2A298F23AEA0DCDF167FB59A6/._Frame 0 - 1023
.f           IDLEG.fcpbundle/12-25-19/Render Files/Peaks Data/E62D6AA2A298F23AEA0DCDF167FB59A6/._Info.plist
.f           IDLEG.fcpbundle/12-25-19/Render Files/Peaks Data/E62D6AA2A298F23AEA0DCDF167FB59A6/Frame 0 - 1023
.f           IDLEG.fcpbundle/12-25-19/Render Files/Peaks Data/E62D6AA2A298F23AEA0DCDF167FB59A6/Info.plist
.d           IDLEG.fcpbundle/12-25-19/Render Files/Peaks Data/F21B7E34D5A7B1EF09B9728A595EC8F8/
.f           IDLEG.fcpbundle/12-25-19/Render Files/Peaks Data/F21B7E34D5A7B1EF09B9728A595EC8F8/._Frame 0 - 1023
.f           IDLEG.fcpbundle/12-25-19/Render Files/Peaks Data/F21B7E34D5A7B1EF09B9728A595EC8F8/._Info.plist
.f           IDLEG.fcpbundle/12-25-19/Render Files/Peaks Data/F21B7E34D5A7B1EF09B9728A595EC8F8/Frame 0 - 1023
.f           IDLEG.fcpbundle/12-25-19/Render Files/Peaks Data/F21B7E34D5A7B1EF09B9728A595EC8F8/Info.plist
.d           IDLEG.fcpbundle/12-25-19/Render Files/Peaks Data/F67822CCB7B92B3A94210F3758A0F92B/
.f           IDLEG.fcpbundle/12-25-19/Render Files/Peaks Data/F67822CCB7B92B3A94210F3758A0F92B/._Frame 0 - 1023
.f           IDLEG.fcpbundle/12-25-19/Render Files/Peaks Data/F67822CCB7B92B3A94210F3758A0F92B/._Info.plist
.f           IDLEG.fcpbundle/12-25-19/Render Files/Peaks Data/F67822CCB7B92B3A94210F3758A0F92B/Frame 0 - 1023
.f           IDLEG.fcpbundle/12-25-19/Render Files/Peaks Data/F67822CCB7B92B3A94210F3758A0F92B/Info.plist
.d           IDLEG.fcpbundle/12-25-19/Render Files/Peaks Data/F6D40A2A15F9712F240ADB80148F38D9/
.f           IDLEG.fcpbundle/12-25-19/Render Files/Peaks Data/F6D40A2A15F9712F240ADB80148F38D9/._Frame 0 - 1023
.f           IDLEG.fcpbundle/12-25-19/Render Files/Peaks Data/F6D40A2A15F9712F240ADB80148F38D9/._Info.plist
.f           IDLEG.fcpbundle/12-25-19/Render Files/Peaks Data/F6D40A2A15F9712F240ADB80148F38D9/Frame 0 - 1023
.f           IDLEG.fcpbundle/12-25-19/Render Files/Peaks Data/F6D40A2A15F9712F240ADB80148F38D9/Info.plist
.d           IDLEG.fcpbundle/12-25-19/Render Files/Peaks Data/FC25986A56B4B560FE87F6742C6332A4/
.f           IDLEG.fcpbundle/12-25-19/Render Files/Peaks Data/FC25986A56B4B560FE87F6742C6332A4/._Frame 0 - 1023
.f           IDLEG.fcpbundle/12-25-19/Render Files/Peaks Data/FC25986A56B4B560FE87F6742C6332A4/._Info.plist
.f           IDLEG.fcpbundle/12-25-19/Render Files/Peaks Data/FC25986A56B4B560FE87F6742C6332A4/Frame 0 - 1023
.f           IDLEG.fcpbundle/12-25-19/Render Files/Peaks Data/FC25986A56B4B560FE87F6742C6332A4/Info.plist
.d           IDLEG.fcpbundle/12-25-19/Render Files/Thumbnail Media/
.f           IDLEG.fcpbundle/12-25-19/Render Files/Thumbnail Media/._2C6AA5E9A3077B3E96C9032A68D08B42
.f           IDLEG.fcpbundle/12-25-19/Render Files/Thumbnail Media/._3D704ECD2DCD1720FDC27D66AEE4FEFA
.f           IDLEG.fcpbundle/12-25-19/Render Files/Thumbnail Media/._4DECB9275D88E3D513BF49E3D1EAED3A
.f           IDLEG.fcpbundle/12-25-19/Render Files/Thumbnail Media/._759299968C6E00FEC6D6F5D657145DAF
.f           IDLEG.fcpbundle/12-25-19/Render Files/Thumbnail Media/._7975497D90672CD460EDFF8A8C57A4DA
.f           IDLEG.fcpbundle/12-25-19/Render Files/Thumbnail Media/._81D891C3F4474C9833C493AC982D728C
.f           IDLEG.fcpbundle/12-25-19/Render Files/Thumbnail Media/._87611022054428D31F9008E17BD5F665
.f           IDLEG.fcpbundle/12-25-19/Render Files/Thumbnail Media/._B9C9A5C1D019AFC9CF6971F147973200
.f           IDLEG.fcpbundle/12-25-19/Render Files/Thumbnail Media/._C6376E0C3E63120B84B99F7C2858B92F
.d           IDLEG.fcpbundle/12-25-19/Render Files/Thumbnail Media/2C6AA5E9A3077B3E96C9032A68D08B42/
.f           IDLEG.fcpbundle/12-25-19/Render Files/Thumbnail Media/2C6AA5E9A3077B3E96C9032A68D08B42/._Frame 0 - 1023
.f           IDLEG.fcpbundle/12-25-19/Render Files/Thumbnail Media/2C6AA5E9A3077B3E96C9032A68D08B42/._Frame 1024 - 2047
.f           IDLEG.fcpbundle/12-25-19/Render Files/Thumbnail Media/2C6AA5E9A3077B3E96C9032A68D08B42/._Frame 2048 - 3071
.f           IDLEG.fcpbundle/12-25-19/Render Files/Thumbnail Media/2C6AA5E9A3077B3E96C9032A68D08B42/._Info.plist
.f           IDLEG.fcpbundle/12-25-19/Render Files/Thumbnail Media/2C6AA5E9A3077B3E96C9032A68D08B42/Frame 0 - 1023
.f           IDLEG.fcpbundle/12-25-19/Render Files/Thumbnail Media/2C6AA5E9A3077B3E96C9032A68D08B42/Frame 1024 - 2047
.f           IDLEG.fcpbundle/12-25-19/Render Files/Thumbnail Media/2C6AA5E9A3077B3E96C9032A68D08B42/Frame 2048 - 3071
.f           IDLEG.fcpbundle/12-25-19/Render Files/Thumbnail Media/2C6AA5E9A3077B3E96C9032A68D08B42/Info.plist
.d           IDLEG.fcpbundle/12-25-19/Render Files/Thumbnail Media/3D704ECD2DCD1720FDC27D66AEE4FEFA/
.f           IDLEG.fcpbundle/12-25-19/Render Files/Thumbnail Media/3D704ECD2DCD1720FDC27D66AEE4FEFA/._Frame 27648 - 28671
.f           IDLEG.fcpbundle/12-25-19/Render Files/Thumbnail Media/3D704ECD2DCD1720FDC27D66AEE4FEFA/._Info.plist
.f           IDLEG.fcpbundle/12-25-19/Render Files/Thumbnail Media/3D704ECD2DCD1720FDC27D66AEE4FEFA/Frame 27648 - 28671
.f           IDLEG.fcpbundle/12-25-19/Render Files/Thumbnail Media/3D704ECD2DCD1720FDC27D66AEE4FEFA/Info.plist
.d           IDLEG.fcpbundle/12-25-19/Render Files/Thumbnail Media/4DECB9275D88E3D513BF49E3D1EAED3A/
.f           IDLEG.fcpbundle/12-25-19/Render Files/Thumbnail Media/4DECB9275D88E3D513BF49E3D1EAED3A/._Frame 0 - 1023
.f           IDLEG.fcpbundle/12-25-19/Render Files/Thumbnail Media/4DECB9275D88E3D513BF49E3D1EAED3A/._Frame 1024 - 2047
.f           IDLEG.fcpbundle/12-25-19/Render Files/Thumbnail Media/4DECB9275D88E3D513BF49E3D1EAED3A/._Frame 2048 - 3071
.f           IDLEG.fcpbundle/12-25-19/Render Files/Thumbnail Media/4DECB9275D88E3D513BF49E3D1EAED3A/._Info.plist
.f           IDLEG.fcpbundle/12-25-19/Render Files/Thumbnail Media/4DECB9275D88E3D513BF49E3D1EAED3A/Frame 0 - 1023
.f           IDLEG.fcpbundle/12-25-19/Render Files/Thumbnail Media/4DECB9275D88E3D513BF49E3D1EAED3A/Frame 1024 - 2047
.f           IDLEG.fcpbundle/12-25-19/Render Files/Thumbnail Media/4DECB9275D88E3D513BF49E3D1EAED3A/Frame 2048 - 3071
.f           IDLEG.fcpbundle/12-25-19/Render Files/Thumbnail Media/4DECB9275D88E3D513BF49E3D1EAED3A/Info.plist
.d           IDLEG.fcpbundle/12-25-19/Render Files/Thumbnail Media/759299968C6E00FEC6D6F5D657145DAF/
.f           IDLEG.fcpbundle/12-25-19/Render Files/Thumbnail Media/759299968C6E00FEC6D6F5D657145DAF/._Frame 20480 - 21503
.f           IDLEG.fcpbundle/12-25-19/Render Files/Thumbnail Media/759299968C6E00FEC6D6F5D657145DAF/._Frame 52224 - 53247
.f           IDLEG.fcpbundle/12-25-19/Render Files/Thumbnail Media/759299968C6E00FEC6D6F5D657145DAF/._Info.plist
.f           IDLEG.fcpbundle/12-25-19/Render Files/Thumbnail Media/759299968C6E00FEC6D6F5D657145DAF/Frame 20480 - 21503
.f           IDLEG.fcpbundle/12-25-19/Render Files/Thumbnail Media/759299968C6E00FEC6D6F5D657145DAF/Frame 52224 - 53247
.f           IDLEG.fcpbundle/12-25-19/Render Files/Thumbnail Media/759299968C6E00FEC6D6F5D657145DAF/Info.plist
.d           IDLEG.fcpbundle/12-25-19/Render Files/Thumbnail Media/7975497D90672CD460EDFF8A8C57A4DA/
.f           IDLEG.fcpbundle/12-25-19/Render Files/Thumbnail Media/7975497D90672CD460EDFF8A8C57A4DA/._Frame 0 - 1023
.f           IDLEG.fcpbundle/12-25-19/Render Files/Thumbnail Media/7975497D90672CD460EDFF8A8C57A4DA/._Frame 1024 - 2047
.f           IDLEG.fcpbundle/12-25-19/Render Files/Thumbnail Media/7975497D90672CD460EDFF8A8C57A4DA/._Frame 10240 - 11263
.f           IDLEG.fcpbundle/12-25-19/Render Files/Thumbnail Media/7975497D90672CD460EDFF8A8C57A4DA/._Frame 11264 - 12287
.f           IDLEG.fcpbundle/12-25-19/Render Files/Thumbnail Media/7975497D90672CD460EDFF8A8C57A4DA/._Frame 12288 - 13311
.f           IDLEG.fcpbundle/12-25-19/Render Files/Thumbnail Media/7975497D90672CD460EDFF8A8C57A4DA/._Frame 13312 - 14335
.f           IDLEG.fcpbundle/12-25-19/Render Files/Thumbnail Media/7975497D90672CD460EDFF8A8C57A4DA/._Frame 14336 - 15359
.f           IDLEG.fcpbundle/12-25-19/Render Files/Thumbnail Media/7975497D90672CD460EDFF8A8C57A4DA/._Frame 15360 - 16383
.f           IDLEG.fcpbundle/12-25-19/Render Files/Thumbnail Media/7975497D90672CD460EDFF8A8C57A4DA/._Frame 16384 - 17407
.f           IDLEG.fcpbundle/12-25-19/Render Files/Thumbnail Media/7975497D90672CD460EDFF8A8C57A4DA/._Frame 17408 - 18431
.f           IDLEG.fcpbundle/12-25-19/Render Files/Thumbnail Media/7975497D90672CD460EDFF8A8C57A4DA/._Frame 18432 - 19455
.f           IDLEG.fcpbundle/12-25-19/Render Files/Thumbnail Media/7975497D90672CD460EDFF8A8C57A4DA/._Frame 19456 - 20479
.f           IDLEG.fcpbundle/12-25-19/Render Files/Thumbnail Media/7975497D90672CD460EDFF8A8C57A4DA/._Frame 2048 - 3071
.f           IDLEG.fcpbundle/12-25-19/Render Files/Thumbnail Media/7975497D90672CD460EDFF8A8C57A4DA/._Frame 20480 - 21503
.f           IDLEG.fcpbundle/12-25-19/Render Files/Thumbnail Media/7975497D90672CD460EDFF8A8C57A4DA/._Frame 21504 - 22527
.f           IDLEG.fcpbundle/12-25-19/Render Files/Thumbnail Media/7975497D90672CD460EDFF8A8C57A4DA/._Frame 22528 - 23551
.f           IDLEG.fcpbundle/12-25-19/Render Files/Thumbnail Media/7975497D90672CD460EDFF8A8C57A4DA/._Frame 23552 - 24575
.f           IDLEG.fcpbundle/12-25-19/Render Files/Thumbnail Media/7975497D90672CD460EDFF8A8C57A4DA/._Frame 24576 - 25599
.f           IDLEG.fcpbundle/12-25-19/Render Files/Thumbnail Media/7975497D90672CD460EDFF8A8C57A4DA/._Frame 25600 - 26623
.f           IDLEG.fcpbundle/12-25-19/Render Files/Thumbnail Media/7975497D90672CD460EDFF8A8C57A4DA/._Frame 3072 - 4095
.f           IDLEG.fcpbundle/12-25-19/Render Files/Thumbnail Media/7975497D90672CD460EDFF8A8C57A4DA/._Frame 4096 - 5119
.f           IDLEG.fcpbundle/12-25-19/Render Files/Thumbnail Media/7975497D90672CD460EDFF8A8C57A4DA/._Frame 5120 - 6143
.f           IDLEG.fcpbundle/12-25-19/Render Files/Thumbnail Media/7975497D90672CD460EDFF8A8C57A4DA/._Frame 6144 - 7167
.f           IDLEG.fcpbundle/12-25-19/Render Files/Thumbnail Media/7975497D90672CD460EDFF8A8C57A4DA/._Frame 7168 - 8191
.f           IDLEG.fcpbundle/12-25-19/Render Files/Thumbnail Media/7975497D90672CD460EDFF8A8C57A4DA/._Frame 8192 - 9215
.f           IDLEG.fcpbundle/12-25-19/Render Files/Thumbnail Media/7975497D90672CD460EDFF8A8C57A4DA/._Frame 9216 - 10239
.f           IDLEG.fcpbundle/12-25-19/Render Files/Thumbnail Media/7975497D90672CD460EDFF8A8C57A4DA/._Info.plist
.f           IDLEG.fcpbundle/12-25-19/Render Files/Thumbnail Media/7975497D90672CD460EDFF8A8C57A4DA/Frame 0 - 1023
.f           IDLEG.fcpbundle/12-25-19/Render Files/Thumbnail Media/7975497D90672CD460EDFF8A8C57A4DA/Frame 1024 - 2047
.f           IDLEG.fcpbundle/12-25-19/Render Files/Thumbnail Media/7975497D90672CD460EDFF8A8C57A4DA/Frame 10240 - 11263
.f           IDLEG.fcpbundle/12-25-19/Render Files/Thumbnail Media/7975497D90672CD460EDFF8A8C57A4DA/Frame 11264 - 12287
.f           IDLEG.fcpbundle/12-25-19/Render Files/Thumbnail Media/7975497D90672CD460EDFF8A8C57A4DA/Frame 12288 - 13311
.f           IDLEG.fcpbundle/12-25-19/Render Files/Thumbnail Media/7975497D90672CD460EDFF8A8C57A4DA/Frame 13312 - 14335
.f           IDLEG.fcpbundle/12-25-19/Render Files/Thumbnail Media/7975497D90672CD460EDFF8A8C57A4DA/Frame 14336 - 15359
.f           IDLEG.fcpbundle/12-25-19/Render Files/Thumbnail Media/7975497D90672CD460EDFF8A8C57A4DA/Frame 15360 - 16383
.f           IDLEG.fcpbundle/12-25-19/Render Files/Thumbnail Media/7975497D90672CD460EDFF8A8C57A4DA/Frame 16384 - 17407
.f           IDLEG.fcpbundle/12-25-19/Render Files/Thumbnail Media/7975497D90672CD460EDFF8A8C57A4DA/Frame 17408 - 18431
.f           IDLEG.fcpbundle/12-25-19/Render Files/Thumbnail Media/7975497D90672CD460EDFF8A8C57A4DA/Frame 18432 - 19455
.f           IDLEG.fcpbundle/12-25-19/Render Files/Thumbnail Media/7975497D90672CD460EDFF8A8C57A4DA/Frame 19456 - 20479
.f           IDLEG.fcpbundle/12-25-19/Render Files/Thumbnail Media/7975497D90672CD460EDFF8A8C57A4DA/Frame 2048 - 3071
.f           IDLEG.fcpbundle/12-25-19/Render Files/Thumbnail Media/7975497D90672CD460EDFF8A8C57A4DA/Frame 20480 - 21503
.f           IDLEG.fcpbundle/12-25-19/Render Files/Thumbnail Media/7975497D90672CD460EDFF8A8C57A4DA/Frame 21504 - 22527
.f           IDLEG.fcpbundle/12-25-19/Render Files/Thumbnail Media/7975497D90672CD460EDFF8A8C57A4DA/Frame 22528 - 23551
.f           IDLEG.fcpbundle/12-25-19/Render Files/Thumbnail Media/7975497D90672CD460EDFF8A8C57A4DA/Frame 23552 - 24575
.f           IDLEG.fcpbundle/12-25-19/Render Files/Thumbnail Media/7975497D90672CD460EDFF8A8C57A4DA/Frame 24576 - 25599
.f           IDLEG.fcpbundle/12-25-19/Render Files/Thumbnail Media/7975497D90672CD460EDFF8A8C57A4DA/Frame 25600 - 26623
.f           IDLEG.fcpbundle/12-25-19/Render Files/Thumbnail Media/7975497D90672CD460EDFF8A8C57A4DA/Frame 3072 - 4095
.f           IDLEG.fcpbundle/12-25-19/Render Files/Thumbnail Media/7975497D90672CD460EDFF8A8C57A4DA/Frame 4096 - 5119
.f           IDLEG.fcpbundle/12-25-19/Render Files/Thumbnail Media/7975497D90672CD460EDFF8A8C57A4DA/Frame 5120 - 6143
.f           IDLEG.fcpbundle/12-25-19/Render Files/Thumbnail Media/7975497D90672CD460EDFF8A8C57A4DA/Frame 6144 - 7167
.f           IDLEG.fcpbundle/12-25-19/Render Files/Thumbnail Media/7975497D90672CD460EDFF8A8C57A4DA/Frame 7168 - 8191
.f           IDLEG.fcpbundle/12-25-19/Render Files/Thumbnail Media/7975497D90672CD460EDFF8A8C57A4DA/Frame 8192 - 9215
.f           IDLEG.fcpbundle/12-25-19/Render Files/Thumbnail Media/7975497D90672CD460EDFF8A8C57A4DA/Frame 9216 - 10239
.f           IDLEG.fcpbundle/12-25-19/Render Files/Thumbnail Media/7975497D90672CD460EDFF8A8C57A4DA/Info.plist
.d           IDLEG.fcpbundle/12-25-19/Render Files/Thumbnail Media/81D891C3F4474C9833C493AC982D728C/
.f           IDLEG.fcpbundle/12-25-19/Render Files/Thumbnail Media/81D891C3F4474C9833C493AC982D728C/._Frame 20480 - 21503
.f           IDLEG.fcpbundle/12-25-19/Render Files/Thumbnail Media/81D891C3F4474C9833C493AC982D728C/._Frame 52224 - 53247
.f           IDLEG.fcpbundle/12-25-19/Render Files/Thumbnail Media/81D891C3F4474C9833C493AC982D728C/._Info.plist
.f           IDLEG.fcpbundle/12-25-19/Render Files/Thumbnail Media/81D891C3F4474C9833C493AC982D728C/Frame 20480 - 21503
.f           IDLEG.fcpbundle/12-25-19/Render Files/Thumbnail Media/81D891C3F4474C9833C493AC982D728C/Frame 52224 - 53247
.f           IDLEG.fcpbundle/12-25-19/Render Files/Thumbnail Media/81D891C3F4474C9833C493AC982D728C/Info.plist
.d           IDLEG.fcpbundle/12-25-19/Render Files/Thumbnail Media/87611022054428D31F9008E17BD5F665/
.f           IDLEG.fcpbundle/12-25-19/Render Files/Thumbnail Media/87611022054428D31F9008E17BD5F665/._Frame 0 - 1023
.f           IDLEG.fcpbundle/12-25-19/Render Files/Thumbnail Media/87611022054428D31F9008E17BD5F665/._Frame 2048 - 3071
.f           IDLEG.fcpbundle/12-25-19/Render Files/Thumbnail Media/87611022054428D31F9008E17BD5F665/._Info.plist
.f           IDLEG.fcpbundle/12-25-19/Render Files/Thumbnail Media/87611022054428D31F9008E17BD5F665/Frame 0 - 1023
.f           IDLEG.fcpbundle/12-25-19/Render Files/Thumbnail Media/87611022054428D31F9008E17BD5F665/Frame 2048 - 3071
.f           IDLEG.fcpbundle/12-25-19/Render Files/Thumbnail Media/87611022054428D31F9008E17BD5F665/Info.plist
.d           IDLEG.fcpbundle/12-25-19/Render Files/Thumbnail Media/B9C9A5C1D019AFC9CF6971F147973200/
.f           IDLEG.fcpbundle/12-25-19/Render Files/Thumbnail Media/B9C9A5C1D019AFC9CF6971F147973200/._Frame 0 - 1023
.f           IDLEG.fcpbundle/12-25-19/Render Files/Thumbnail Media/B9C9A5C1D019AFC9CF6971F147973200/._Info.plist
.f           IDLEG.fcpbundle/12-25-19/Render Files/Thumbnail Media/B9C9A5C1D019AFC9CF6971F147973200/Frame 0 - 1023
.f           IDLEG.fcpbundle/12-25-19/Render Files/Thumbnail Media/B9C9A5C1D019AFC9CF6971F147973200/Info.plist
.d           IDLEG.fcpbundle/12-25-19/Render Files/Thumbnail Media/C6376E0C3E63120B84B99F7C2858B92F/
.f           IDLEG.fcpbundle/12-25-19/Render Files/Thumbnail Media/C6376E0C3E63120B84B99F7C2858B92F/._Frame 27648 - 28671
.f           IDLEG.fcpbundle/12-25-19/Render Files/Thumbnail Media/C6376E0C3E63120B84B99F7C2858B92F/._Info.plist
.f           IDLEG.fcpbundle/12-25-19/Render Files/Thumbnail Media/C6376E0C3E63120B84B99F7C2858B92F/Frame 27648 - 28671
.f           IDLEG.fcpbundle/12-25-19/Render Files/Thumbnail Media/C6376E0C3E63120B84B99F7C2858B92F/Info.plist
.d           IDLEG.fcpbundle/12-25-19/Shared Items/
.f           IDLEG.fcpbundle/12-25-19/Shared Items/._360qRh9XSVuLkiJUHPw3FQ
.f           IDLEG.fcpbundle/12-25-19/Shared Items/._xYQw7hU1QTO28JQW+3Jnxg
.d           IDLEG.fcpbundle/12-25-19/Shared Items/360qRh9XSVuLkiJUHPw3FQ/
.f           IDLEG.fcpbundle/12-25-19/Shared Items/360qRh9XSVuLkiJUHPw3FQ/._ShareStatus.plist
.f           IDLEG.fcpbundle/12-25-19/Shared Items/360qRh9XSVuLkiJUHPw3FQ/ShareStatus.plist
.d           IDLEG.fcpbundle/12-25-19/Shared Items/xYQw7hU1QTO28JQW+3Jnxg/
.f           IDLEG.fcpbundle/12-25-19/Shared Items/xYQw7hU1QTO28JQW+3Jnxg/._ShareStatus.plist
.f           IDLEG.fcpbundle/12-25-19/Shared Items/xYQw7hU1QTO28JQW+3Jnxg/ShareStatus.plist
.d           IDLEG.fcpbundle/12-25-19/Uni Pres FINALISTS/
.f           IDLEG.fcpbundle/12-25-19/Uni Pres FINALISTS/._CurrentVersion.fcpevent
.f           IDLEG.fcpbundle/12-25-19/Uni Pres FINALISTS/CurrentVersion.fcpevent
.d           IDLEG.fcpbundle/8-19-20 Argonaut/
.f           IDLEG.fcpbundle/8-19-20 Argonaut/._CurrentVersion.fcpevent
.f           IDLEG.fcpbundle/8-19-20 Argonaut/._Original Media
.f           IDLEG.fcpbundle/8-19-20 Argonaut/._Render Files
.f           IDLEG.fcpbundle/8-19-20 Argonaut/._Shared Items
.f           IDLEG.fcpbundle/8-19-20 Argonaut/._Testing at UIdaho
.f           IDLEG.fcpbundle/8-19-20 Argonaut/CurrentVersion.fcpevent
.d           IDLEG.fcpbundle/8-19-20 Argonaut/Original Media/
.f           IDLEG.fcpbundle/8-19-20 Argonaut/Original Media/._audio_only_16780290_Melissa_Davlin.m4a
.f           IDLEG.fcpbundle/8-19-20 Argonaut/Original Media/._audio_only_16781314_Alexis_Van_Horn.m4a
.f           IDLEG.fcpbundle/8-19-20 Argonaut/Original Media/._audio_only_16782338_Melissa_Davlin.m4a
.f           IDLEG.fcpbundle/8-19-20 Argonaut/Original Media/._audio_only_16784386_Angela_Palermo.m4a
.f           IDLEG.fcpbundle/8-19-20 Argonaut/Original Media/._ir4830-podcast.mp3
.f           IDLEG.fcpbundle/8-19-20 Argonaut/Original Media/audio_only_16780290_Melissa_Davlin.m4a
.f           IDLEG.fcpbundle/8-19-20 Argonaut/Original Media/audio_only_16781314_Alexis_Van_Horn.m4a
.f           IDLEG.fcpbundle/8-19-20 Argonaut/Original Media/audio_only_16782338_Melissa_Davlin.m4a
.f           IDLEG.fcpbundle/8-19-20 Argonaut/Original Media/audio_only_16784386_Angela_Palermo.m4a
.f           IDLEG.fcpbundle/8-19-20 Argonaut/Original Media/ir4830-podcast.mp3
.d           IDLEG.fcpbundle/8-19-20 Argonaut/Render Files/
.f           IDLEG.fcpbundle/8-19-20 Argonaut/Render Files/._Peaks Data
.f           IDLEG.fcpbundle/8-19-20 Argonaut/Render Files/._Thumbnail Media
.d           IDLEG.fcpbundle/8-19-20 Argonaut/Render Files/Peaks Data/
.f           IDLEG.fcpbundle/8-19-20 Argonaut/Render Files/Peaks Data/._01F7C775B81D5D74A1149C7E97C5419E
.f           IDLEG.fcpbundle/8-19-20 Argonaut/Render Files/Peaks Data/._04A55D9675A9564508015A2E011AFE0F
.f           IDLEG.fcpbundle/8-19-20 Argonaut/Render Files/Peaks Data/._17E39978316A1EB7921E0A09438661B7
.f           IDLEG.fcpbundle/8-19-20 Argonaut/Render Files/Peaks Data/._1EBB2E14A2F1D30DFE130E5947776FEC
.f           IDLEG.fcpbundle/8-19-20 Argonaut/Render Files/Peaks Data/._284D507B85491216AE017DCDDC0830A8
.f           IDLEG.fcpbundle/8-19-20 Argonaut/Render Files/Peaks Data/._2BEBFD762F2C4182F804201E8079F86D
.f           IDLEG.fcpbundle/8-19-20 Argonaut/Render Files/Peaks Data/._2D15AC69D35B19CF9D5E36AF2A254254
.f           IDLEG.fcpbundle/8-19-20 Argonaut/Render Files/Peaks Data/._34F8AC6BF9B8483656ED9639FC22775D
.f           IDLEG.fcpbundle/8-19-20 Argonaut/Render Files/Peaks Data/._3542E378289E5DDD0F97568E590780A7
.f           IDLEG.fcpbundle/8-19-20 Argonaut/Render Files/Peaks Data/._4A02DBB9C0CA026E8C5D707F0F916079
.f           IDLEG.fcpbundle/8-19-20 Argonaut/Render Files/Peaks Data/._574F05EC024E52F40A93A889119557FB
.f           IDLEG.fcpbundle/8-19-20 Argonaut/Render Files/Peaks Data/._6B5C908BF1E32929E7543CAAF37BF479
.f           IDLEG.fcpbundle/8-19-20 Argonaut/Render Files/Peaks Data/._7D24FC8A0575D9B52FD4156720F4343F
.f           IDLEG.fcpbundle/8-19-20 Argonaut/Render Files/Peaks Data/._915A27A012DC561D5B5A74FD0C03AE32
.f           IDLEG.fcpbundle/8-19-20 Argonaut/Render Files/Peaks Data/._928D266E568625CE43DAD21A6D57D4FF
.f           IDLEG.fcpbundle/8-19-20 Argonaut/Render Files/Peaks Data/._98CB6DDB0D78A8FD6D80F5873B9E6A8D
.f           IDLEG.fcpbundle/8-19-20 Argonaut/Render Files/Peaks Data/._9D9E5DC5AF524FA4FDDB45E060BC0BEC
.f           IDLEG.fcpbundle/8-19-20 Argonaut/Render Files/Peaks Data/._9E70CDBDBC8736C9DDD30631FCE1AE06
.f           IDLEG.fcpbundle/8-19-20 Argonaut/Render Files/Peaks Data/._A04FE0F6BE90C6855F8B766379EB404E
.f           IDLEG.fcpbundle/8-19-20 Argonaut/Render Files/Peaks Data/._A2EDAD41FF715582C340717C306128B5
.f           IDLEG.fcpbundle/8-19-20 Argonaut/Render Files/Peaks Data/._A4A369384332E5B6479A2EEC2F0AF4FE
.f           IDLEG.fcpbundle/8-19-20 Argonaut/Render Files/Peaks Data/._A74830E9F486FD123B443AB656DD7847
.f           IDLEG.fcpbundle/8-19-20 Argonaut/Render Files/Peaks Data/._BE0D5876848B5B5D7E42F7EE07CFA78A
.f           IDLEG.fcpbundle/8-19-20 Argonaut/Render Files/Peaks Data/._C369ED3EF28095DB0B995F8F47F23AA8
.f           IDLEG.fcpbundle/8-19-20 Argonaut/Render Files/Peaks Data/._C816749030C84AEA1FC5BAD3C3B23A8F
.f           IDLEG.fcpbundle/8-19-20 Argonaut/Render Files/Peaks Data/._D3B07F3260E44903AC98D6F9A65C1674
.d           IDLEG.fcpbundle/8-19-20 Argonaut/Render Files/Peaks Data/01F7C775B81D5D74A1149C7E97C5419E/
.f           IDLEG.fcpbundle/8-19-20 Argonaut/Render Files/Peaks Data/01F7C775B81D5D74A1149C7E97C5419E/._Frame 0 - 1023
.f           IDLEG.fcpbundle/8-19-20 Argonaut/Render Files/Peaks Data/01F7C775B81D5D74A1149C7E97C5419E/._Info.plist
.f           IDLEG.fcpbundle/8-19-20 Argonaut/Render Files/Peaks Data/01F7C775B81D5D74A1149C7E97C5419E/Frame 0 - 1023
.f           IDLEG.fcpbundle/8-19-20 Argonaut/Render Files/Peaks Data/01F7C775B81D5D74A1149C7E97C5419E/Info.plist
.d           IDLEG.fcpbundle/8-19-20 Argonaut/Render Files/Peaks Data/04A55D9675A9564508015A2E011AFE0F/
.f           IDLEG.fcpbundle/8-19-20 Argonaut/Render Files/Peaks Data/04A55D9675A9564508015A2E011AFE0F/._Frame 0 - 1023
.f           IDLEG.fcpbundle/8-19-20 Argonaut/Render Files/Peaks Data/04A55D9675A9564508015A2E011AFE0F/._Info.plist
.f           IDLEG.fcpbundle/8-19-20 Argonaut/Render Files/Peaks Data/04A55D9675A9564508015A2E011AFE0F/Frame 0 - 1023
.f           IDLEG.fcpbundle/8-19-20 Argonaut/Render Files/Peaks Data/04A55D9675A9564508015A2E011AFE0F/Info.plist
.d           IDLEG.fcpbundle/8-19-20 Argonaut/Render Files/Peaks Data/17E39978316A1EB7921E0A09438661B7/
.f           IDLEG.fcpbundle/8-19-20 Argonaut/Render Files/Peaks Data/17E39978316A1EB7921E0A09438661B7/._Frame 0 - 1023
.f           IDLEG.fcpbundle/8-19-20 Argonaut/Render Files/Peaks Data/17E39978316A1EB7921E0A09438661B7/._Info.plist
.f           IDLEG.fcpbundle/8-19-20 Argonaut/Render Files/Peaks Data/17E39978316A1EB7921E0A09438661B7/Frame 0 - 1023
.f           IDLEG.fcpbundle/8-19-20 Argonaut/Render Files/Peaks Data/17E39978316A1EB7921E0A09438661B7/Info.plist
.d           IDLEG.fcpbundle/8-19-20 Argonaut/Render Files/Peaks Data/1EBB2E14A2F1D30DFE130E5947776FEC/
.f           IDLEG.fcpbundle/8-19-20 Argonaut/Render Files/Peaks Data/1EBB2E14A2F1D30DFE130E5947776FEC/._Frame 0 - 1023
.f           IDLEG.fcpbundle/8-19-20 Argonaut/Render Files/Peaks Data/1EBB2E14A2F1D30DFE130E5947776FEC/._Info.plist
.f           IDLEG.fcpbundle/8-19-20 Argonaut/Render Files/Peaks Data/1EBB2E14A2F1D30DFE130E5947776FEC/Frame 0 - 1023
.f           IDLEG.fcpbundle/8-19-20 Argonaut/Render Files/Peaks Data/1EBB2E14A2F1D30DFE130E5947776FEC/Info.plist
.d           IDLEG.fcpbundle/8-19-20 Argonaut/Render Files/Peaks Data/284D507B85491216AE017DCDDC0830A8/
.f           IDLEG.fcpbundle/8-19-20 Argonaut/Render Files/Peaks Data/284D507B85491216AE017DCDDC0830A8/._Frame 0 - 1023
.f           IDLEG.fcpbundle/8-19-20 Argonaut/Render Files/Peaks Data/284D507B85491216AE017DCDDC0830A8/._Info.plist
.f           IDLEG.fcpbundle/8-19-20 Argonaut/Render Files/Peaks Data/284D507B85491216AE017DCDDC0830A8/Frame 0 - 1023
.f           IDLEG.fcpbundle/8-19-20 Argonaut/Render Files/Peaks Data/284D507B85491216AE017DCDDC0830A8/Info.plist
.d           IDLEG.fcpbundle/8-19-20 Argonaut/Render Files/Peaks Data/2BEBFD762F2C4182F804201E8079F86D/
.f           IDLEG.fcpbundle/8-19-20 Argonaut/Render Files/Peaks Data/2BEBFD762F2C4182F804201E8079F86D/._Frame 0 - 1023
.f           IDLEG.fcpbundle/8-19-20 Argonaut/Render Files/Peaks Data/2BEBFD762F2C4182F804201E8079F86D/._Info.plist
.f           IDLEG.fcpbundle/8-19-20 Argonaut/Render Files/Peaks Data/2BEBFD762F2C4182F804201E8079F86D/Frame 0 - 1023
.f           IDLEG.fcpbundle/8-19-20 Argonaut/Render Files/Peaks Data/2BEBFD762F2C4182F804201E8079F86D/Info.plist
.d           IDLEG.fcpbundle/8-19-20 Argonaut/Render Files/Peaks Data/2D15AC69D35B19CF9D5E36AF2A254254/
.f           IDLEG.fcpbundle/8-19-20 Argonaut/Render Files/Peaks Data/2D15AC69D35B19CF9D5E36AF2A254254/._Frame 0 - 1023
.f           IDLEG.fcpbundle/8-19-20 Argonaut/Render Files/Peaks Data/2D15AC69D35B19CF9D5E36AF2A254254/._Info.plist
.f           IDLEG.fcpbundle/8-19-20 Argonaut/Render Files/Peaks Data/2D15AC69D35B19CF9D5E36AF2A254254/Frame 0 - 1023
.f           IDLEG.fcpbundle/8-19-20 Argonaut/Render Files/Peaks Data/2D15AC69D35B19CF9D5E36AF2A254254/Info.plist
.d           IDLEG.fcpbundle/8-19-20 Argonaut/Render Files/Peaks Data/34F8AC6BF9B8483656ED9639FC22775D/
.f           IDLEG.fcpbundle/8-19-20 Argonaut/Render Files/Peaks Data/34F8AC6BF9B8483656ED9639FC22775D/._Frame 0 - 1023
.f           IDLEG.fcpbundle/8-19-20 Argonaut/Render Files/Peaks Data/34F8AC6BF9B8483656ED9639FC22775D/._Info.plist
.f           IDLEG.fcpbundle/8-19-20 Argonaut/Render Files/Peaks Data/34F8AC6BF9B8483656ED9639FC22775D/Frame 0 - 1023
.f           IDLEG.fcpbundle/8-19-20 Argonaut/Render Files/Peaks Data/34F8AC6BF9B8483656ED9639FC22775D/Info.plist
.d           IDLEG.fcpbundle/8-19-20 Argonaut/Render Files/Peaks Data/3542E378289E5DDD0F97568E590780A7/
.f           IDLEG.fcpbundle/8-19-20 Argonaut/Render Files/Peaks Data/3542E378289E5DDD0F97568E590780A7/._Frame 0 - 1023
.f           IDLEG.fcpbundle/8-19-20 Argonaut/Render Files/Peaks Data/3542E378289E5DDD0F97568E590780A7/._Info.plist
.f           IDLEG.fcpbundle/8-19-20 Argonaut/Render Files/Peaks Data/3542E378289E5DDD0F97568E590780A7/Frame 0 - 1023
.f           IDLEG.fcpbundle/8-19-20 Argonaut/Render Files/Peaks Data/3542E378289E5DDD0F97568E590780A7/Info.plist
.d           IDLEG.fcpbundle/8-19-20 Argonaut/Render Files/Peaks Data/4A02DBB9C0CA026E8C5D707F0F916079/
.f           IDLEG.fcpbundle/8-19-20 Argonaut/Render Files/Peaks Data/4A02DBB9C0CA026E8C5D707F0F916079/._Frame 0 - 1023
.f           IDLEG.fcpbundle/8-19-20 Argonaut/Render Files/Peaks Data/4A02DBB9C0CA026E8C5D707F0F916079/._Info.plist
.f           IDLEG.fcpbundle/8-19-20 Argonaut/Render Files/Peaks Data/4A02DBB9C0CA026E8C5D707F0F916079/Frame 0 - 1023
.f           IDLEG.fcpbundle/8-19-20 Argonaut/Render Files/Peaks Data/4A02DBB9C0CA026E8C5D707F0F916079/Info.plist
.d           IDLEG.fcpbundle/8-19-20 Argonaut/Render Files/Peaks Data/574F05EC024E52F40A93A889119557FB/
.f           IDLEG.fcpbundle/8-19-20 Argonaut/Render Files/Peaks Data/574F05EC024E52F40A93A889119557FB/._Frame 0 - 1023
.f           IDLEG.fcpbundle/8-19-20 Argonaut/Render Files/Peaks Data/574F05EC024E52F40A93A889119557FB/._Info.plist
.f           IDLEG.fcpbundle/8-19-20 Argonaut/Render Files/Peaks Data/574F05EC024E52F40A93A889119557FB/Frame 0 - 1023
.f           IDLEG.fcpbundle/8-19-20 Argonaut/Render Files/Peaks Data/574F05EC024E52F40A93A889119557FB/Info.plist
.d           IDLEG.fcpbundle/8-19-20 Argonaut/Render Files/Peaks Data/6B5C908BF1E32929E7543CAAF37BF479/
.f           IDLEG.fcpbundle/8-19-20 Argonaut/Render Files/Peaks Data/6B5C908BF1E32929E7543CAAF37BF479/._Frame 0 - 1023
.f           IDLEG.fcpbundle/8-19-20 Argonaut/Render Files/Peaks Data/6B5C908BF1E32929E7543CAAF37BF479/._Info.plist
.f           IDLEG.fcpbundle/8-19-20 Argonaut/Render Files/Peaks Data/6B5C908BF1E32929E7543CAAF37BF479/Frame 0 - 1023
.f           IDLEG.fcpbundle/8-19-20 Argonaut/Render Files/Peaks Data/6B5C908BF1E32929E7543CAAF37BF479/Info.plist
.d           IDLEG.fcpbundle/8-19-20 Argonaut/Render Files/Peaks Data/7D24FC8A0575D9B52FD4156720F4343F/
.f           IDLEG.fcpbundle/8-19-20 Argonaut/Render Files/Peaks Data/7D24FC8A0575D9B52FD4156720F4343F/._Frame 0 - 1023
.f           IDLEG.fcpbundle/8-19-20 Argonaut/Render Files/Peaks Data/7D24FC8A0575D9B52FD4156720F4343F/._Info.plist
.f           IDLEG.fcpbundle/8-19-20 Argonaut/Render Files/Peaks Data/7D24FC8A0575D9B52FD4156720F4343F/Frame 0 - 1023
.f           IDLEG.fcpbundle/8-19-20 Argonaut/Render Files/Peaks Data/7D24FC8A0575D9B52FD4156720F4343F/Info.plist
.d           IDLEG.fcpbundle/8-19-20 Argonaut/Render Files/Peaks Data/915A27A012DC561D5B5A74FD0C03AE32/
.f           IDLEG.fcpbundle/8-19-20 Argonaut/Render Files/Peaks Data/915A27A012DC561D5B5A74FD0C03AE32/._Frame 0 - 1023
.f           IDLEG.fcpbundle/8-19-20 Argonaut/Render Files/Peaks Data/915A27A012DC561D5B5A74FD0C03AE32/._Info.plist
.f           IDLEG.fcpbundle/8-19-20 Argonaut/Render Files/Peaks Data/915A27A012DC561D5B5A74FD0C03AE32/Frame 0 - 1023
.f           IDLEG.fcpbundle/8-19-20 Argonaut/Render Files/Peaks Data/915A27A012DC561D5B5A74FD0C03AE32/Info.plist
.d           IDLEG.fcpbundle/8-19-20 Argonaut/Render Files/Peaks Data/928D266E568625CE43DAD21A6D57D4FF/
.f           IDLEG.fcpbundle/8-19-20 Argonaut/Render Files/Peaks Data/928D266E568625CE43DAD21A6D57D4FF/._Frame 0 - 1023
.f           IDLEG.fcpbundle/8-19-20 Argonaut/Render Files/Peaks Data/928D266E568625CE43DAD21A6D57D4FF/._Info.plist
.f           IDLEG.fcpbundle/8-19-20 Argonaut/Render Files/Peaks Data/928D266E568625CE43DAD21A6D57D4FF/Frame 0 - 1023
.f           IDLEG.fcpbundle/8-19-20 Argonaut/Render Files/Peaks Data/928D266E568625CE43DAD21A6D57D4FF/Info.plist
.d           IDLEG.fcpbundle/8-19-20 Argonaut/Render Files/Peaks Data/98CB6DDB0D78A8FD6D80F5873B9E6A8D/
.f           IDLEG.fcpbundle/8-19-20 Argonaut/Render Files/Peaks Data/98CB6DDB0D78A8FD6D80F5873B9E6A8D/._Frame 0 - 1023
.f           IDLEG.fcpbundle/8-19-20 Argonaut/Render Files/Peaks Data/98CB6DDB0D78A8FD6D80F5873B9E6A8D/._Info.plist
.f           IDLEG.fcpbundle/8-19-20 Argonaut/Render Files/Peaks Data/98CB6DDB0D78A8FD6D80F5873B9E6A8D/Frame 0 - 1023
.f           IDLEG.fcpbundle/8-19-20 Argonaut/Render Files/Peaks Data/98CB6DDB0D78A8FD6D80F5873B9E6A8D/Info.plist
.d           IDLEG.fcpbundle/8-19-20 Argonaut/Render Files/Peaks Data/9D9E5DC5AF524FA4FDDB45E060BC0BEC/
.f           IDLEG.fcpbundle/8-19-20 Argonaut/Render Files/Peaks Data/9D9E5DC5AF524FA4FDDB45E060BC0BEC/._Frame 0 - 1023
.f           IDLEG.fcpbundle/8-19-20 Argonaut/Render Files/Peaks Data/9D9E5DC5AF524FA4FDDB45E060BC0BEC/._Info.plist
.f           IDLEG.fcpbundle/8-19-20 Argonaut/Render Files/Peaks Data/9D9E5DC5AF524FA4FDDB45E060BC0BEC/Frame 0 - 1023
.f           IDLEG.fcpbundle/8-19-20 Argonaut/Render Files/Peaks Data/9D9E5DC5AF524FA4FDDB45E060BC0BEC/Info.plist
.d           IDLEG.fcpbundle/8-19-20 Argonaut/Render Files/Peaks Data/9E70CDBDBC8736C9DDD30631FCE1AE06/
.f           IDLEG.fcpbundle/8-19-20 Argonaut/Render Files/Peaks Data/9E70CDBDBC8736C9DDD30631FCE1AE06/._Frame 0 - 1023
.f           IDLEG.fcpbundle/8-19-20 Argonaut/Render Files/Peaks Data/9E70CDBDBC8736C9DDD30631FCE1AE06/._Info.plist
.f           IDLEG.fcpbundle/8-19-20 Argonaut/Render Files/Peaks Data/9E70CDBDBC8736C9DDD30631FCE1AE06/Frame 0 - 1023
.f           IDLEG.fcpbundle/8-19-20 Argonaut/Render Files/Peaks Data/9E70CDBDBC8736C9DDD30631FCE1AE06/Info.plist
.d           IDLEG.fcpbundle/8-19-20 Argonaut/Render Files/Peaks Data/A04FE0F6BE90C6855F8B766379EB404E/
.f           IDLEG.fcpbundle/8-19-20 Argonaut/Render Files/Peaks Data/A04FE0F6BE90C6855F8B766379EB404E/._Frame 0 - 1023
.f           IDLEG.fcpbundle/8-19-20 Argonaut/Render Files/Peaks Data/A04FE0F6BE90C6855F8B766379EB404E/._Info.plist
.f           IDLEG.fcpbundle/8-19-20 Argonaut/Render Files/Peaks Data/A04FE0F6BE90C6855F8B766379EB404E/Frame 0 - 1023
.f           IDLEG.fcpbundle/8-19-20 Argonaut/Render Files/Peaks Data/A04FE0F6BE90C6855F8B766379EB404E/Info.plist
.d           IDLEG.fcpbundle/8-19-20 Argonaut/Render Files/Peaks Data/A2EDAD41FF715582C340717C306128B5/
.f           IDLEG.fcpbundle/8-19-20 Argonaut/Render Files/Peaks Data/A2EDAD41FF715582C340717C306128B5/._Frame 0 - 1023
.f           IDLEG.fcpbundle/8-19-20 Argonaut/Render Files/Peaks Data/A2EDAD41FF715582C340717C306128B5/._Info.plist
.f           IDLEG.fcpbundle/8-19-20 Argonaut/Render Files/Peaks Data/A2EDAD41FF715582C340717C306128B5/Frame 0 - 1023
.f           IDLEG.fcpbundle/8-19-20 Argonaut/Render Files/Peaks Data/A2EDAD41FF715582C340717C306128B5/Info.plist
.d           IDLEG.fcpbundle/8-19-20 Argonaut/Render Files/Peaks Data/A4A369384332E5B6479A2EEC2F0AF4FE/
.f           IDLEG.fcpbundle/8-19-20 Argonaut/Render Files/Peaks Data/A4A369384332E5B6479A2EEC2F0AF4FE/._Frame 0 - 1023
.f           IDLEG.fcpbundle/8-19-20 Argonaut/Render Files/Peaks Data/A4A369384332E5B6479A2EEC2F0AF4FE/._Info.plist
.f           IDLEG.fcpbundle/8-19-20 Argonaut/Render Files/Peaks Data/A4A369384332E5B6479A2EEC2F0AF4FE/Frame 0 - 1023
.f           IDLEG.fcpbundle/8-19-20 Argonaut/Render Files/Peaks Data/A4A369384332E5B6479A2EEC2F0AF4FE/Info.plist
.d           IDLEG.fcpbundle/8-19-20 Argonaut/Render Files/Peaks Data/A74830E9F486FD123B443AB656DD7847/
.f           IDLEG.fcpbundle/8-19-20 Argonaut/Render Files/Peaks Data/A74830E9F486FD123B443AB656DD7847/._Frame 0 - 1023
.f           IDLEG.fcpbundle/8-19-20 Argonaut/Render Files/Peaks Data/A74830E9F486FD123B443AB656DD7847/._Info.plist
.f           IDLEG.fcpbundle/8-19-20 Argonaut/Render Files/Peaks Data/A74830E9F486FD123B443AB656DD7847/Frame 0 - 1023
.f           IDLEG.fcpbundle/8-19-20 Argonaut/Render Files/Peaks Data/A74830E9F486FD123B443AB656DD7847/Info.plist
.d           IDLEG.fcpbundle/8-19-20 Argonaut/Render Files/Peaks Data/BE0D5876848B5B5D7E42F7EE07CFA78A/
.f           IDLEG.fcpbundle/8-19-20 Argonaut/Render Files/Peaks Data/BE0D5876848B5B5D7E42F7EE07CFA78A/._Frame 0 - 1023
.f           IDLEG.fcpbundle/8-19-20 Argonaut/Render Files/Peaks Data/BE0D5876848B5B5D7E42F7EE07CFA78A/._Info.plist
.f           IDLEG.fcpbundle/8-19-20 Argonaut/Render Files/Peaks Data/BE0D5876848B5B5D7E42F7EE07CFA78A/Frame 0 - 1023
.f           IDLEG.fcpbundle/8-19-20 Argonaut/Render Files/Peaks Data/BE0D5876848B5B5D7E42F7EE07CFA78A/Info.plist
.d           IDLEG.fcpbundle/8-19-20 Argonaut/Render Files/Peaks Data/C369ED3EF28095DB0B995F8F47F23AA8/
.f           IDLEG.fcpbundle/8-19-20 Argonaut/Render Files/Peaks Data/C369ED3EF28095DB0B995F8F47F23AA8/._Frame 0 - 1023
.f           IDLEG.fcpbundle/8-19-20 Argonaut/Render Files/Peaks Data/C369ED3EF28095DB0B995F8F47F23AA8/._Info.plist
.f           IDLEG.fcpbundle/8-19-20 Argonaut/Render Files/Peaks Data/C369ED3EF28095DB0B995F8F47F23AA8/Frame 0 - 1023
.f           IDLEG.fcpbundle/8-19-20 Argonaut/Render Files/Peaks Data/C369ED3EF28095DB0B995F8F47F23AA8/Info.plist
.d           IDLEG.fcpbundle/8-19-20 Argonaut/Render Files/Peaks Data/C816749030C84AEA1FC5BAD3C3B23A8F/
.f           IDLEG.fcpbundle/8-19-20 Argonaut/Render Files/Peaks Data/C816749030C84AEA1FC5BAD3C3B23A8F/._Frame 0 - 1023
.f           IDLEG.fcpbundle/8-19-20 Argonaut/Render Files/Peaks Data/C816749030C84AEA1FC5BAD3C3B23A8F/._Info.plist
.f           IDLEG.fcpbundle/8-19-20 Argonaut/Render Files/Peaks Data/C816749030C84AEA1FC5BAD3C3B23A8F/Frame 0 - 1023
.f           IDLEG.fcpbundle/8-19-20 Argonaut/Render Files/Peaks Data/C816749030C84AEA1FC5BAD3C3B23A8F/Info.plist
.d           IDLEG.fcpbundle/8-19-20 Argonaut/Render Files/Peaks Data/D3B07F3260E44903AC98D6F9A65C1674/
.f           IDLEG.fcpbundle/8-19-20 Argonaut/Render Files/Peaks Data/D3B07F3260E44903AC98D6F9A65C1674/._Frame 0 - 1023
.f           IDLEG.fcpbundle/8-19-20 Argonaut/Render Files/Peaks Data/D3B07F3260E44903AC98D6F9A65C1674/._Info.plist
.f           IDLEG.fcpbundle/8-19-20 Argonaut/Render Files/Peaks Data/D3B07F3260E44903AC98D6F9A65C1674/Frame 0 - 1023
.f           IDLEG.fcpbundle/8-19-20 Argonaut/Render Files/Peaks Data/D3B07F3260E44903AC98D6F9A65C1674/Info.plist
.d           IDLEG.fcpbundle/8-19-20 Argonaut/Render Files/Thumbnail Media/
.f           IDLEG.fcpbundle/8-19-20 Argonaut/Render Files/Thumbnail Media/._3760FB6075AFAF19CCBD58FF8A825AC5
.f           IDLEG.fcpbundle/8-19-20 Argonaut/Render Files/Thumbnail Media/._7F2EC1F7E877CACA3EAE01613FFC89EF
.d           IDLEG.fcpbundle/8-19-20 Argonaut/Render Files/Thumbnail Media/3760FB6075AFAF19CCBD58FF8A825AC5/
.f           IDLEG.fcpbundle/8-19-20 Argonaut/Render Files/Thumbnail Media/3760FB6075AFAF19CCBD58FF8A825AC5/._Frame 0 - 1023
.f           IDLEG.fcpbundle/8-19-20 Argonaut/Render Files/Thumbnail Media/3760FB6075AFAF19CCBD58FF8A825AC5/._Info.plist
.f           IDLEG.fcpbundle/8-19-20 Argonaut/Render Files/Thumbnail Media/3760FB6075AFAF19CCBD58FF8A825AC5/Frame 0 - 1023
.f           IDLEG.fcpbundle/8-19-20 Argonaut/Render Files/Thumbnail Media/3760FB6075AFAF19CCBD58FF8A825AC5/Info.plist
.d           IDLEG.fcpbundle/8-19-20 Argonaut/Render Files/Thumbnail Media/7F2EC1F7E877CACA3EAE01613FFC89EF/
.f           IDLEG.fcpbundle/8-19-20 Argonaut/Render Files/Thumbnail Media/7F2EC1F7E877CACA3EAE01613FFC89EF/._Frame 0 - 1023
.f           IDLEG.fcpbundle/8-19-20 Argonaut/Render Files/Thumbnail Media/7F2EC1F7E877CACA3EAE01613FFC89EF/._Info.plist
.f           IDLEG.fcpbundle/8-19-20 Argonaut/Render Files/Thumbnail Media/7F2EC1F7E877CACA3EAE01613FFC89EF/Frame 0 - 1023
.f           IDLEG.fcpbundle/8-19-20 Argonaut/Render Files/Thumbnail Media/7F2EC1F7E877CACA3EAE01613FFC89EF/Info.plist
.d           IDLEG.fcpbundle/8-19-20 Argonaut/Shared Items/
.f           IDLEG.fcpbundle/8-19-20 Argonaut/Shared Items/._IUf1FiBaTz+C4Pi0BoXOZA
.d           IDLEG.fcpbundle/8-19-20 Argonaut/Shared Items/IUf1FiBaTz+C4Pi0BoXOZA/
.f           IDLEG.fcpbundle/8-19-20 Argonaut/Shared Items/IUf1FiBaTz+C4Pi0BoXOZA/._ShareStatus.plist
.f           IDLEG.fcpbundle/8-19-20 Argonaut/Shared Items/IUf1FiBaTz+C4Pi0BoXOZA/ShareStatus.plist
.d           IDLEG.fcpbundle/8-19-20 Argonaut/Testing at UIdaho/
.f           IDLEG.fcpbundle/8-19-20 Argonaut/Testing at UIdaho/._CurrentVersion.fcpevent
.f           IDLEG.fcpbundle/8-19-20 Argonaut/Testing at UIdaho/CurrentVersion.fcpevent
.d           IDLEG.fcpbundle/Back to School Fall 2020/
.f           IDLEG.fcpbundle/Back to School Fall 2020/._Analysis Files
.f           IDLEG.fcpbundle/Back to School Fall 2020/._CurrentVersion.fcpevent
.f           IDLEG.fcpbundle/Back to School Fall 2020/._Little Presser July 9
.f           IDLEG.fcpbundle/Back to School Fall 2020/._Original Media
.f           IDLEG.fcpbundle/Back to School Fall 2020/._Render Files
.f           IDLEG.fcpbundle/Back to School Fall 2020/._Shared Items
.f           IDLEG.fcpbundle/Back to School Fall 2020/CurrentVersion.fcpevent
.d           IDLEG.fcpbundle/Back to School Fall 2020/Analysis Files/
.f           IDLEG.fcpbundle/Back to School Fall 2020/Analysis Files/._Flow Transition
.d           IDLEG.fcpbundle/Back to School Fall 2020/Analysis Files/Flow Transition/
.f           IDLEG.fcpbundle/Back to School Fall 2020/Analysis Files/Flow Transition/._494A9E1A67F1EB41E919C66AAC2C6DDB
.d           IDLEG.fcpbundle/Back to School Fall 2020/Analysis Files/Flow Transition/494A9E1A67F1EB41E919C66AAC2C6DDB/
.f           IDLEG.fcpbundle/Back to School Fall 2020/Analysis Files/Flow Transition/494A9E1A67F1EB41E919C66AAC2C6DDB/._Frame 0 - 1023
.f           IDLEG.fcpbundle/Back to School Fall 2020/Analysis Files/Flow Transition/494A9E1A67F1EB41E919C66AAC2C6DDB/._Info.plist
.f           IDLEG.fcpbundle/Back to School Fall 2020/Analysis Files/Flow Transition/494A9E1A67F1EB41E919C66AAC2C6DDB/Frame 0 - 1023
.f           IDLEG.fcpbundle/Back to School Fall 2020/Analysis Files/Flow Transition/494A9E1A67F1EB41E919C66AAC2C6DDB/Info.plist
.d           IDLEG.fcpbundle/Back to School Fall 2020/Little Presser July 9/
.f           IDLEG.fcpbundle/Back to School Fall 2020/Little Presser July 9/._CurrentVersion.fcpevent
.f           IDLEG.fcpbundle/Back to School Fall 2020/Little Presser July 9/CurrentVersion.fcpevent
.d           IDLEG.fcpbundle/Back to School Fall 2020/Original Media/
.f           IDLEG.fcpbundle/Back to School Fall 2020/Original Media/._Gov Little outlines school reopening plans and more.mp4
.f           IDLEG.fcpbundle/Back to School Fall 2020/Original Media/Gov Little outlines school reopening plans and more.mp4
.d           IDLEG.fcpbundle/Back to School Fall 2020/Render Files/
.f           IDLEG.fcpbundle/Back to School Fall 2020/Render Files/._High Quality Media
.f           IDLEG.fcpbundle/Back to School Fall 2020/Render Files/._Peaks Data
.f           IDLEG.fcpbundle/Back to School Fall 2020/Render Files/._Thumbnail Media
.d           IDLEG.fcpbundle/Back to School Fall 2020/Render Files/High Quality Media/
.f           IDLEG.fcpbundle/Back to School Fall 2020/Render Files/High Quality Media/._01013F1F7F3DF719072BD6B2A468E732
.f           IDLEG.fcpbundle/Back to School Fall 2020/Render Files/High Quality Media/._037970FBA43DBA930B403F019383BDED
.f           IDLEG.fcpbundle/Back to School Fall 2020/Render Files/High Quality Media/._07D5148CA94CD0A4A5E4808C5CC4A0D5
.f           IDLEG.fcpbundle/Back to School Fall 2020/Render Files/High Quality Media/._0C82ECE051E0800DF6CBC8F5C22B7156
.f           IDLEG.fcpbundle/Back to School Fall 2020/Render Files/High Quality Media/._0E9223C789B77CEA6DB4384F58F8F3A6
.f           IDLEG.fcpbundle/Back to School Fall 2020/Render Files/High Quality Media/._2181E7B9B58867219E4E087920C58726
.f           IDLEG.fcpbundle/Back to School Fall 2020/Render Files/High Quality Media/._24278CD16D8DC55B433BA1C046FDF649
.f           IDLEG.fcpbundle/Back to School Fall 2020/Render Files/High Quality Media/._2B030B6E7AFA602CD4E1D4CD42398501
.f           IDLEG.fcpbundle/Back to School Fall 2020/Render Files/High Quality Media/._2BD2D8369D91965C19406F83EA0F0C6C
.f           IDLEG.fcpbundle/Back to School Fall 2020/Render Files/High Quality Media/._30D477F77B4672D2BDDFFADDABC630E0
.f           IDLEG.fcpbundle/Back to School Fall 2020/Render Files/High Quality Media/._310E3110D5342D4E17073EB696FE59BC
.f           IDLEG.fcpbundle/Back to School Fall 2020/Render Files/High Quality Media/._3260784B0E191FC7B41355B595B57768
.f           IDLEG.fcpbundle/Back to School Fall 2020/Render Files/High Quality Media/._3585144167D60D66E4771D17D6D7466C
.f           IDLEG.fcpbundle/Back to School Fall 2020/Render Files/High Quality Media/._373A17A4617C641FC27D9907B24356A4
.f           IDLEG.fcpbundle/Back to School Fall 2020/Render Files/High Quality Media/._383FBC3AA4538BE25C50A5845435FC12
.f           IDLEG.fcpbundle/Back to School Fall 2020/Render Files/High Quality Media/._3E98552470971921DFC0EC8BCFC4AF47
.f           IDLEG.fcpbundle/Back to School Fall 2020/Render Files/High Quality Media/._4A3AB647BB74347435BF4198F4B4B005
.f           IDLEG.fcpbundle/Back to School Fall 2020/Render Files/High Quality Media/._595263049175B7AF594E482EB1BA02E3
.f           IDLEG.fcpbundle/Back to School Fall 2020/Render Files/High Quality Media/._59A52BA3A7F29713ECCC0EE07B14AADF
.f           IDLEG.fcpbundle/Back to School Fall 2020/Render Files/High Quality Media/._63F379E1BF2B8FAC4EF11330B762B8F9
.f           IDLEG.fcpbundle/Back to School Fall 2020/Render Files/High Quality Media/._76EECDFDEF9BC85BDED33517F51A4064
.f           IDLEG.fcpbundle/Back to School Fall 2020/Render Files/High Quality Media/._77D5575E0F33E29AD3E5D8258048B0C1
.f           IDLEG.fcpbundle/Back to School Fall 2020/Render Files/High Quality Media/._855819DA9AFB6D122A6152F417AD8738
.f           IDLEG.fcpbundle/Back to School Fall 2020/Render Files/High Quality Media/._87670DF860FEB8FC013718B567DB6341
.f           IDLEG.fcpbundle/Back to School Fall 2020/Render Files/High Quality Media/._8A0C82F920A7270BE00C10ABBC1E19C7
.f           IDLEG.fcpbundle/Back to School Fall 2020/Render Files/High Quality Media/._920B6AD1EBB6DF9002F058AE52DF1C17
.f           IDLEG.fcpbundle/Back to School Fall 2020/Render Files/High Quality Media/._93396275B3DDCF7990D869BF1D95F234
.f           IDLEG.fcpbundle/Back to School Fall 2020/Render Files/High Quality Media/._950A929C2F5F47A5C338E8E7BC9AA2AE
.f           IDLEG.fcpbundle/Back to School Fall 2020/Render Files/High Quality Media/._9E5424A3A966DC3E934FB459340AB92C
.f           IDLEG.fcpbundle/Back to School Fall 2020/Render Files/High Quality Media/._9EDF1F109617462A23FFC52808DFE980
.f           IDLEG.fcpbundle/Back to School Fall 2020/Render Files/High Quality Media/._ADB39744ACE1AB635A412BC4639472D2
.f           IDLEG.fcpbundle/Back to School Fall 2020/Render Files/High Quality Media/._CA728B724C16251E5FE4040EFC82CEA2
.f           IDLEG.fcpbundle/Back to School Fall 2020/Render Files/High Quality Media/._CE6D2521BD395270C90C04A951A78B6A
.f           IDLEG.fcpbundle/Back to School Fall 2020/Render Files/High Quality Media/._D52E8EDA3FE0B106EE94DADD608B77E1
.f           IDLEG.fcpbundle/Back to School Fall 2020/Render Files/High Quality Media/._D633DEACD043506DE5007848E35E4F51
.f           IDLEG.fcpbundle/Back to School Fall 2020/Render Files/High Quality Media/._D88A3695CD73715314AC4985FD59EE9B
.f           IDLEG.fcpbundle/Back to School Fall 2020/Render Files/High Quality Media/._DCC660DEA1ED8438347CC5BE6752F5DF
.f           IDLEG.fcpbundle/Back to School Fall 2020/Render Files/High Quality Media/._E4A12B0B9F94CD652C64259D4F19228D
.f           IDLEG.fcpbundle/Back to School Fall 2020/Render Files/High Quality Media/._E68F9B5582DEA87B496527ECC40D177A
.f           IDLEG.fcpbundle/Back to School Fall 2020/Render Files/High Quality Media/._E874D354BA22EBE072CF3F9854534339
.f           IDLEG.fcpbundle/Back to School Fall 2020/Render Files/High Quality Media/._E87DBF6643A58FE26D8D556F6A774953
.f           IDLEG.fcpbundle/Back to School Fall 2020/Render Files/High Quality Media/._EA32951D2F8B53367BDBA988AC7C689A
.f           IDLEG.fcpbundle/Back to School Fall 2020/Render Files/High Quality Media/._EA39FD0C75F35A04F1CC2D56406A4B39
.f           IDLEG.fcpbundle/Back to School Fall 2020/Render Files/High Quality Media/._F20B1DF91F1A30AAFA2A0D5A89376949
.f           IDLEG.fcpbundle/Back to School Fall 2020/Render Files/High Quality Media/._F6F4189B53F6CA193F0798FFE8C20C86
.f           IDLEG.fcpbundle/Back to School Fall 2020/Render Files/High Quality Media/._F7FBEF109962A2E02174155B08C9C2EB
.f           IDLEG.fcpbundle/Back to School Fall 2020/Render Files/High Quality Media/._F8B354AFE9758A9BCC7A4BF3B5B8E747
.f           IDLEG.fcpbundle/Back to School Fall 2020/Render Files/High Quality Media/._FE7FA060F1D812CE978361B519965422
.d           IDLEG.fcpbundle/Back to School Fall 2020/Render Files/High Quality Media/01013F1F7F3DF719072BD6B2A468E732/
.f           IDLEG.fcpbundle/Back to School Fall 2020/Render Files/High Quality Media/01013F1F7F3DF719072BD6B2A468E732/._Frame 107520 - 108543
.f           IDLEG.fcpbundle/Back to School Fall 2020/Render Files/High Quality Media/01013F1F7F3DF719072BD6B2A468E732/._Info.plist
.f           IDLEG.fcpbundle/Back to School Fall 2020/Render Files/High Quality Media/01013F1F7F3DF719072BD6B2A468E732/Frame 107520 - 108543
.f           IDLEG.fcpbundle/Back to School Fall 2020/Render Files/High Quality Media/01013F1F7F3DF719072BD6B2A468E732/Info.plist
.d           IDLEG.fcpbundle/Back to School Fall 2020/Render Files/High Quality Media/037970FBA43DBA930B403F019383BDED/
.f           IDLEG.fcpbundle/Back to School Fall 2020/Render Files/High Quality Media/037970FBA43DBA930B403F019383BDED/._Frame 47104 - 48127
.f           IDLEG.fcpbundle/Back to School Fall 2020/Render Files/High Quality Media/037970FBA43DBA930B403F019383BDED/._Info.plist
.f           IDLEG.fcpbundle/Back to School Fall 2020/Render Files/High Quality Media/037970FBA43DBA930B403F019383BDED/Frame 47104 - 48127
.f           IDLEG.fcpbundle/Back to School Fall 2020/Render Files/High Quality Media/037970FBA43DBA930B403F019383BDED/Info.plist
.d           IDLEG.fcpbundle/Back to School Fall 2020/Render Files/High Quality Media/07D5148CA94CD0A4A5E4808C5CC4A0D5/
.f           IDLEG.fcpbundle/Back to School Fall 2020/Render Files/High Quality Media/07D5148CA94CD0A4A5E4808C5CC4A0D5/._Frame 81920 - 82943
.f           IDLEG.fcpbundle/Back to School Fall 2020/Render Files/High Quality Media/07D5148CA94CD0A4A5E4808C5CC4A0D5/._Info.plist
.f           IDLEG.fcpbundle/Back to School Fall 2020/Render Files/High Quality Media/07D5148CA94CD0A4A5E4808C5CC4A0D5/Frame 81920 - 82943
.f           IDLEG.fcpbundle/Back to School Fall 2020/Render Files/High Quality Media/07D5148CA94CD0A4A5E4808C5CC4A0D5/Info.plist
.d           IDLEG.fcpbundle/Back to School Fall 2020/Render Files/High Quality Media/0C82ECE051E0800DF6CBC8F5C22B7156/
.f           IDLEG.fcpbundle/Back to School Fall 2020/Render Files/High Quality Media/0C82ECE051E0800DF6CBC8F5C22B7156/._Frame 6144 - 7167
.f           IDLEG.fcpbundle/Back to School Fall 2020/Render Files/High Quality Media/0C82ECE051E0800DF6CBC8F5C22B7156/._Info.plist
.f           IDLEG.fcpbundle/Back to School Fall 2020/Render Files/High Quality Media/0C82ECE051E0800DF6CBC8F5C22B7156/Frame 6144 - 7167
.f           IDLEG.fcpbundle/Back to School Fall 2020/Render Files/High Quality Media/0C82ECE051E0800DF6CBC8F5C22B7156/Info.plist
.d           IDLEG.fcpbundle/Back to School Fall 2020/Render Files/High Quality Media/0E9223C789B77CEA6DB4384F58F8F3A6/
.f           IDLEG.fcpbundle/Back to School Fall 2020/Render Files/High Quality Media/0E9223C789B77CEA6DB4384F58F8F3A6/._Frame 107520 - 108543
.f           IDLEG.fcpbundle/Back to School Fall 2020/Render Files/High Quality Media/0E9223C789B77CEA6DB4384F58F8F3A6/._Info.plist
.f           IDLEG.fcpbundle/Back to School Fall 2020/Render Files/High Quality Media/0E9223C789B77CEA6DB4384F58F8F3A6/Frame 107520 - 108543
.f           IDLEG.fcpbundle/Back to School Fall 2020/Render Files/High Quality Media/0E9223C789B77CEA6DB4384F58F8F3A6/Info.plist
.d           IDLEG.fcpbundle/Back to School Fall 2020/Render Files/High Quality Media/2181E7B9B58867219E4E087920C58726/
.f           IDLEG.fcpbundle/Back to School Fall 2020/Render Files/High Quality Media/2181E7B9B58867219E4E087920C58726/._Frame 107520 - 108543
.f           IDLEG.fcpbundle/Back to School Fall 2020/Render Files/High Quality Media/2181E7B9B58867219E4E087920C58726/._Info.plist
.f           IDLEG.fcpbundle/Back to School Fall 2020/Render Files/High Quality Media/2181E7B9B58867219E4E087920C58726/Frame 107520 - 108543
.f           IDLEG.fcpbundle/Back to School Fall 2020/Render Files/High Quality Media/2181E7B9B58867219E4E087920C58726/Info.plist
.d           IDLEG.fcpbundle/Back to School Fall 2020/Render Files/High Quality Media/24278CD16D8DC55B433BA1C046FDF649/
.f           IDLEG.fcpbundle/Back to School Fall 2020/Render Files/High Quality Media/24278CD16D8DC55B433BA1C046FDF649/._Frame 107520 - 108543
.f           IDLEG.fcpbundle/Back to School Fall 2020/Render Files/High Quality Media/24278CD16D8DC55B433BA1C046FDF649/._Info.plist
.f           IDLEG.fcpbundle/Back to School Fall 2020/Render Files/High Quality Media/24278CD16D8DC55B433BA1C046FDF649/Frame 107520 - 108543
.f           IDLEG.fcpbundle/Back to School Fall 2020/Render Files/High Quality Media/24278CD16D8DC55B433BA1C046FDF649/Info.plist
.d           IDLEG.fcpbundle/Back to School Fall 2020/Render Files/High Quality Media/2B030B6E7AFA602CD4E1D4CD42398501/
.f           IDLEG.fcpbundle/Back to School Fall 2020/Render Files/High Quality Media/2B030B6E7AFA602CD4E1D4CD42398501/._Frame 97280 - 98303
.f           IDLEG.fcpbundle/Back to School Fall 2020/Render Files/High Quality Media/2B030B6E7AFA602CD4E1D4CD42398501/._Info.plist
.f           IDLEG.fcpbundle/Back to School Fall 2020/Render Files/High Quality Media/2B030B6E7AFA602CD4E1D4CD42398501/Frame 97280 - 98303
.f           IDLEG.fcpbundle/Back to School Fall 2020/Render Files/High Quality Media/2B030B6E7AFA602CD4E1D4CD42398501/Info.plist
.d           IDLEG.fcpbundle/Back to School Fall 2020/Render Files/High Quality Media/2BD2D8369D91965C19406F83EA0F0C6C/
.f           IDLEG.fcpbundle/Back to School Fall 2020/Render Files/High Quality Media/2BD2D8369D91965C19406F83EA0F0C6C/._Frame 106496 - 107519
.f           IDLEG.fcpbundle/Back to School Fall 2020/Render Files/High Quality Media/2BD2D8369D91965C19406F83EA0F0C6C/._Info.plist
.f           IDLEG.fcpbundle/Back to School Fall 2020/Render Files/High Quality Media/2BD2D8369D91965C19406F83EA0F0C6C/Frame 106496 - 107519
.f           IDLEG.fcpbundle/Back to School Fall 2020/Render Files/High Quality Media/2BD2D8369D91965C19406F83EA0F0C6C/Info.plist
.d           IDLEG.fcpbundle/Back to School Fall 2020/Render Files/High Quality Media/30D477F77B4672D2BDDFFADDABC630E0/
.f           IDLEG.fcpbundle/Back to School Fall 2020/Render Files/High Quality Media/30D477F77B4672D2BDDFFADDABC630E0/._Frame 107520 - 108543
.f           IDLEG.fcpbundle/Back to School Fall 2020/Render Files/High Quality Media/30D477F77B4672D2BDDFFADDABC630E0/._Info.plist
.f           IDLEG.fcpbundle/Back to School Fall 2020/Render Files/High Quality Media/30D477F77B4672D2BDDFFADDABC630E0/Frame 107520 - 108543
.f           IDLEG.fcpbundle/Back to School Fall 2020/Render Files/High Quality Media/30D477F77B4672D2BDDFFADDABC630E0/Info.plist
.d           IDLEG.fcpbundle/Back to School Fall 2020/Render Files/High Quality Media/310E3110D5342D4E17073EB696FE59BC/
.f           IDLEG.fcpbundle/Back to School Fall 2020/Render Files/High Quality Media/310E3110D5342D4E17073EB696FE59BC/._Frame 49152 - 50175
.f           IDLEG.fcpbundle/Back to School Fall 2020/Render Files/High Quality Media/310E3110D5342D4E17073EB696FE59BC/._Info.plist
.f           IDLEG.fcpbundle/Back to School Fall 2020/Render Files/High Quality Media/310E3110D5342D4E17073EB696FE59BC/Frame 49152 - 50175
.f           IDLEG.fcpbundle/Back to School Fall 2020/Render Files/High Quality Media/310E3110D5342D4E17073EB696FE59BC/Info.plist
.d           IDLEG.fcpbundle/Back to School Fall 2020/Render Files/High Quality Media/3260784B0E191FC7B41355B595B57768/
.f           IDLEG.fcpbundle/Back to School Fall 2020/Render Files/High Quality Media/3260784B0E191FC7B41355B595B57768/._Frame 95232 - 96255
.f           IDLEG.fcpbundle/Back to School Fall 2020/Render Files/High Quality Media/3260784B0E191FC7B41355B595B57768/._Info.plist
.f           IDLEG.fcpbundle/Back to School Fall 2020/Render Files/High Quality Media/3260784B0E191FC7B41355B595B57768/Frame 95232 - 96255
.f           IDLEG.fcpbundle/Back to School Fall 2020/Render Files/High Quality Media/3260784B0E191FC7B41355B595B57768/Info.plist
.d           IDLEG.fcpbundle/Back to School Fall 2020/Render Files/High Quality Media/3585144167D60D66E4771D17D6D7466C/
.f           IDLEG.fcpbundle/Back to School Fall 2020/Render Files/High Quality Media/3585144167D60D66E4771D17D6D7466C/._Frame 0 - 1023
.f           IDLEG.fcpbundle/Back to School Fall 2020/Render Files/High Quality Media/3585144167D60D66E4771D17D6D7466C/._Frame 44032 - 45055
.f           IDLEG.fcpbundle/Back to School Fall 2020/Render Files/High Quality Media/3585144167D60D66E4771D17D6D7466C/._Frame 45056 - 46079
.f           IDLEG.fcpbundle/Back to School Fall 2020/Render Files/High Quality Media/3585144167D60D66E4771D17D6D7466C/._Frame 46080 - 47103
.f           IDLEG.fcpbundle/Back to School Fall 2020/Render Files/High Quality Media/3585144167D60D66E4771D17D6D7466C/._Info.plist
.f           IDLEG.fcpbundle/Back to School Fall 2020/Render Files/High Quality Media/3585144167D60D66E4771D17D6D7466C/Frame 0 - 1023
.f           IDLEG.fcpbundle/Back to School Fall 2020/Render Files/High Quality Media/3585144167D60D66E4771D17D6D7466C/Frame 44032 - 45055
.f           IDLEG.fcpbundle/Back to School Fall 2020/Render Files/High Quality Media/3585144167D60D66E4771D17D6D7466C/Frame 45056 - 46079
.f           IDLEG.fcpbundle/Back to School Fall 2020/Render Files/High Quality Media/3585144167D60D66E4771D17D6D7466C/Frame 46080 - 47103
.f           IDLEG.fcpbundle/Back to School Fall 2020/Render Files/High Quality Media/3585144167D60D66E4771D17D6D7466C/Info.plist
.d           IDLEG.fcpbundle/Back to School Fall 2020/Render Files/High Quality Media/373A17A4617C641FC27D9907B24356A4/
.f           IDLEG.fcpbundle/Back to School Fall 2020/Render Files/High Quality Media/373A17A4617C641FC27D9907B24356A4/._Frame 58368 - 59391
.f           IDLEG.fcpbundle/Back to School Fall 2020/Render Files/High Quality Media/373A17A4617C641FC27D9907B24356A4/._Info.plist
.f           IDLEG.fcpbundle/Back to School Fall 2020/Render Files/High Quality Media/373A17A4617C641FC27D9907B24356A4/Frame 58368 - 59391
.f           IDLEG.fcpbundle/Back to School Fall 2020/Render Files/High Quality Media/373A17A4617C641FC27D9907B24356A4/Info.plist
.d           IDLEG.fcpbundle/Back to School Fall 2020/Render Files/High Quality Media/383FBC3AA4538BE25C50A5845435FC12/
.f           IDLEG.fcpbundle/Back to School Fall 2020/Render Files/High Quality Media/383FBC3AA4538BE25C50A5845435FC12/._Frame 98304 - 99327
.f           IDLEG.fcpbundle/Back to School Fall 2020/Render Files/High Quality Media/383FBC3AA4538BE25C50A5845435FC12/._Info.plist
.f           IDLEG.fcpbundle/Back to School Fall 2020/Render Files/High Quality Media/383FBC3AA4538BE25C50A5845435FC12/Frame 98304 - 99327
.f           IDLEG.fcpbundle/Back to School Fall 2020/Render Files/High Quality Media/383FBC3AA4538BE25C50A5845435FC12/Info.plist
.d           IDLEG.fcpbundle/Back to School Fall 2020/Render Files/High Quality Media/3E98552470971921DFC0EC8BCFC4AF47/
.f           IDLEG.fcpbundle/Back to School Fall 2020/Render Files/High Quality Media/3E98552470971921DFC0EC8BCFC4AF47/._Frame 96256 - 97279
.f           IDLEG.fcpbundle/Back to School Fall 2020/Render Files/High Quality Media/3E98552470971921DFC0EC8BCFC4AF47/._Info.plist
.f           IDLEG.fcpbundle/Back to School Fall 2020/Render Files/High Quality Media/3E98552470971921DFC0EC8BCFC4AF47/Frame 96256 - 97279
.f           IDLEG.fcpbundle/Back to School Fall 2020/Render Files/High Quality Media/3E98552470971921DFC0EC8BCFC4AF47/Info.plist
.d           IDLEG.fcpbundle/Back to School Fall 2020/Render Files/High Quality Media/4A3AB647BB74347435BF4198F4B4B005/
.f           IDLEG.fcpbundle/Back to School Fall 2020/Render Files/High Quality Media/4A3AB647BB74347435BF4198F4B4B005/._Frame 38912 - 39935
.f           IDLEG.fcpbundle/Back to School Fall 2020/Render Files/High Quality Media/4A3AB647BB74347435BF4198F4B4B005/._Info.plist
.f           IDLEG.fcpbundle/Back to School Fall 2020/Render Files/High Quality Media/4A3AB647BB74347435BF4198F4B4B005/Frame 38912 - 39935
.f           IDLEG.fcpbundle/Back to School Fall 2020/Render Files/High Quality Media/4A3AB647BB74347435BF4198F4B4B005/Info.plist
.d           IDLEG.fcpbundle/Back to School Fall 2020/Render Files/High Quality Media/595263049175B7AF594E482EB1BA02E3/
.f           IDLEG.fcpbundle/Back to School Fall 2020/Render Files/High Quality Media/595263049175B7AF594E482EB1BA02E3/._Frame 5120 - 6143
.f           IDLEG.fcpbundle/Back to School Fall 2020/Render Files/High Quality Media/595263049175B7AF594E482EB1BA02E3/._Info.plist
.f           IDLEG.fcpbundle/Back to School Fall 2020/Render Files/High Quality Media/595263049175B7AF594E482EB1BA02E3/Frame 5120 - 6143
.f           IDLEG.fcpbundle/Back to School Fall 2020/Render Files/High Quality Media/595263049175B7AF594E482EB1BA02E3/Info.plist
.d           IDLEG.fcpbundle/Back to School Fall 2020/Render Files/High Quality Media/59A52BA3A7F29713ECCC0EE07B14AADF/
.f           IDLEG.fcpbundle/Back to School Fall 2020/Render Files/High Quality Media/59A52BA3A7F29713ECCC0EE07B14AADF/._Frame 109568 - 110591
.f           IDLEG.fcpbundle/Back to School Fall 2020/Render Files/High Quality Media/59A52BA3A7F29713ECCC0EE07B14AADF/._Info.plist
.f           IDLEG.fcpbundle/Back to School Fall 2020/Render Files/High Quality Media/59A52BA3A7F29713ECCC0EE07B14AADF/Frame 109568 - 110591
.f           IDLEG.fcpbundle/Back to School Fall 2020/Render Files/High Quality Media/59A52BA3A7F29713ECCC0EE07B14AADF/Info.plist
.d           IDLEG.fcpbundle/Back to School Fall 2020/Render Files/High Quality Media/63F379E1BF2B8FAC4EF11330B762B8F9/
.f           IDLEG.fcpbundle/Back to School Fall 2020/Render Files/High Quality Media/63F379E1BF2B8FAC4EF11330B762B8F9/._Frame 28672 - 29695
.f           IDLEG.fcpbundle/Back to School Fall 2020/Render Files/High Quality Media/63F379E1BF2B8FAC4EF11330B762B8F9/._Info.plist
.f           IDLEG.fcpbundle/Back to School Fall 2020/Render Files/High Quality Media/63F379E1BF2B8FAC4EF11330B762B8F9/Frame 28672 - 29695
.f           IDLEG.fcpbundle/Back to School Fall 2020/Render Files/High Quality Media/63F379E1BF2B8FAC4EF11330B762B8F9/Info.plist
.d           IDLEG.fcpbundle/Back to School Fall 2020/Render Files/High Quality Media/76EECDFDEF9BC85BDED33517F51A4064/
.f           IDLEG.fcpbundle/Back to School Fall 2020/Render Files/High Quality Media/76EECDFDEF9BC85BDED33517F51A4064/._Frame 0 - 1023
.f           IDLEG.fcpbundle/Back to School Fall 2020/Render Files/High Quality Media/76EECDFDEF9BC85BDED33517F51A4064/._Info.plist
.f           IDLEG.fcpbundle/Back to School Fall 2020/Render Files/High Quality Media/76EECDFDEF9BC85BDED33517F51A4064/Frame 0 - 1023
.f           IDLEG.fcpbundle/Back to School Fall 2020/Render Files/High Quality Media/76EECDFDEF9BC85BDED33517F51A4064/Info.plist
.d           IDLEG.fcpbundle/Back to School Fall 2020/Render Files/High Quality Media/77D5575E0F33E29AD3E5D8258048B0C1/
.f           IDLEG.fcpbundle/Back to School Fall 2020/Render Files/High Quality Media/77D5575E0F33E29AD3E5D8258048B0C1/._Frame 30720 - 31743
.f           IDLEG.fcpbundle/Back to School Fall 2020/Render Files/High Quality Media/77D5575E0F33E29AD3E5D8258048B0C1/._Info.plist
.f           IDLEG.fcpbundle/Back to School Fall 2020/Render Files/High Quality Media/77D5575E0F33E29AD3E5D8258048B0C1/Frame 30720 - 31743
.f           IDLEG.fcpbundle/Back to School Fall 2020/Render Files/High Quality Media/77D5575E0F33E29AD3E5D8258048B0C1/Info.plist
.d           IDLEG.fcpbundle/Back to School Fall 2020/Render Files/High Quality Media/855819DA9AFB6D122A6152F417AD8738/
.f           IDLEG.fcpbundle/Back to School Fall 2020/Render Files/High Quality Media/855819DA9AFB6D122A6152F417AD8738/._Frame 78848 - 79871
.f           IDLEG.fcpbundle/Back to School Fall 2020/Render Files/High Quality Media/855819DA9AFB6D122A6152F417AD8738/._Info.plist
.f           IDLEG.fcpbundle/Back to School Fall 2020/Render Files/High Quality Media/855819DA9AFB6D122A6152F417AD8738/Frame 78848 - 79871
.f           IDLEG.fcpbundle/Back to School Fall 2020/Render Files/High Quality Media/855819DA9AFB6D122A6152F417AD8738/Info.plist
.d           IDLEG.fcpbundle/Back to School Fall 2020/Render Files/High Quality Media/87670DF860FEB8FC013718B567DB6341/
.f           IDLEG.fcpbundle/Back to School Fall 2020/Render Files/High Quality Media/87670DF860FEB8FC013718B567DB6341/._Frame 103424 - 104447
.f           IDLEG.fcpbundle/Back to School Fall 2020/Render Files/High Quality Media/87670DF860FEB8FC013718B567DB6341/._Info.plist
.f           IDLEG.fcpbundle/Back to School Fall 2020/Render Files/High Quality Media/87670DF860FEB8FC013718B567DB6341/Frame 103424 - 104447
.f           IDLEG.fcpbundle/Back to School Fall 2020/Render Files/High Quality Media/87670DF860FEB8FC013718B567DB6341/Info.plist
.d           IDLEG.fcpbundle/Back to School Fall 2020/Render Files/High Quality Media/8A0C82F920A7270BE00C10ABBC1E19C7/
.f           IDLEG.fcpbundle/Back to School Fall 2020/Render Files/High Quality Media/8A0C82F920A7270BE00C10ABBC1E19C7/._Frame 26624 - 27647
.f           IDLEG.fcpbundle/Back to School Fall 2020/Render Files/High Quality Media/8A0C82F920A7270BE00C10ABBC1E19C7/._Info.plist
.f           IDLEG.fcpbundle/Back to School Fall 2020/Render Files/High Quality Media/8A0C82F920A7270BE00C10ABBC1E19C7/Frame 26624 - 27647
.f           IDLEG.fcpbundle/Back to School Fall 2020/Render Files/High Quality Media/8A0C82F920A7270BE00C10ABBC1E19C7/Info.plist
.d           IDLEG.fcpbundle/Back to School Fall 2020/Render Files/High Quality Media/920B6AD1EBB6DF9002F058AE52DF1C17/
.f           IDLEG.fcpbundle/Back to School Fall 2020/Render Files/High Quality Media/920B6AD1EBB6DF9002F058AE52DF1C17/._Frame 76800 - 77823
.f           IDLEG.fcpbundle/Back to School Fall 2020/Render Files/High Quality Media/920B6AD1EBB6DF9002F058AE52DF1C17/._Info.plist
.f           IDLEG.fcpbundle/Back to School Fall 2020/Render Files/High Quality Media/920B6AD1EBB6DF9002F058AE52DF1C17/Frame 76800 - 77823
.f           IDLEG.fcpbundle/Back to School Fall 2020/Render Files/High Quality Media/920B6AD1EBB6DF9002F058AE52DF1C17/Info.plist
.d           IDLEG.fcpbundle/Back to School Fall 2020/Render Files/High Quality Media/93396275B3DDCF7990D869BF1D95F234/
.f           IDLEG.fcpbundle/Back to School Fall 2020/Render Files/High Quality Media/93396275B3DDCF7990D869BF1D95F234/._Frame 107520 - 108543
.f           IDLEG.fcpbundle/Back to School Fall 2020/Render Files/High Quality Media/93396275B3DDCF7990D869BF1D95F234/._Info.plist
.f           IDLEG.fcpbundle/Back to School Fall 2020/Render Files/High Quality Media/93396275B3DDCF7990D869BF1D95F234/Frame 107520 - 108543
.f           IDLEG.fcpbundle/Back to School Fall 2020/Render Files/High Quality Media/93396275B3DDCF7990D869BF1D95F234/Info.plist
.d           IDLEG.fcpbundle/Back to School Fall 2020/Render Files/High Quality Media/950A929C2F5F47A5C338E8E7BC9AA2AE/
.f           IDLEG.fcpbundle/Back to School Fall 2020/Render Files/High Quality Media/950A929C2F5F47A5C338E8E7BC9AA2AE/._Frame 107520 - 108543
.f           IDLEG.fcpbundle/Back to School Fall 2020/Render Files/High Quality Media/950A929C2F5F47A5C338E8E7BC9AA2AE/._Info.plist
.f           IDLEG.fcpbundle/Back to School Fall 2020/Render Files/High Quality Media/950A929C2F5F47A5C338E8E7BC9AA2AE/Frame 107520 - 108543
.f           IDLEG.fcpbundle/Back to School Fall 2020/Render Files/High Quality Media/950A929C2F5F47A5C338E8E7BC9AA2AE/Info.plist
.d           IDLEG.fcpbundle/Back to School Fall 2020/Render Files/High Quality Media/9E5424A3A966DC3E934FB459340AB92C/
.f           IDLEG.fcpbundle/Back to School Fall 2020/Render Files/High Quality Media/9E5424A3A966DC3E934FB459340AB92C/._Frame 1024 - 2047
.f           IDLEG.fcpbundle/Back to School Fall 2020/Render Files/High Quality Media/9E5424A3A966DC3E934FB459340AB92C/._Info.plist
.f           IDLEG.fcpbundle/Back to School Fall 2020/Render Files/High Quality Media/9E5424A3A966DC3E934FB459340AB92C/Frame 1024 - 2047
.f           IDLEG.fcpbundle/Back to School Fall 2020/Render Files/High Quality Media/9E5424A3A966DC3E934FB459340AB92C/Info.plist
.d           IDLEG.fcpbundle/Back to School Fall 2020/Render Files/High Quality Media/9EDF1F109617462A23FFC52808DFE980/
.f           IDLEG.fcpbundle/Back to School Fall 2020/Render Files/High Quality Media/9EDF1F109617462A23FFC52808DFE980/._Frame 0 - 1023
.f           IDLEG.fcpbundle/Back to School Fall 2020/Render Files/High Quality Media/9EDF1F109617462A23FFC52808DFE980/._Info.plist
.f           IDLEG.fcpbundle/Back to School Fall 2020/Render Files/High Quality Media/9EDF1F109617462A23FFC52808DFE980/Frame 0 - 1023
.f           IDLEG.fcpbundle/Back to School Fall 2020/Render Files/High Quality Media/9EDF1F109617462A23FFC52808DFE980/Info.plist
.d           IDLEG.fcpbundle/Back to School Fall 2020/Render Files/High Quality Media/ADB39744ACE1AB635A412BC4639472D2/
.f           IDLEG.fcpbundle/Back to School Fall 2020/Render Files/High Quality Media/ADB39744ACE1AB635A412BC4639472D2/._Frame 107520 - 108543
.f           IDLEG.fcpbundle/Back to School Fall 2020/Render Files/High Quality Media/ADB39744ACE1AB635A412BC4639472D2/._Info.plist
.f           IDLEG.fcpbundle/Back to School Fall 2020/Render Files/High Quality Media/ADB39744ACE1AB635A412BC4639472D2/Frame 107520 - 108543
.f           IDLEG.fcpbundle/Back to School Fall 2020/Render Files/High Quality Media/ADB39744ACE1AB635A412BC4639472D2/Info.plist
.d           IDLEG.fcpbundle/Back to School Fall 2020/Render Files/High Quality Media/CA728B724C16251E5FE4040EFC82CEA2/
.f           IDLEG.fcpbundle/Back to School Fall 2020/Render Files/High Quality Media/CA728B724C16251E5FE4040EFC82CEA2/._Frame 107520 - 108543
.f           IDLEG.fcpbundle/Back to School Fall 2020/Render Files/High Quality Media/CA728B724C16251E5FE4040EFC82CEA2/._Info.plist
.f           IDLEG.fcpbundle/Back to School Fall 2020/Render Files/High Quality Media/CA728B724C16251E5FE4040EFC82CEA2/Frame 107520 - 108543
.f           IDLEG.fcpbundle/Back to School Fall 2020/Render Files/High Quality Media/CA728B724C16251E5FE4040EFC82CEA2/Info.plist
.d           IDLEG.fcpbundle/Back to School Fall 2020/Render Files/High Quality Media/CE6D2521BD395270C90C04A951A78B6A/
.f           IDLEG.fcpbundle/Back to School Fall 2020/Render Files/High Quality Media/CE6D2521BD395270C90C04A951A78B6A/._Frame 0 - 1023
.f           IDLEG.fcpbundle/Back to School Fall 2020/Render Files/High Quality Media/CE6D2521BD395270C90C04A951A78B6A/._Frame 100352 - 101375
.f           IDLEG.fcpbundle/Back to School Fall 2020/Render Files/High Quality Media/CE6D2521BD395270C90C04A951A78B6A/._Frame 1024 - 2047
.f           IDLEG.fcpbundle/Back to School Fall 2020/Render Files/High Quality Media/CE6D2521BD395270C90C04A951A78B6A/._Frame 10240 - 11263
.f           IDLEG.fcpbundle/Back to School Fall 2020/Render Files/High Quality Media/CE6D2521BD395270C90C04A951A78B6A/._Frame 102400 - 103423
.f           IDLEG.fcpbundle/Back to School Fall 2020/Render Files/High Quality Media/CE6D2521BD395270C90C04A951A78B6A/._Frame 103424 - 104447
.f           IDLEG.fcpbundle/Back to School Fall 2020/Render Files/High Quality Media/CE6D2521BD395270C90C04A951A78B6A/._Frame 104448 - 105471
.f           IDLEG.fcpbundle/Back to School Fall 2020/Render Files/High Quality Media/CE6D2521BD395270C90C04A951A78B6A/._Frame 106496 - 107519
.f           IDLEG.fcpbundle/Back to School Fall 2020/Render Files/High Quality Media/CE6D2521BD395270C90C04A951A78B6A/._Frame 107520 - 108543
.f           IDLEG.fcpbundle/Back to School Fall 2020/Render Files/High Quality Media/CE6D2521BD395270C90C04A951A78B6A/._Frame 109568 - 110591
.f           IDLEG.fcpbundle/Back to School Fall 2020/Render Files/High Quality Media/CE6D2521BD395270C90C04A951A78B6A/._Frame 110592 - 111615
.f           IDLEG.fcpbundle/Back to School Fall 2020/Render Files/High Quality Media/CE6D2521BD395270C90C04A951A78B6A/._Frame 111616 - 112639
.f           IDLEG.fcpbundle/Back to School Fall 2020/Render Files/High Quality Media/CE6D2521BD395270C90C04A951A78B6A/._Frame 11264 - 12287
.f           IDLEG.fcpbundle/Back to School Fall 2020/Render Files/High Quality Media/CE6D2521BD395270C90C04A951A78B6A/._Frame 112640 - 113663
.f           IDLEG.fcpbundle/Back to School Fall 2020/Render Files/High Quality Media/CE6D2521BD395270C90C04A951A78B6A/._Frame 113664 - 114687
.f           IDLEG.fcpbundle/Back to School Fall 2020/Render Files/High Quality Media/CE6D2521BD395270C90C04A951A78B6A/._Frame 2048 - 3071
.f           IDLEG.fcpbundle/Back to School Fall 2020/Render Files/High Quality Media/CE6D2521BD395270C90C04A951A78B6A/._Frame 22528 - 23551
.f           IDLEG.fcpbundle/Back to School Fall 2020/Render Files/High Quality Media/CE6D2521BD395270C90C04A951A78B6A/._Frame 23552 - 24575
.f           IDLEG.fcpbundle/Back to School Fall 2020/Render Files/High Quality Media/CE6D2521BD395270C90C04A951A78B6A/._Frame 24576 - 25599
.f           IDLEG.fcpbundle/Back to School Fall 2020/Render Files/High Quality Media/CE6D2521BD395270C90C04A951A78B6A/._Frame 26624 - 27647
.f           IDLEG.fcpbundle/Back to School Fall 2020/Render Files/High Quality Media/CE6D2521BD395270C90C04A951A78B6A/._Frame 28672 - 29695
.f           IDLEG.fcpbundle/Back to School Fall 2020/Render Files/High Quality Media/CE6D2521BD395270C90C04A951A78B6A/._Frame 29696 - 30719
.f           IDLEG.fcpbundle/Back to School Fall 2020/Render Files/High Quality Media/CE6D2521BD395270C90C04A951A78B6A/._Frame 3072 - 4095
.f           IDLEG.fcpbundle/Back to School Fall 2020/Render Files/High Quality Media/CE6D2521BD395270C90C04A951A78B6A/._Frame 30720 - 31743
.f           IDLEG.fcpbundle/Back to School Fall 2020/Render Files/High Quality Media/CE6D2521BD395270C90C04A951A78B6A/._Frame 31744 - 32767
.f           IDLEG.fcpbundle/Back to School Fall 2020/Render Files/High Quality Media/CE6D2521BD395270C90C04A951A78B6A/._Frame 32768 - 33791
.f           IDLEG.fcpbundle/Back to School Fall 2020/Render Files/High Quality Media/CE6D2521BD395270C90C04A951A78B6A/._Frame 36864 - 37887
.f           IDLEG.fcpbundle/Back to School Fall 2020/Render Files/High Quality Media/CE6D2521BD395270C90C04A951A78B6A/._Frame 37888 - 38911
.f           IDLEG.fcpbundle/Back to School Fall 2020/Render Files/High Quality Media/CE6D2521BD395270C90C04A951A78B6A/._Frame 38912 - 39935
.f           IDLEG.fcpbundle/Back to School Fall 2020/Render Files/High Quality Media/CE6D2521BD395270C90C04A951A78B6A/._Frame 39936 - 40959
.f           IDLEG.fcpbundle/Back to School Fall 2020/Render Files/High Quality Media/CE6D2521BD395270C90C04A951A78B6A/._Frame 4096 - 5119
.f           IDLEG.fcpbundle/Back to School Fall 2020/Render Files/High Quality Media/CE6D2521BD395270C90C04A951A78B6A/._Frame 40960 - 41983
.f           IDLEG.fcpbundle/Back to School Fall 2020/Render Files/High Quality Media/CE6D2521BD395270C90C04A951A78B6A/._Frame 46080 - 47103
.f           IDLEG.fcpbundle/Back to School Fall 2020/Render Files/High Quality Media/CE6D2521BD395270C90C04A951A78B6A/._Frame 47104 - 48127
.f           IDLEG.fcpbundle/Back to School Fall 2020/Render Files/High Quality Media/CE6D2521BD395270C90C04A951A78B6A/._Frame 48128 - 49151
.f           IDLEG.fcpbundle/Back to School Fall 2020/Render Files/High Quality Media/CE6D2521BD395270C90C04A951A78B6A/._Frame 49152 - 50175
.f           IDLEG.fcpbundle/Back to School Fall 2020/Render Files/High Quality Media/CE6D2521BD395270C90C04A951A78B6A/._Frame 50176 - 51199
.f           IDLEG.fcpbundle/Back to School Fall 2020/Render Files/High Quality Media/CE6D2521BD395270C90C04A951A78B6A/._Frame 5120 - 6143
.f           IDLEG.fcpbundle/Back to School Fall 2020/Render Files/High Quality Media/CE6D2521BD395270C90C04A951A78B6A/._Frame 51200 - 52223
.f           IDLEG.fcpbundle/Back to School Fall 2020/Render Files/High Quality Media/CE6D2521BD395270C90C04A951A78B6A/._Frame 52224 - 53247
.f           IDLEG.fcpbundle/Back to School Fall 2020/Render Files/High Quality Media/CE6D2521BD395270C90C04A951A78B6A/._Frame 58368 - 59391
.f           IDLEG.fcpbundle/Back to School Fall 2020/Render Files/High Quality Media/CE6D2521BD395270C90C04A951A78B6A/._Frame 59392 - 60415
.f           IDLEG.fcpbundle/Back to School Fall 2020/Render Files/High Quality Media/CE6D2521BD395270C90C04A951A78B6A/._Frame 60416 - 61439
.f           IDLEG.fcpbundle/Back to School Fall 2020/Render Files/High Quality Media/CE6D2521BD395270C90C04A951A78B6A/._Frame 6144 - 7167
.f           IDLEG.fcpbundle/Back to School Fall 2020/Render Files/High Quality Media/CE6D2521BD395270C90C04A951A78B6A/._Frame 7168 - 8191
.f           IDLEG.fcpbundle/Back to School Fall 2020/Render Files/High Quality Media/CE6D2521BD395270C90C04A951A78B6A/._Frame 72704 - 73727
.f           IDLEG.fcpbundle/Back to School Fall 2020/Render Files/High Quality Media/CE6D2521BD395270C90C04A951A78B6A/._Frame 73728 - 74751
.f           IDLEG.fcpbundle/Back to School Fall 2020/Render Files/High Quality Media/CE6D2521BD395270C90C04A951A78B6A/._Frame 76800 - 77823
.f           IDLEG.fcpbundle/Back to School Fall 2020/Render Files/High Quality Media/CE6D2521BD395270C90C04A951A78B6A/._Frame 77824 - 78847
.f           IDLEG.fcpbundle/Back to School Fall 2020/Render Files/High Quality Media/CE6D2521BD395270C90C04A951A78B6A/._Frame 78848 - 79871
.f           IDLEG.fcpbundle/Back to School Fall 2020/Render Files/High Quality Media/CE6D2521BD395270C90C04A951A78B6A/._Frame 79872 - 80895
.f           IDLEG.fcpbundle/Back to School Fall 2020/Render Files/High Quality Media/CE6D2521BD395270C90C04A951A78B6A/._Frame 81920 - 82943
.f           IDLEG.fcpbundle/Back to School Fall 2020/Render Files/High Quality Media/CE6D2521BD395270C90C04A951A78B6A/._Frame 82944 - 83967
.f           IDLEG.fcpbundle/Back to School Fall 2020/Render Files/High Quality Media/CE6D2521BD395270C90C04A951A78B6A/._Frame 83968 - 84991
.f           IDLEG.fcpbundle/Back to School Fall 2020/Render Files/High Quality Media/CE6D2521BD395270C90C04A951A78B6A/._Frame 84992 - 86015
.f           IDLEG.fcpbundle/Back to School Fall 2020/Render Files/High Quality Media/CE6D2521BD395270C90C04A951A78B6A/._Frame 86016 - 87039
.f           IDLEG.fcpbundle/Back to School Fall 2020/Render Files/High Quality Media/CE6D2521BD395270C90C04A951A78B6A/._Frame 9216 - 10239
.f           IDLEG.fcpbundle/Back to School Fall 2020/Render Files/High Quality Media/CE6D2521BD395270C90C04A951A78B6A/._Frame 95232 - 96255
.f           IDLEG.fcpbundle/Back to School Fall 2020/Render Files/High Quality Media/CE6D2521BD395270C90C04A951A78B6A/._Frame 96256 - 97279
.f           IDLEG.fcpbundle/Back to School Fall 2020/Render Files/High Quality Media/CE6D2521BD395270C90C04A951A78B6A/._Frame 97280 - 98303
.f           IDLEG.fcpbundle/Back to School Fall 2020/Render Files/High Quality Media/CE6D2521BD395270C90C04A951A78B6A/._Frame 98304 - 99327
.f           IDLEG.fcpbundle/Back to School Fall 2020/Render Files/High Quality Media/CE6D2521BD395270C90C04A951A78B6A/._Frame 99328 - 100351
.f           IDLEG.fcpbundle/Back to School Fall 2020/Render Files/High Quality Media/CE6D2521BD395270C90C04A951A78B6A/._Info.plist
.f           IDLEG.fcpbundle/Back to School Fall 2020/Render Files/High Quality Media/CE6D2521BD395270C90C04A951A78B6A/Frame 0 - 1023
.f           IDLEG.fcpbundle/Back to School Fall 2020/Render Files/High Quality Media/CE6D2521BD395270C90C04A951A78B6A/Frame 100352 - 101375
.f           IDLEG.fcpbundle/Back to School Fall 2020/Render Files/High Quality Media/CE6D2521BD395270C90C04A951A78B6A/Frame 1024 - 2047
.f           IDLEG.fcpbundle/Back to School Fall 2020/Render Files/High Quality Media/CE6D2521BD395270C90C04A951A78B6A/Frame 10240 - 11263
.f           IDLEG.fcpbundle/Back to School Fall 2020/Render Files/High Quality Media/CE6D2521BD395270C90C04A951A78B6A/Frame 102400 - 103423
.f           IDLEG.fcpbundle/Back to School Fall 2020/Render Files/High Quality Media/CE6D2521BD395270C90C04A951A78B6A/Frame 103424 - 104447
.f           IDLEG.fcpbundle/Back to School Fall 2020/Render Files/High Quality Media/CE6D2521BD395270C90C04A951A78B6A/Frame 104448 - 105471
.f           IDLEG.fcpbundle/Back to School Fall 2020/Render Files/High Quality Media/CE6D2521BD395270C90C04A951A78B6A/Frame 106496 - 107519
.f           IDLEG.fcpbundle/Back to School Fall 2020/Render Files/High Quality Media/CE6D2521BD395270C90C04A951A78B6A/Frame 107520 - 108543
.f           IDLEG.fcpbundle/Back to School Fall 2020/Render Files/High Quality Media/CE6D2521BD395270C90C04A951A78B6A/Frame 109568 - 110591
.f           IDLEG.fcpbundle/Back to School Fall 2020/Render Files/High Quality Media/CE6D2521BD395270C90C04A951A78B6A/Frame 110592 - 111615
.f           IDLEG.fcpbundle/Back to School Fall 2020/Render Files/High Quality Media/CE6D2521BD395270C90C04A951A78B6A/Frame 111616 - 112639
.f           IDLEG.fcpbundle/Back to School Fall 2020/Render Files/High Quality Media/CE6D2521BD395270C90C04A951A78B6A/Frame 11264 - 12287
.f           IDLEG.fcpbundle/Back to School Fall 2020/Render Files/High Quality Media/CE6D2521BD395270C90C04A951A78B6A/Frame 112640 - 113663
.f           IDLEG.fcpbundle/Back to School Fall 2020/Render Files/High Quality Media/CE6D2521BD395270C90C04A951A78B6A/Frame 113664 - 114687
.f           IDLEG.fcpbundle/Back to School Fall 2020/Render Files/High Quality Media/CE6D2521BD395270C90C04A951A78B6A/Frame 2048 - 3071
.f           IDLEG.fcpbundle/Back to School Fall 2020/Render Files/High Quality Media/CE6D2521BD395270C90C04A951A78B6A/Frame 22528 - 23551
.f           IDLEG.fcpbundle/Back to School Fall 2020/Render Files/High Quality Media/CE6D2521BD395270C90C04A951A78B6A/Frame 23552 - 24575
.f           IDLEG.fcpbundle/Back to School Fall 2020/Render Files/High Quality Media/CE6D2521BD395270C90C04A951A78B6A/Frame 24576 - 25599
.f           IDLEG.fcpbundle/Back to School Fall 2020/Render Files/High Quality Media/CE6D2521BD395270C90C04A951A78B6A/Frame 26624 - 27647
.f           IDLEG.fcpbundle/Back to School Fall 2020/Render Files/High Quality Media/CE6D2521BD395270C90C04A951A78B6A/Frame 28672 - 29695
.f           IDLEG.fcpbundle/Back to School Fall 2020/Render Files/High Quality Media/CE6D2521BD395270C90C04A951A78B6A/Frame 29696 - 30719
.f           IDLEG.fcpbundle/Back to School Fall 2020/Render Files/High Quality Media/CE6D2521BD395270C90C04A951A78B6A/Frame 3072 - 4095
.f           IDLEG.fcpbundle/Back to School Fall 2020/Render Files/High Quality Media/CE6D2521BD395270C90C04A951A78B6A/Frame 30720 - 31743
.f           IDLEG.fcpbundle/Back to School Fall 2020/Render Files/High Quality Media/CE6D2521BD395270C90C04A951A78B6A/Frame 31744 - 32767
.f           IDLEG.fcpbundle/Back to School Fall 2020/Render Files/High Quality Media/CE6D2521BD395270C90C04A951A78B6A/Frame 32768 - 33791
.f           IDLEG.fcpbundle/Back to School Fall 2020/Render Files/High Quality Media/CE6D2521BD395270C90C04A951A78B6A/Frame 36864 - 37887
.f           IDLEG.fcpbundle/Back to School Fall 2020/Render Files/High Quality Media/CE6D2521BD395270C90C04A951A78B6A/Frame 37888 - 38911
.f           IDLEG.fcpbundle/Back to School Fall 2020/Render Files/High Quality Media/CE6D2521BD395270C90C04A951A78B6A/Frame 38912 - 39935
.f           IDLEG.fcpbundle/Back to School Fall 2020/Render Files/High Quality Media/CE6D2521BD395270C90C04A951A78B6A/Frame 39936 - 40959
.f           IDLEG.fcpbundle/Back to School Fall 2020/Render Files/High Quality Media/CE6D2521BD395270C90C04A951A78B6A/Frame 4096 - 5119
.f           IDLEG.fcpbundle/Back to School Fall 2020/Render Files/High Quality Media/CE6D2521BD395270C90C04A951A78B6A/Frame 40960 - 41983
.f           IDLEG.fcpbundle/Back to School Fall 2020/Render Files/High Quality Media/CE6D2521BD395270C90C04A951A78B6A/Frame 46080 - 47103
.f           IDLEG.fcpbundle/Back to School Fall 2020/Render Files/High Quality Media/CE6D2521BD395270C90C04A951A78B6A/Frame 47104 - 48127
.f           IDLEG.fcpbundle/Back to School Fall 2020/Render Files/High Quality Media/CE6D2521BD395270C90C04A951A78B6A/Frame 48128 - 49151
.f           IDLEG.fcpbundle/Back to School Fall 2020/Render Files/High Quality Media/CE6D2521BD395270C90C04A951A78B6A/Frame 49152 - 50175
.f           IDLEG.fcpbundle/Back to School Fall 2020/Render Files/High Quality Media/CE6D2521BD395270C90C04A951A78B6A/Frame 50176 - 51199
.f           IDLEG.fcpbundle/Back to School Fall 2020/Render Files/High Quality Media/CE6D2521BD395270C90C04A951A78B6A/Frame 5120 - 6143
.f           IDLEG.fcpbundle/Back to School Fall 2020/Render Files/High Quality Media/CE6D2521BD395270C90C04A951A78B6A/Frame 51200 - 52223
.f           IDLEG.fcpbundle/Back to School Fall 2020/Render Files/High Quality Media/CE6D2521BD395270C90C04A951A78B6A/Frame 52224 - 53247
.f           IDLEG.fcpbundle/Back to School Fall 2020/Render Files/High Quality Media/CE6D2521BD395270C90C04A951A78B6A/Frame 58368 - 59391
.f           IDLEG.fcpbundle/Back to School Fall 2020/Render Files/High Quality Media/CE6D2521BD395270C90C04A951A78B6A/Frame 59392 - 60415
.f           IDLEG.fcpbundle/Back to School Fall 2020/Render Files/High Quality Media/CE6D2521BD395270C90C04A951A78B6A/Frame 60416 - 61439
.f           IDLEG.fcpbundle/Back to School Fall 2020/Render Files/High Quality Media/CE6D2521BD395270C90C04A951A78B6A/Frame 6144 - 7167
.f           IDLEG.fcpbundle/Back to School Fall 2020/Render Files/High Quality Media/CE6D2521BD395270C90C04A951A78B6A/Frame 7168 - 8191
.f           IDLEG.fcpbundle/Back to School Fall 2020/Render Files/High Quality Media/CE6D2521BD395270C90C04A951A78B6A/Frame 72704 - 73727
.f           IDLEG.fcpbundle/Back to School Fall 2020/Render Files/High Quality Media/CE6D2521BD395270C90C04A951A78B6A/Frame 73728 - 74751
.f           IDLEG.fcpbundle/Back to School Fall 2020/Render Files/High Quality Media/CE6D2521BD395270C90C04A951A78B6A/Frame 76800 - 77823
.f           IDLEG.fcpbundle/Back to School Fall 2020/Render Files/High Quality Media/CE6D2521BD395270C90C04A951A78B6A/Frame 77824 - 78847
.f           IDLEG.fcpbundle/Back to School Fall 2020/Render Files/High Quality Media/CE6D2521BD395270C90C04A951A78B6A/Frame 78848 - 79871
.f           IDLEG.fcpbundle/Back to School Fall 2020/Render Files/High Quality Media/CE6D2521BD395270C90C04A951A78B6A/Frame 79872 - 80895
.f           IDLEG.fcpbundle/Back to School Fall 2020/Render Files/High Quality Media/CE6D2521BD395270C90C04A951A78B6A/Frame 81920 - 82943
.f           IDLEG.fcpbundle/Back to School Fall 2020/Render Files/High Quality Media/CE6D2521BD395270C90C04A951A78B6A/Frame 82944 - 83967
.f           IDLEG.fcpbundle/Back to School Fall 2020/Render Files/High Quality Media/CE6D2521BD395270C90C04A951A78B6A/Frame 83968 - 84991
.f           IDLEG.fcpbundle/Back to School Fall 2020/Render Files/High Quality Media/CE6D2521BD395270C90C04A951A78B6A/Frame 84992 - 86015
.f           IDLEG.fcpbundle/Back to School Fall 2020/Render Files/High Quality Media/CE6D2521BD395270C90C04A951A78B6A/Frame 86016 - 87039
.f           IDLEG.fcpbundle/Back to School Fall 2020/Render Files/High Quality Media/CE6D2521BD395270C90C04A951A78B6A/Frame 9216 - 10239
.f           IDLEG.fcpbundle/Back to School Fall 2020/Render Files/High Quality Media/CE6D2521BD395270C90C04A951A78B6A/Frame 95232 - 96255
.f           IDLEG.fcpbundle/Back to School Fall 2020/Render Files/High Quality Media/CE6D2521BD395270C90C04A951A78B6A/Frame 96256 - 97279
.f           IDLEG.fcpbundle/Back to School Fall 2020/Render Files/High Quality Media/CE6D2521BD395270C90C04A951A78B6A/Frame 97280 - 98303
.f           IDLEG.fcpbundle/Back to School Fall 2020/Render Files/High Quality Media/CE6D2521BD395270C90C04A951A78B6A/Frame 98304 - 99327
.f           IDLEG.fcpbundle/Back to School Fall 2020/Render Files/High Quality Media/CE6D2521BD395270C90C04A951A78B6A/Frame 99328 - 100351
.f           IDLEG.fcpbundle/Back to School Fall 2020/Render Files/High Quality Media/CE6D2521BD395270C90C04A951A78B6A/Info.plist
.d           IDLEG.fcpbundle/Back to School Fall 2020/Render Files/High Quality Media/D52E8EDA3FE0B106EE94DADD608B77E1/
.f           IDLEG.fcpbundle/Back to School Fall 2020/Render Files/High Quality Media/D52E8EDA3FE0B106EE94DADD608B77E1/._Frame 107520 - 108543
.f           IDLEG.fcpbundle/Back to School Fall 2020/Render Files/High Quality Media/D52E8EDA3FE0B106EE94DADD608B77E1/._Info.plist
.f           IDLEG.fcpbundle/Back to School Fall 2020/Render Files/High Quality Media/D52E8EDA3FE0B106EE94DADD608B77E1/Frame 107520 - 108543
.f           IDLEG.fcpbundle/Back to School Fall 2020/Render Files/High Quality Media/D52E8EDA3FE0B106EE94DADD608B77E1/Info.plist
.d           IDLEG.fcpbundle/Back to School Fall 2020/Render Files/High Quality Media/D633DEACD043506DE5007848E35E4F51/
.f           IDLEG.fcpbundle/Back to School Fall 2020/Render Files/High Quality Media/D633DEACD043506DE5007848E35E4F51/._Frame 44032 - 45055
.f           IDLEG.fcpbundle/Back to School Fall 2020/Render Files/High Quality Media/D633DEACD043506DE5007848E35E4F51/._Info.plist
.f           IDLEG.fcpbundle/Back to School Fall 2020/Render Files/High Quality Media/D633DEACD043506DE5007848E35E4F51/Frame 44032 - 45055
.f           IDLEG.fcpbundle/Back to School Fall 2020/Render Files/High Quality Media/D633DEACD043506DE5007848E35E4F51/Info.plist
.d           IDLEG.fcpbundle/Back to School Fall 2020/Render Files/High Quality Media/D88A3695CD73715314AC4985FD59EE9B/
.f           IDLEG.fcpbundle/Back to School Fall 2020/Render Files/High Quality Media/D88A3695CD73715314AC4985FD59EE9B/._Frame 9216 - 10239
.f           IDLEG.fcpbundle/Back to School Fall 2020/Render Files/High Quality Media/D88A3695CD73715314AC4985FD59EE9B/._Info.plist
.f           IDLEG.fcpbundle/Back to School Fall 2020/Render Files/High Quality Media/D88A3695CD73715314AC4985FD59EE9B/Frame 9216 - 10239
.f           IDLEG.fcpbundle/Back to School Fall 2020/Render Files/High Quality Media/D88A3695CD73715314AC4985FD59EE9B/Info.plist
.d           IDLEG.fcpbundle/Back to School Fall 2020/Render Files/High Quality Media/DCC660DEA1ED8438347CC5BE6752F5DF/
.f           IDLEG.fcpbundle/Back to School Fall 2020/Render Files/High Quality Media/DCC660DEA1ED8438347CC5BE6752F5DF/._Frame 102400 - 103423
.f           IDLEG.fcpbundle/Back to School Fall 2020/Render Files/High Quality Media/DCC660DEA1ED8438347CC5BE6752F5DF/._Info.plist
.f           IDLEG.fcpbundle/Back to School Fall 2020/Render Files/High Quality Media/DCC660DEA1ED8438347CC5BE6752F5DF/Frame 102400 - 103423
.f           IDLEG.fcpbundle/Back to School Fall 2020/Render Files/High Quality Media/DCC660DEA1ED8438347CC5BE6752F5DF/Info.plist
.d           IDLEG.fcpbundle/Back to School Fall 2020/Render Files/High Quality Media/E4A12B0B9F94CD652C64259D4F19228D/
.f           IDLEG.fcpbundle/Back to School Fall 2020/Render Files/High Quality Media/E4A12B0B9F94CD652C64259D4F19228D/._Frame 22528 - 23551
.f           IDLEG.fcpbundle/Back to School Fall 2020/Render Files/High Quality Media/E4A12B0B9F94CD652C64259D4F19228D/._Info.plist
.f           IDLEG.fcpbundle/Back to School Fall 2020/Render Files/High Quality Media/E4A12B0B9F94CD652C64259D4F19228D/Frame 22528 - 23551
.f           IDLEG.fcpbundle/Back to School Fall 2020/Render Files/High Quality Media/E4A12B0B9F94CD652C64259D4F19228D/Info.plist
.d           IDLEG.fcpbundle/Back to School Fall 2020/Render Files/High Quality Media/E68F9B5582DEA87B496527ECC40D177A/
.f           IDLEG.fcpbundle/Back to School Fall 2020/Render Files/High Quality Media/E68F9B5582DEA87B496527ECC40D177A/._Frame 36864 - 37887
.f           IDLEG.fcpbundle/Back to School Fall 2020/Render Files/High Quality Media/E68F9B5582DEA87B496527ECC40D177A/._Info.plist
.f           IDLEG.fcpbundle/Back to School Fall 2020/Render Files/High Quality Media/E68F9B5582DEA87B496527ECC40D177A/Frame 36864 - 37887
.f           IDLEG.fcpbundle/Back to School Fall 2020/Render Files/High Quality Media/E68F9B5582DEA87B496527ECC40D177A/Info.plist
.d           IDLEG.fcpbundle/Back to School Fall 2020/Render Files/High Quality Media/E874D354BA22EBE072CF3F9854534339/
.f           IDLEG.fcpbundle/Back to School Fall 2020/Render Files/High Quality Media/E874D354BA22EBE072CF3F9854534339/._Frame 46080 - 47103
.f           IDLEG.fcpbundle/Back to School Fall 2020/Render Files/High Quality Media/E874D354BA22EBE072CF3F9854534339/._Info.plist
.f           IDLEG.fcpbundle/Back to School Fall 2020/Render Files/High Quality Media/E874D354BA22EBE072CF3F9854534339/Frame 46080 - 47103
.f           IDLEG.fcpbundle/Back to School Fall 2020/Render Files/High Quality Media/E874D354BA22EBE072CF3F9854534339/Info.plist
.d           IDLEG.fcpbundle/Back to School Fall 2020/Render Files/High Quality Media/E87DBF6643A58FE26D8D556F6A774953/
.f           IDLEG.fcpbundle/Back to School Fall 2020/Render Files/High Quality Media/E87DBF6643A58FE26D8D556F6A774953/._Frame 50176 - 51199
.f           IDLEG.fcpbundle/Back to School Fall 2020/Render Files/High Quality Media/E87DBF6643A58FE26D8D556F6A774953/._Info.plist
.f           IDLEG.fcpbundle/Back to School Fall 2020/Render Files/High Quality Media/E87DBF6643A58FE26D8D556F6A774953/Frame 50176 - 51199
.f           IDLEG.fcpbundle/Back to School Fall 2020/Render Files/High Quality Media/E87DBF6643A58FE26D8D556F6A774953/Info.plist
.d           IDLEG.fcpbundle/Back to School Fall 2020/Render Files/High Quality Media/EA32951D2F8B53367BDBA988AC7C689A/
.f           IDLEG.fcpbundle/Back to School Fall 2020/Render Files/High Quality Media/EA32951D2F8B53367BDBA988AC7C689A/._Frame 44032 - 45055
.f           IDLEG.fcpbundle/Back to School Fall 2020/Render Files/High Quality Media/EA32951D2F8B53367BDBA988AC7C689A/._Info.plist
.f           IDLEG.fcpbundle/Back to School Fall 2020/Render Files/High Quality Media/EA32951D2F8B53367BDBA988AC7C689A/Frame 44032 - 45055
.f           IDLEG.fcpbundle/Back to School Fall 2020/Render Files/High Quality Media/EA32951D2F8B53367BDBA988AC7C689A/Info.plist
.d           IDLEG.fcpbundle/Back to School Fall 2020/Render Files/High Quality Media/EA39FD0C75F35A04F1CC2D56406A4B39/
.f           IDLEG.fcpbundle/Back to School Fall 2020/Render Files/High Quality Media/EA39FD0C75F35A04F1CC2D56406A4B39/._Frame 107520 - 108543
.f           IDLEG.fcpbundle/Back to School Fall 2020/Render Files/High Quality Media/EA39FD0C75F35A04F1CC2D56406A4B39/._Info.plist
.f           IDLEG.fcpbundle/Back to School Fall 2020/Render Files/High Quality Media/EA39FD0C75F35A04F1CC2D56406A4B39/Frame 107520 - 108543
.f           IDLEG.fcpbundle/Back to School Fall 2020/Render Files/High Quality Media/EA39FD0C75F35A04F1CC2D56406A4B39/Info.plist
.d           IDLEG.fcpbundle/Back to School Fall 2020/Render Files/High Quality Media/F20B1DF91F1A30AAFA2A0D5A89376949/
.f           IDLEG.fcpbundle/Back to School Fall 2020/Render Files/High Quality Media/F20B1DF91F1A30AAFA2A0D5A89376949/._Frame 72704 - 73727
.f           IDLEG.fcpbundle/Back to School Fall 2020/Render Files/High Quality Media/F20B1DF91F1A30AAFA2A0D5A89376949/._Info.plist
.f           IDLEG.fcpbundle/Back to School Fall 2020/Render Files/High Quality Media/F20B1DF91F1A30AAFA2A0D5A89376949/Frame 72704 - 73727
.f           IDLEG.fcpbundle/Back to School Fall 2020/Render Files/High Quality Media/F20B1DF91F1A30AAFA2A0D5A89376949/Info.plist
.d           IDLEG.fcpbundle/Back to School Fall 2020/Render Files/High Quality Media/F6F4189B53F6CA193F0798FFE8C20C86/
.f           IDLEG.fcpbundle/Back to School Fall 2020/Render Files/High Quality Media/F6F4189B53F6CA193F0798FFE8C20C86/._Frame 0 - 1023
.f           IDLEG.fcpbundle/Back to School Fall 2020/Render Files/High Quality Media/F6F4189B53F6CA193F0798FFE8C20C86/._Info.plist
.f           IDLEG.fcpbundle/Back to School Fall 2020/Render Files/High Quality Media/F6F4189B53F6CA193F0798FFE8C20C86/Frame 0 - 1023
.f           IDLEG.fcpbundle/Back to School Fall 2020/Render Files/High Quality Media/F6F4189B53F6CA193F0798FFE8C20C86/Info.plist
.d           IDLEG.fcpbundle/Back to School Fall 2020/Render Files/High Quality Media/F7FBEF109962A2E02174155B08C9C2EB/
.f           IDLEG.fcpbundle/Back to School Fall 2020/Render Files/High Quality Media/F7FBEF109962A2E02174155B08C9C2EB/._Frame 0 - 1023
.f           IDLEG.fcpbundle/Back to School Fall 2020/Render Files/High Quality Media/F7FBEF109962A2E02174155B08C9C2EB/._Info.plist
.f           IDLEG.fcpbundle/Back to School Fall 2020/Render Files/High Quality Media/F7FBEF109962A2E02174155B08C9C2EB/Frame 0 - 1023
.f           IDLEG.fcpbundle/Back to School Fall 2020/Render Files/High Quality Media/F7FBEF109962A2E02174155B08C9C2EB/Info.plist
.d           IDLEG.fcpbundle/Back to School Fall 2020/Render Files/High Quality Media/F8B354AFE9758A9BCC7A4BF3B5B8E747/
.f           IDLEG.fcpbundle/Back to School Fall 2020/Render Files/High Quality Media/F8B354AFE9758A9BCC7A4BF3B5B8E747/._Frame 0 - 1023
.f           IDLEG.fcpbundle/Back to School Fall 2020/Render Files/High Quality Media/F8B354AFE9758A9BCC7A4BF3B5B8E747/._Info.plist
.f           IDLEG.fcpbundle/Back to School Fall 2020/Render Files/High Quality Media/F8B354AFE9758A9BCC7A4BF3B5B8E747/Frame 0 - 1023
.f           IDLEG.fcpbundle/Back to School Fall 2020/Render Files/High Quality Media/F8B354AFE9758A9BCC7A4BF3B5B8E747/Info.plist
.d           IDLEG.fcpbundle/Back to School Fall 2020/Render Files/High Quality Media/FE7FA060F1D812CE978361B519965422/
.f           IDLEG.fcpbundle/Back to School Fall 2020/Render Files/High Quality Media/FE7FA060F1D812CE978361B519965422/._Frame 107520 - 108543
.f           IDLEG.fcpbundle/Back to School Fall 2020/Render Files/High Quality Media/FE7FA060F1D812CE978361B519965422/._Info.plist
.f           IDLEG.fcpbundle/Back to School Fall 2020/Render Files/High Quality Media/FE7FA060F1D812CE978361B519965422/Frame 107520 - 108543
.f           IDLEG.fcpbundle/Back to School Fall 2020/Render Files/High Quality Media/FE7FA060F1D812CE978361B519965422/Info.plist
.d           IDLEG.fcpbundle/Back to School Fall 2020/Render Files/Peaks Data/
.f           IDLEG.fcpbundle/Back to School Fall 2020/Render Files/Peaks Data/._04A55D9675A9564508015A2E011AFE0F
.f           IDLEG.fcpbundle/Back to School Fall 2020/Render Files/Peaks Data/._1E9732CBA6EC665A7E04BC6D041D9329
.f           IDLEG.fcpbundle/Back to School Fall 2020/Render Files/Peaks Data/._700432C2396110970B9C3E686F7AA0F0
.f           IDLEG.fcpbundle/Back to School Fall 2020/Render Files/Peaks Data/._915A27A012DC561D5B5A74FD0C03AE32
.f           IDLEG.fcpbundle/Back to School Fall 2020/Render Files/Peaks Data/._98CB6DDB0D78A8FD6D80F5873B9E6A8D
.f           IDLEG.fcpbundle/Back to School Fall 2020/Render Files/Peaks Data/._A04FE0F6BE90C6855F8B766379EB404E
.f           IDLEG.fcpbundle/Back to School Fall 2020/Render Files/Peaks Data/._F61A9702339048988A211D7F8660EEBE
.d           IDLEG.fcpbundle/Back to School Fall 2020/Render Files/Peaks Data/04A55D9675A9564508015A2E011AFE0F/
.f           IDLEG.fcpbundle/Back to School Fall 2020/Render Files/Peaks Data/04A55D9675A9564508015A2E011AFE0F/._Frame 0 - 1023
.f           IDLEG.fcpbundle/Back to School Fall 2020/Render Files/Peaks Data/04A55D9675A9564508015A2E011AFE0F/._Info.plist
.f           IDLEG.fcpbundle/Back to School Fall 2020/Render Files/Peaks Data/04A55D9675A9564508015A2E011AFE0F/Frame 0 - 1023
.f           IDLEG.fcpbundle/Back to School Fall 2020/Render Files/Peaks Data/04A55D9675A9564508015A2E011AFE0F/Info.plist
.d           IDLEG.fcpbundle/Back to School Fall 2020/Render Files/Peaks Data/1E9732CBA6EC665A7E04BC6D041D9329/
.f           IDLEG.fcpbundle/Back to School Fall 2020/Render Files/Peaks Data/1E9732CBA6EC665A7E04BC6D041D9329/._Frame 0 - 1023
.f           IDLEG.fcpbundle/Back to School Fall 2020/Render Files/Peaks Data/1E9732CBA6EC665A7E04BC6D041D9329/._Info.plist
.f           IDLEG.fcpbundle/Back to School Fall 2020/Render Files/Peaks Data/1E9732CBA6EC665A7E04BC6D041D9329/Frame 0 - 1023
.f           IDLEG.fcpbundle/Back to School Fall 2020/Render Files/Peaks Data/1E9732CBA6EC665A7E04BC6D041D9329/Info.plist
.d           IDLEG.fcpbundle/Back to School Fall 2020/Render Files/Peaks Data/700432C2396110970B9C3E686F7AA0F0/
.f           IDLEG.fcpbundle/Back to School Fall 2020/Render Files/Peaks Data/700432C2396110970B9C3E686F7AA0F0/._Frame 0 - 1023
.f           IDLEG.fcpbundle/Back to School Fall 2020/Render Files/Peaks Data/700432C2396110970B9C3E686F7AA0F0/._Info.plist
.f           IDLEG.fcpbundle/Back to School Fall 2020/Render Files/Peaks Data/700432C2396110970B9C3E686F7AA0F0/Frame 0 - 1023
.f           IDLEG.fcpbundle/Back to School Fall 2020/Render Files/Peaks Data/700432C2396110970B9C3E686F7AA0F0/Info.plist
.d           IDLEG.fcpbundle/Back to School Fall 2020/Render Files/Peaks Data/915A27A012DC561D5B5A74FD0C03AE32/
.f           IDLEG.fcpbundle/Back to School Fall 2020/Render Files/Peaks Data/915A27A012DC561D5B5A74FD0C03AE32/._Frame 0 - 1023
.f           IDLEG.fcpbundle/Back to School Fall 2020/Render Files/Peaks Data/915A27A012DC561D5B5A74FD0C03AE32/._Info.plist
.f           IDLEG.fcpbundle/Back to School Fall 2020/Render Files/Peaks Data/915A27A012DC561D5B5A74FD0C03AE32/Frame 0 - 1023
.f           IDLEG.fcpbundle/Back to School Fall 2020/Render Files/Peaks Data/915A27A012DC561D5B5A74FD0C03AE32/Info.plist
.d           IDLEG.fcpbundle/Back to School Fall 2020/Render Files/Peaks Data/98CB6DDB0D78A8FD6D80F5873B9E6A8D/
.f           IDLEG.fcpbundle/Back to School Fall 2020/Render Files/Peaks Data/98CB6DDB0D78A8FD6D80F5873B9E6A8D/._Frame 0 - 1023
.f           IDLEG.fcpbundle/Back to School Fall 2020/Render Files/Peaks Data/98CB6DDB0D78A8FD6D80F5873B9E6A8D/._Info.plist
.f           IDLEG.fcpbundle/Back to School Fall 2020/Render Files/Peaks Data/98CB6DDB0D78A8FD6D80F5873B9E6A8D/Frame 0 - 1023
.f           IDLEG.fcpbundle/Back to School Fall 2020/Render Files/Peaks Data/98CB6DDB0D78A8FD6D80F5873B9E6A8D/Info.plist
.d           IDLEG.fcpbundle/Back to School Fall 2020/Render Files/Peaks Data/A04FE0F6BE90C6855F8B766379EB404E/
.f           IDLEG.fcpbundle/Back to School Fall 2020/Render Files/Peaks Data/A04FE0F6BE90C6855F8B766379EB404E/._Frame 0 - 1023
.f           IDLEG.fcpbundle/Back to School Fall 2020/Render Files/Peaks Data/A04FE0F6BE90C6855F8B766379EB404E/._Info.plist
.f           IDLEG.fcpbundle/Back to School Fall 2020/Render Files/Peaks Data/A04FE0F6BE90C6855F8B766379EB404E/Frame 0 - 1023
.f           IDLEG.fcpbundle/Back to School Fall 2020/Render Files/Peaks Data/A04FE0F6BE90C6855F8B766379EB404E/Info.plist
.d           IDLEG.fcpbundle/Back to School Fall 2020/Render Files/Peaks Data/F61A9702339048988A211D7F8660EEBE/
.f           IDLEG.fcpbundle/Back to School Fall 2020/Render Files/Peaks Data/F61A9702339048988A211D7F8660EEBE/._Frame 0 - 1023
.f           IDLEG.fcpbundle/Back to School Fall 2020/Render Files/Peaks Data/F61A9702339048988A211D7F8660EEBE/._Info.plist
.f           IDLEG.fcpbundle/Back to School Fall 2020/Render Files/Peaks Data/F61A9702339048988A211D7F8660EEBE/Frame 0 - 1023
.f           IDLEG.fcpbundle/Back to School Fall 2020/Render Files/Peaks Data/F61A9702339048988A211D7F8660EEBE/Info.plist
.d           IDLEG.fcpbundle/Back to School Fall 2020/Render Files/Thumbnail Media/
.f           IDLEG.fcpbundle/Back to School Fall 2020/Render Files/Thumbnail Media/._1904A7DA17B9BFFCE3C51C8145B9E936
.f           IDLEG.fcpbundle/Back to School Fall 2020/Render Files/Thumbnail Media/._4DD687757A2C5CD82CA3D1546BEE381C
.f           IDLEG.fcpbundle/Back to School Fall 2020/Render Files/Thumbnail Media/._7FA6779F03FFD90E5A21461783450024
.f           IDLEG.fcpbundle/Back to School Fall 2020/Render Files/Thumbnail Media/._95C1AA2B5821F482372CB7B3190AFBD0
.f           IDLEG.fcpbundle/Back to School Fall 2020/Render Files/Thumbnail Media/._CAE1E785CC01CA64CA0564A26D8726B2
.f           IDLEG.fcpbundle/Back to School Fall 2020/Render Files/Thumbnail Media/._CCC42D13CF4F198E12964975C967BC2B
.d           IDLEG.fcpbundle/Back to School Fall 2020/Render Files/Thumbnail Media/1904A7DA17B9BFFCE3C51C8145B9E936/
.f           IDLEG.fcpbundle/Back to School Fall 2020/Render Files/Thumbnail Media/1904A7DA17B9BFFCE3C51C8145B9E936/._Frame 0 - 1023
.f           IDLEG.fcpbundle/Back to School Fall 2020/Render Files/Thumbnail Media/1904A7DA17B9BFFCE3C51C8145B9E936/._Info.plist
.f           IDLEG.fcpbundle/Back to School Fall 2020/Render Files/Thumbnail Media/1904A7DA17B9BFFCE3C51C8145B9E936/Frame 0 - 1023
.f           IDLEG.fcpbundle/Back to School Fall 2020/Render Files/Thumbnail Media/1904A7DA17B9BFFCE3C51C8145B9E936/Info.plist
.d           IDLEG.fcpbundle/Back to School Fall 2020/Render Files/Thumbnail Media/4DD687757A2C5CD82CA3D1546BEE381C/
.f           IDLEG.fcpbundle/Back to School Fall 2020/Render Files/Thumbnail Media/4DD687757A2C5CD82CA3D1546BEE381C/._Frame 0 - 1023
.f           IDLEG.fcpbundle/Back to School Fall 2020/Render Files/Thumbnail Media/4DD687757A2C5CD82CA3D1546BEE381C/._Frame 100352 - 101375
.f           IDLEG.fcpbundle/Back to School Fall 2020/Render Files/Thumbnail Media/4DD687757A2C5CD82CA3D1546BEE381C/._Frame 101376 - 102399
.f           IDLEG.fcpbundle/Back to School Fall 2020/Render Files/Thumbnail Media/4DD687757A2C5CD82CA3D1546BEE381C/._Frame 1024 - 2047
.f           IDLEG.fcpbundle/Back to School Fall 2020/Render Files/Thumbnail Media/4DD687757A2C5CD82CA3D1546BEE381C/._Frame 10240 - 11263
.f           IDLEG.fcpbundle/Back to School Fall 2020/Render Files/Thumbnail Media/4DD687757A2C5CD82CA3D1546BEE381C/._Frame 102400 - 103423
.f           IDLEG.fcpbundle/Back to School Fall 2020/Render Files/Thumbnail Media/4DD687757A2C5CD82CA3D1546BEE381C/._Frame 103424 - 104447
.f           IDLEG.fcpbundle/Back to School Fall 2020/Render Files/Thumbnail Media/4DD687757A2C5CD82CA3D1546BEE381C/._Frame 104448 - 105471
.f           IDLEG.fcpbundle/Back to School Fall 2020/Render Files/Thumbnail Media/4DD687757A2C5CD82CA3D1546BEE381C/._Frame 105472 - 106495
.f           IDLEG.fcpbundle/Back to School Fall 2020/Render Files/Thumbnail Media/4DD687757A2C5CD82CA3D1546BEE381C/._Frame 106496 - 107519
.f           IDLEG.fcpbundle/Back to School Fall 2020/Render Files/Thumbnail Media/4DD687757A2C5CD82CA3D1546BEE381C/._Frame 107520 - 108543
.f           IDLEG.fcpbundle/Back to School Fall 2020/Render Files/Thumbnail Media/4DD687757A2C5CD82CA3D1546BEE381C/._Frame 108544 - 109567
.f           IDLEG.fcpbundle/Back to School Fall 2020/Render Files/Thumbnail Media/4DD687757A2C5CD82CA3D1546BEE381C/._Frame 109568 - 110591
.f           IDLEG.fcpbundle/Back to School Fall 2020/Render Files/Thumbnail Media/4DD687757A2C5CD82CA3D1546BEE381C/._Frame 110592 - 111615
.f           IDLEG.fcpbundle/Back to School Fall 2020/Render Files/Thumbnail Media/4DD687757A2C5CD82CA3D1546BEE381C/._Frame 111616 - 112639
.f           IDLEG.fcpbundle/Back to School Fall 2020/Render Files/Thumbnail Media/4DD687757A2C5CD82CA3D1546BEE381C/._Frame 11264 - 12287
.f           IDLEG.fcpbundle/Back to School Fall 2020/Render Files/Thumbnail Media/4DD687757A2C5CD82CA3D1546BEE381C/._Frame 112640 - 113663
.f           IDLEG.fcpbundle/Back to School Fall 2020/Render Files/Thumbnail Media/4DD687757A2C5CD82CA3D1546BEE381C/._Frame 113664 - 114687
.f           IDLEG.fcpbundle/Back to School Fall 2020/Render Files/Thumbnail Media/4DD687757A2C5CD82CA3D1546BEE381C/._Frame 114688 - 115711
.f           IDLEG.fcpbundle/Back to School Fall 2020/Render Files/Thumbnail Media/4DD687757A2C5CD82CA3D1546BEE381C/._Frame 115712 - 116735
.f           IDLEG.fcpbundle/Back to School Fall 2020/Render Files/Thumbnail Media/4DD687757A2C5CD82CA3D1546BEE381C/._Frame 116736 - 117759
.f           IDLEG.fcpbundle/Back to School Fall 2020/Render Files/Thumbnail Media/4DD687757A2C5CD82CA3D1546BEE381C/._Frame 117760 - 118783
.f           IDLEG.fcpbundle/Back to School Fall 2020/Render Files/Thumbnail Media/4DD687757A2C5CD82CA3D1546BEE381C/._Frame 118784 - 119807
.f           IDLEG.fcpbundle/Back to School Fall 2020/Render Files/Thumbnail Media/4DD687757A2C5CD82CA3D1546BEE381C/._Frame 12288 - 13311
.f           IDLEG.fcpbundle/Back to School Fall 2020/Render Files/Thumbnail Media/4DD687757A2C5CD82CA3D1546BEE381C/._Frame 13312 - 14335
.f           IDLEG.fcpbundle/Back to School Fall 2020/Render Files/Thumbnail Media/4DD687757A2C5CD82CA3D1546BEE381C/._Frame 14336 - 15359
.f           IDLEG.fcpbundle/Back to School Fall 2020/Render Files/Thumbnail Media/4DD687757A2C5CD82CA3D1546BEE381C/._Frame 15360 - 16383
.f           IDLEG.fcpbundle/Back to School Fall 2020/Render Files/Thumbnail Media/4DD687757A2C5CD82CA3D1546BEE381C/._Frame 16384 - 17407
.f           IDLEG.fcpbundle/Back to School Fall 2020/Render Files/Thumbnail Media/4DD687757A2C5CD82CA3D1546BEE381C/._Frame 17408 - 18431
.f           IDLEG.fcpbundle/Back to School Fall 2020/Render Files/Thumbnail Media/4DD687757A2C5CD82CA3D1546BEE381C/._Frame 18432 - 19455
.f           IDLEG.fcpbundle/Back to School Fall 2020/Render Files/Thumbnail Media/4DD687757A2C5CD82CA3D1546BEE381C/._Frame 19456 - 20479
.f           IDLEG.fcpbundle/Back to School Fall 2020/Render Files/Thumbnail Media/4DD687757A2C5CD82CA3D1546BEE381C/._Frame 2048 - 3071
.f           IDLEG.fcpbundle/Back to School Fall 2020/Render Files/Thumbnail Media/4DD687757A2C5CD82CA3D1546BEE381C/._Frame 21504 - 22527
.f           IDLEG.fcpbundle/Back to School Fall 2020/Render Files/Thumbnail Media/4DD687757A2C5CD82CA3D1546BEE381C/._Frame 22528 - 23551
.f           IDLEG.fcpbundle/Back to School Fall 2020/Render Files/Thumbnail Media/4DD687757A2C5CD82CA3D1546BEE381C/._Frame 23552 - 24575
.f           IDLEG.fcpbundle/Back to School Fall 2020/Render Files/Thumbnail Media/4DD687757A2C5CD82CA3D1546BEE381C/._Frame 24576 - 25599
.f           IDLEG.fcpbundle/Back to School Fall 2020/Render Files/Thumbnail Media/4DD687757A2C5CD82CA3D1546BEE381C/._Frame 25600 - 26623
.f           IDLEG.fcpbundle/Back to School Fall 2020/Render Files/Thumbnail Media/4DD687757A2C5CD82CA3D1546BEE381C/._Frame 26624 - 27647
.f           IDLEG.fcpbundle/Back to School Fall 2020/Render Files/Thumbnail Media/4DD687757A2C5CD82CA3D1546BEE381C/._Frame 27648 - 28671
.f           IDLEG.fcpbundle/Back to School Fall 2020/Render Files/Thumbnail Media/4DD687757A2C5CD82CA3D1546BEE381C/._Frame 28672 - 29695
.f           IDLEG.fcpbundle/Back to School Fall 2020/Render Files/Thumbnail Media/4DD687757A2C5CD82CA3D1546BEE381C/._Frame 29696 - 30719
.f           IDLEG.fcpbundle/Back to School Fall 2020/Render Files/Thumbnail Media/4DD687757A2C5CD82CA3D1546BEE381C/._Frame 3072 - 4095
.f           IDLEG.fcpbundle/Back to School Fall 2020/Render Files/Thumbnail Media/4DD687757A2C5CD82CA3D1546BEE381C/._Frame 30720 - 31743
.f           IDLEG.fcpbundle/Back to School Fall 2020/Render Files/Thumbnail Media/4DD687757A2C5CD82CA3D1546BEE381C/._Frame 31744 - 32767
.f           IDLEG.fcpbundle/Back to School Fall 2020/Render Files/Thumbnail Media/4DD687757A2C5CD82CA3D1546BEE381C/._Frame 32768 - 33791
.f           IDLEG.fcpbundle/Back to School Fall 2020/Render Files/Thumbnail Media/4DD687757A2C5CD82CA3D1546BEE381C/._Frame 33792 - 34815
.f           IDLEG.fcpbundle/Back to School Fall 2020/Render Files/Thumbnail Media/4DD687757A2C5CD82CA3D1546BEE381C/._Frame 34816 - 35839
.f           IDLEG.fcpbundle/Back to School Fall 2020/Render Files/Thumbnail Media/4DD687757A2C5CD82CA3D1546BEE381C/._Frame 35840 - 36863
.f           IDLEG.fcpbundle/Back to School Fall 2020/Render Files/Thumbnail Media/4DD687757A2C5CD82CA3D1546BEE381C/._Frame 36864 - 37887
.f           IDLEG.fcpbundle/Back to School Fall 2020/Render Files/Thumbnail Media/4DD687757A2C5CD82CA3D1546BEE381C/._Frame 37888 - 38911
.f           IDLEG.fcpbundle/Back to School Fall 2020/Render Files/Thumbnail Media/4DD687757A2C5CD82CA3D1546BEE381C/._Frame 38912 - 39935
.f           IDLEG.fcpbundle/Back to School Fall 2020/Render Files/Thumbnail Media/4DD687757A2C5CD82CA3D1546BEE381C/._Frame 39936 - 40959
.f           IDLEG.fcpbundle/Back to School Fall 2020/Render Files/Thumbnail Media/4DD687757A2C5CD82CA3D1546BEE381C/._Frame 4096 - 5119
.f           IDLEG.fcpbundle/Back to School Fall 2020/Render Files/Thumbnail Media/4DD687757A2C5CD82CA3D1546BEE381C/._Frame 40960 - 41983
.f           IDLEG.fcpbundle/Back to School Fall 2020/Render Files/Thumbnail Media/4DD687757A2C5CD82CA3D1546BEE381C/._Frame 41984 - 43007
.f           IDLEG.fcpbundle/Back to School Fall 2020/Render Files/Thumbnail Media/4DD687757A2C5CD82CA3D1546BEE381C/._Frame 43008 - 44031
.f           IDLEG.fcpbundle/Back to School Fall 2020/Render Files/Thumbnail Media/4DD687757A2C5CD82CA3D1546BEE381C/._Frame 44032 - 45055
.f           IDLEG.fcpbundle/Back to School Fall 2020/Render Files/Thumbnail Media/4DD687757A2C5CD82CA3D1546BEE381C/._Frame 45056 - 46079
.f           IDLEG.fcpbundle/Back to School Fall 2020/Render Files/Thumbnail Media/4DD687757A2C5CD82CA3D1546BEE381C/._Frame 46080 - 47103
.f           IDLEG.fcpbundle/Back to School Fall 2020/Render Files/Thumbnail Media/4DD687757A2C5CD82CA3D1546BEE381C/._Frame 47104 - 48127
.f           IDLEG.fcpbundle/Back to School Fall 2020/Render Files/Thumbnail Media/4DD687757A2C5CD82CA3D1546BEE381C/._Frame 48128 - 49151
.f           IDLEG.fcpbundle/Back to School Fall 2020/Render Files/Thumbnail Media/4DD687757A2C5CD82CA3D1546BEE381C/._Frame 49152 - 50175
.f           IDLEG.fcpbundle/Back to School Fall 2020/Render Files/Thumbnail Media/4DD687757A2C5CD82CA3D1546BEE381C/._Frame 50176 - 51199
.f           IDLEG.fcpbundle/Back to School Fall 2020/Render Files/Thumbnail Media/4DD687757A2C5CD82CA3D1546BEE381C/._Frame 5120 - 6143
.f           IDLEG.fcpbundle/Back to School Fall 2020/Render Files/Thumbnail Media/4DD687757A2C5CD82CA3D1546BEE381C/._Frame 51200 - 52223
.f           IDLEG.fcpbundle/Back to School Fall 2020/Render Files/Thumbnail Media/4DD687757A2C5CD82CA3D1546BEE381C/._Frame 52224 - 53247
.f           IDLEG.fcpbundle/Back to School Fall 2020/Render Files/Thumbnail Media/4DD687757A2C5CD82CA3D1546BEE381C/._Frame 53248 - 54271
.f           IDLEG.fcpbundle/Back to School Fall 2020/Render Files/Thumbnail Media/4DD687757A2C5CD82CA3D1546BEE381C/._Frame 54272 - 55295
.f           IDLEG.fcpbundle/Back to School Fall 2020/Render Files/Thumbnail Media/4DD687757A2C5CD82CA3D1546BEE381C/._Frame 55296 - 56319
.f           IDLEG.fcpbundle/Back to School Fall 2020/Render Files/Thumbnail Media/4DD687757A2C5CD82CA3D1546BEE381C/._Frame 56320 - 57343
.f           IDLEG.fcpbundle/Back to School Fall 2020/Render Files/Thumbnail Media/4DD687757A2C5CD82CA3D1546BEE381C/._Frame 57344 - 58367
.f           IDLEG.fcpbundle/Back to School Fall 2020/Render Files/Thumbnail Media/4DD687757A2C5CD82CA3D1546BEE381C/._Frame 58368 - 59391
.f           IDLEG.fcpbundle/Back to School Fall 2020/Render Files/Thumbnail Media/4DD687757A2C5CD82CA3D1546BEE381C/._Frame 59392 - 60415
.f           IDLEG.fcpbundle/Back to School Fall 2020/Render Files/Thumbnail Media/4DD687757A2C5CD82CA3D1546BEE381C/._Frame 60416 - 61439
.f           IDLEG.fcpbundle/Back to School Fall 2020/Render Files/Thumbnail Media/4DD687757A2C5CD82CA3D1546BEE381C/._Frame 6144 - 7167
.f           IDLEG.fcpbundle/Back to School Fall 2020/Render Files/Thumbnail Media/4DD687757A2C5CD82CA3D1546BEE381C/._Frame 61440 - 62463
.f           IDLEG.fcpbundle/Back to School Fall 2020/Render Files/Thumbnail Media/4DD687757A2C5CD82CA3D1546BEE381C/._Frame 62464 - 63487
.f           IDLEG.fcpbundle/Back to School Fall 2020/Render Files/Thumbnail Media/4DD687757A2C5CD82CA3D1546BEE381C/._Frame 63488 - 64511
.f           IDLEG.fcpbundle/Back to School Fall 2020/Render Files/Thumbnail Media/4DD687757A2C5CD82CA3D1546BEE381C/._Frame 64512 - 65535
.f           IDLEG.fcpbundle/Back to School Fall 2020/Render Files/Thumbnail Media/4DD687757A2C5CD82CA3D1546BEE381C/._Frame 65536 - 66559
.f           IDLEG.fcpbundle/Back to School Fall 2020/Render Files/Thumbnail Media/4DD687757A2C5CD82CA3D1546BEE381C/._Frame 66560 - 67583
.f           IDLEG.fcpbundle/Back to School Fall 2020/Render Files/Thumbnail Media/4DD687757A2C5CD82CA3D1546BEE381C/._Frame 67584 - 68607
.f           IDLEG.fcpbundle/Back to School Fall 2020/Render Files/Thumbnail Media/4DD687757A2C5CD82CA3D1546BEE381C/._Frame 68608 - 69631
.f           IDLEG.fcpbundle/Back to School Fall 2020/Render Files/Thumbnail Media/4DD687757A2C5CD82CA3D1546BEE381C/._Frame 69632 - 70655
.f           IDLEG.fcpbundle/Back to School Fall 2020/Render Files/Thumbnail Media/4DD687757A2C5CD82CA3D1546BEE381C/._Frame 70656 - 71679
.f           IDLEG.fcpbundle/Back to School Fall 2020/Render Files/Thumbnail Media/4DD687757A2C5CD82CA3D1546BEE381C/._Frame 7168 - 8191
.f           IDLEG.fcpbundle/Back to School Fall 2020/Render Files/Thumbnail Media/4DD687757A2C5CD82CA3D1546BEE381C/._Frame 71680 - 72703
.f           IDLEG.fcpbundle/Back to School Fall 2020/Render Files/Thumbnail Media/4DD687757A2C5CD82CA3D1546BEE381C/._Frame 72704 - 73727
.f           IDLEG.fcpbundle/Back to School Fall 2020/Render Files/Thumbnail Media/4DD687757A2C5CD82CA3D1546BEE381C/._Frame 73728 - 74751
.f           IDLEG.fcpbundle/Back to School Fall 2020/Render Files/Thumbnail Media/4DD687757A2C5CD82CA3D1546BEE381C/._Frame 74752 - 75775
.f           IDLEG.fcpbundle/Back to School Fall 2020/Render Files/Thumbnail Media/4DD687757A2C5CD82CA3D1546BEE381C/._Frame 75776 - 76799
.f           IDLEG.fcpbundle/Back to School Fall 2020/Render Files/Thumbnail Media/4DD687757A2C5CD82CA3D1546BEE381C/._Frame 76800 - 77823
.f           IDLEG.fcpbundle/Back to School Fall 2020/Render Files/Thumbnail Media/4DD687757A2C5CD82CA3D1546BEE381C/._Frame 77824 - 78847
.f           IDLEG.fcpbundle/Back to School Fall 2020/Render Files/Thumbnail Media/4DD687757A2C5CD82CA3D1546BEE381C/._Frame 78848 - 79871
.f           IDLEG.fcpbundle/Back to School Fall 2020/Render Files/Thumbnail Media/4DD687757A2C5CD82CA3D1546BEE381C/._Frame 79872 - 80895
.f           IDLEG.fcpbundle/Back to School Fall 2020/Render Files/Thumbnail Media/4DD687757A2C5CD82CA3D1546BEE381C/._Frame 80896 - 81919
.f           IDLEG.fcpbundle/Back to School Fall 2020/Render Files/Thumbnail Media/4DD687757A2C5CD82CA3D1546BEE381C/._Frame 8192 - 9215
.f           IDLEG.fcpbundle/Back to School Fall 2020/Render Files/Thumbnail Media/4DD687757A2C5CD82CA3D1546BEE381C/._Frame 81920 - 82943
.f           IDLEG.fcpbundle/Back to School Fall 2020/Render Files/Thumbnail Media/4DD687757A2C5CD82CA3D1546BEE381C/._Frame 82944 - 83967
.f           IDLEG.fcpbundle/Back to School Fall 2020/Render Files/Thumbnail Media/4DD687757A2C5CD82CA3D1546BEE381C/._Frame 83968 - 84991
.f           IDLEG.fcpbundle/Back to School Fall 2020/Render Files/Thumbnail Media/4DD687757A2C5CD82CA3D1546BEE381C/._Frame 84992 - 86015
.f           IDLEG.fcpbundle/Back to School Fall 2020/Render Files/Thumbnail Media/4DD687757A2C5CD82CA3D1546BEE381C/._Frame 86016 - 87039
.f           IDLEG.fcpbundle/Back to School Fall 2020/Render Files/Thumbnail Media/4DD687757A2C5CD82CA3D1546BEE381C/._Frame 87040 - 88063
.f           IDLEG.fcpbundle/Back to School Fall 2020/Render Files/Thumbnail Media/4DD687757A2C5CD82CA3D1546BEE381C/._Frame 88064 - 89087
.f           IDLEG.fcpbundle/Back to School Fall 2020/Render Files/Thumbnail Media/4DD687757A2C5CD82CA3D1546BEE381C/._Frame 89088 - 90111
.f           IDLEG.fcpbundle/Back to School Fall 2020/Render Files/Thumbnail Media/4DD687757A2C5CD82CA3D1546BEE381C/._Frame 90112 - 91135
.f           IDLEG.fcpbundle/Back to School Fall 2020/Render Files/Thumbnail Media/4DD687757A2C5CD82CA3D1546BEE381C/._Frame 91136 - 92159
.f           IDLEG.fcpbundle/Back to School Fall 2020/Render Files/Thumbnail Media/4DD687757A2C5CD82CA3D1546BEE381C/._Frame 9216 - 10239
.f           IDLEG.fcpbundle/Back to School Fall 2020/Render Files/Thumbnail Media/4DD687757A2C5CD82CA3D1546BEE381C/._Frame 92160 - 93183
.f           IDLEG.fcpbundle/Back to School Fall 2020/Render Files/Thumbnail Media/4DD687757A2C5CD82CA3D1546BEE381C/._Frame 93184 - 94207
.f           IDLEG.fcpbundle/Back to School Fall 2020/Render Files/Thumbnail Media/4DD687757A2C5CD82CA3D1546BEE381C/._Frame 94208 - 95231
.f           IDLEG.fcpbundle/Back to School Fall 2020/Render Files/Thumbnail Media/4DD687757A2C5CD82CA3D1546BEE381C/._Frame 95232 - 96255
.f           IDLEG.fcpbundle/Back to School Fall 2020/Render Files/Thumbnail Media/4DD687757A2C5CD82CA3D1546BEE381C/._Frame 96256 - 97279
.f           IDLEG.fcpbundle/Back to School Fall 2020/Render Files/Thumbnail Media/4DD687757A2C5CD82CA3D1546BEE381C/._Frame 97280 - 98303
.f           IDLEG.fcpbundle/Back to School Fall 2020/Render Files/Thumbnail Media/4DD687757A2C5CD82CA3D1546BEE381C/._Frame 98304 - 99327
.f           IDLEG.fcpbundle/Back to School Fall 2020/Render Files/Thumbnail Media/4DD687757A2C5CD82CA3D1546BEE381C/._Frame 99328 - 100351
.f           IDLEG.fcpbundle/Back to School Fall 2020/Render Files/Thumbnail Media/4DD687757A2C5CD82CA3D1546BEE381C/._Info.plist
.f           IDLEG.fcpbundle/Back to School Fall 2020/Render Files/Thumbnail Media/4DD687757A2C5CD82CA3D1546BEE381C/Frame 0 - 1023
.f           IDLEG.fcpbundle/Back to School Fall 2020/Render Files/Thumbnail Media/4DD687757A2C5CD82CA3D1546BEE381C/Frame 100352 - 101375
.f           IDLEG.fcpbundle/Back to School Fall 2020/Render Files/Thumbnail Media/4DD687757A2C5CD82CA3D1546BEE381C/Frame 101376 - 102399
.f           IDLEG.fcpbundle/Back to School Fall 2020/Render Files/Thumbnail Media/4DD687757A2C5CD82CA3D1546BEE381C/Frame 1024 - 2047
.f           IDLEG.fcpbundle/Back to School Fall 2020/Render Files/Thumbnail Media/4DD687757A2C5CD82CA3D1546BEE381C/Frame 10240 - 11263
.f           IDLEG.fcpbundle/Back to School Fall 2020/Render Files/Thumbnail Media/4DD687757A2C5CD82CA3D1546BEE381C/Frame 102400 - 103423
.f           IDLEG.fcpbundle/Back to School Fall 2020/Render Files/Thumbnail Media/4DD687757A2C5CD82CA3D1546BEE381C/Frame 103424 - 104447
.f           IDLEG.fcpbundle/Back to School Fall 2020/Render Files/Thumbnail Media/4DD687757A2C5CD82CA3D1546BEE381C/Frame 104448 - 105471
.f           IDLEG.fcpbundle/Back to School Fall 2020/Render Files/Thumbnail Media/4DD687757A2C5CD82CA3D1546BEE381C/Frame 105472 - 106495
.f           IDLEG.fcpbundle/Back to School Fall 2020/Render Files/Thumbnail Media/4DD687757A2C5CD82CA3D1546BEE381C/Frame 106496 - 107519
.f           IDLEG.fcpbundle/Back to School Fall 2020/Render Files/Thumbnail Media/4DD687757A2C5CD82CA3D1546BEE381C/Frame 107520 - 108543
.f           IDLEG.fcpbundle/Back to School Fall 2020/Render Files/Thumbnail Media/4DD687757A2C5CD82CA3D1546BEE381C/Frame 108544 - 109567
.f           IDLEG.fcpbundle/Back to School Fall 2020/Render Files/Thumbnail Media/4DD687757A2C5CD82CA3D1546BEE381C/Frame 109568 - 110591
.f           IDLEG.fcpbundle/Back to School Fall 2020/Render Files/Thumbnail Media/4DD687757A2C5CD82CA3D1546BEE381C/Frame 110592 - 111615
.f           IDLEG.fcpbundle/Back to School Fall 2020/Render Files/Thumbnail Media/4DD687757A2C5CD82CA3D1546BEE381C/Frame 111616 - 112639
.f           IDLEG.fcpbundle/Back to School Fall 2020/Render Files/Thumbnail Media/4DD687757A2C5CD82CA3D1546BEE381C/Frame 11264 - 12287
.f           IDLEG.fcpbundle/Back to School Fall 2020/Render Files/Thumbnail Media/4DD687757A2C5CD82CA3D1546BEE381C/Frame 112640 - 113663
.f           IDLEG.fcpbundle/Back to School Fall 2020/Render Files/Thumbnail Media/4DD687757A2C5CD82CA3D1546BEE381C/Frame 113664 - 114687
.f           IDLEG.fcpbundle/Back to School Fall 2020/Render Files/Thumbnail Media/4DD687757A2C5CD82CA3D1546BEE381C/Frame 114688 - 115711
.f           IDLEG.fcpbundle/Back to School Fall 2020/Render Files/Thumbnail Media/4DD687757A2C5CD82CA3D1546BEE381C/Frame 115712 - 116735
.f           IDLEG.fcpbundle/Back to School Fall 2020/Render Files/Thumbnail Media/4DD687757A2C5CD82CA3D1546BEE381C/Frame 116736 - 117759
.f           IDLEG.fcpbundle/Back to School Fall 2020/Render Files/Thumbnail Media/4DD687757A2C5CD82CA3D1546BEE381C/Frame 117760 - 118783
.f           IDLEG.fcpbundle/Back to School Fall 2020/Render Files/Thumbnail Media/4DD687757A2C5CD82CA3D1546BEE381C/Frame 118784 - 119807
.f           IDLEG.fcpbundle/Back to School Fall 2020/Render Files/Thumbnail Media/4DD687757A2C5CD82CA3D1546BEE381C/Frame 12288 - 13311
.f           IDLEG.fcpbundle/Back to School Fall 2020/Render Files/Thumbnail Media/4DD687757A2C5CD82CA3D1546BEE381C/Frame 13312 - 14335
.f           IDLEG.fcpbundle/Back to School Fall 2020/Render Files/Thumbnail Media/4DD687757A2C5CD82CA3D1546BEE381C/Frame 14336 - 15359
.f           IDLEG.fcpbundle/Back to School Fall 2020/Render Files/Thumbnail Media/4DD687757A2C5CD82CA3D1546BEE381C/Frame 15360 - 16383
.f           IDLEG.fcpbundle/Back to School Fall 2020/Render Files/Thumbnail Media/4DD687757A2C5CD82CA3D1546BEE381C/Frame 16384 - 17407
.f           IDLEG.fcpbundle/Back to School Fall 2020/Render Files/Thumbnail Media/4DD687757A2C5CD82CA3D1546BEE381C/Frame 17408 - 18431
.f           IDLEG.fcpbundle/Back to School Fall 2020/Render Files/Thumbnail Media/4DD687757A2C5CD82CA3D1546BEE381C/Frame 18432 - 19455
.f           IDLEG.fcpbundle/Back to School Fall 2020/Render Files/Thumbnail Media/4DD687757A2C5CD82CA3D1546BEE381C/Frame 19456 - 20479
.f           IDLEG.fcpbundle/Back to School Fall 2020/Render Files/Thumbnail Media/4DD687757A2C5CD82CA3D1546BEE381C/Frame 2048 - 3071
.f           IDLEG.fcpbundle/Back to School Fall 2020/Render Files/Thumbnail Media/4DD687757A2C5CD82CA3D1546BEE381C/Frame 21504 - 22527
.f           IDLEG.fcpbundle/Back to School Fall 2020/Render Files/Thumbnail Media/4DD687757A2C5CD82CA3D1546BEE381C/Frame 22528 - 23551
.f           IDLEG.fcpbundle/Back to School Fall 2020/Render Files/Thumbnail Media/4DD687757A2C5CD82CA3D1546BEE381C/Frame 23552 - 24575
.f           IDLEG.fcpbundle/Back to School Fall 2020/Render Files/Thumbnail Media/4DD687757A2C5CD82CA3D1546BEE381C/Frame 24576 - 25599
.f           IDLEG.fcpbundle/Back to School Fall 2020/Render Files/Thumbnail Media/4DD687757A2C5CD82CA3D1546BEE381C/Frame 25600 - 26623
.f           IDLEG.fcpbundle/Back to School Fall 2020/Render Files/Thumbnail Media/4DD687757A2C5CD82CA3D1546BEE381C/Frame 26624 - 27647
.f           IDLEG.fcpbundle/Back to School Fall 2020/Render Files/Thumbnail Media/4DD687757A2C5CD82CA3D1546BEE381C/Frame 27648 - 28671
.f           IDLEG.fcpbundle/Back to School Fall 2020/Render Files/Thumbnail Media/4DD687757A2C5CD82CA3D1546BEE381C/Frame 28672 - 29695
.f           IDLEG.fcpbundle/Back to School Fall 2020/Render Files/Thumbnail Media/4DD687757A2C5CD82CA3D1546BEE381C/Frame 29696 - 30719
.f           IDLEG.fcpbundle/Back to School Fall 2020/Render Files/Thumbnail Media/4DD687757A2C5CD82CA3D1546BEE381C/Frame 3072 - 4095
.f           IDLEG.fcpbundle/Back to School Fall 2020/Render Files/Thumbnail Media/4DD687757A2C5CD82CA3D1546BEE381C/Frame 30720 - 31743
.f           IDLEG.fcpbundle/Back to School Fall 2020/Render Files/Thumbnail Media/4DD687757A2C5CD82CA3D1546BEE381C/Frame 31744 - 32767
.f           IDLEG.fcpbundle/Back to School Fall 2020/Render Files/Thumbnail Media/4DD687757A2C5CD82CA3D1546BEE381C/Frame 32768 - 33791
.f           IDLEG.fcpbundle/Back to School Fall 2020/Render Files/Thumbnail Media/4DD687757A2C5CD82CA3D1546BEE381C/Frame 33792 - 34815
.f           IDLEG.fcpbundle/Back to School Fall 2020/Render Files/Thumbnail Media/4DD687757A2C5CD82CA3D1546BEE381C/Frame 34816 - 35839
.f           IDLEG.fcpbundle/Back to School Fall 2020/Render Files/Thumbnail Media/4DD687757A2C5CD82CA3D1546BEE381C/Frame 35840 - 36863
.f           IDLEG.fcpbundle/Back to School Fall 2020/Render Files/Thumbnail Media/4DD687757A2C5CD82CA3D1546BEE381C/Frame 36864 - 37887
.f           IDLEG.fcpbundle/Back to School Fall 2020/Render Files/Thumbnail Media/4DD687757A2C5CD82CA3D1546BEE381C/Frame 37888 - 38911
.f           IDLEG.fcpbundle/Back to School Fall 2020/Render Files/Thumbnail Media/4DD687757A2C5CD82CA3D1546BEE381C/Frame 38912 - 39935
.f           IDLEG.fcpbundle/Back to School Fall 2020/Render Files/Thumbnail Media/4DD687757A2C5CD82CA3D1546BEE381C/Frame 39936 - 40959
.f           IDLEG.fcpbundle/Back to School Fall 2020/Render Files/Thumbnail Media/4DD687757A2C5CD82CA3D1546BEE381C/Frame 4096 - 5119
.f           IDLEG.fcpbundle/Back to School Fall 2020/Render Files/Thumbnail Media/4DD687757A2C5CD82CA3D1546BEE381C/Frame 40960 - 41983
.f           IDLEG.fcpbundle/Back to School Fall 2020/Render Files/Thumbnail Media/4DD687757A2C5CD82CA3D1546BEE381C/Frame 41984 - 43007
.f           IDLEG.fcpbundle/Back to School Fall 2020/Render Files/Thumbnail Media/4DD687757A2C5CD82CA3D1546BEE381C/Frame 43008 - 44031
.f           IDLEG.fcpbundle/Back to School Fall 2020/Render Files/Thumbnail Media/4DD687757A2C5CD82CA3D1546BEE381C/Frame 44032 - 45055
.f           IDLEG.fcpbundle/Back to School Fall 2020/Render Files/Thumbnail Media/4DD687757A2C5CD82CA3D1546BEE381C/Frame 45056 - 46079
.f           IDLEG.fcpbundle/Back to School Fall 2020/Render Files/Thumbnail Media/4DD687757A2C5CD82CA3D1546BEE381C/Frame 46080 - 47103
.f           IDLEG.fcpbundle/Back to School Fall 2020/Render Files/Thumbnail Media/4DD687757A2C5CD82CA3D1546BEE381C/Frame 47104 - 48127
.f           IDLEG.fcpbundle/Back to School Fall 2020/Render Files/Thumbnail Media/4DD687757A2C5CD82CA3D1546BEE381C/Frame 48128 - 49151
.f           IDLEG.fcpbundle/Back to School Fall 2020/Render Files/Thumbnail Media/4DD687757A2C5CD82CA3D1546BEE381C/Frame 49152 - 50175
.f           IDLEG.fcpbundle/Back to School Fall 2020/Render Files/Thumbnail Media/4DD687757A2C5CD82CA3D1546BEE381C/Frame 50176 - 51199
.f           IDLEG.fcpbundle/Back to School Fall 2020/Render Files/Thumbnail Media/4DD687757A2C5CD82CA3D1546BEE381C/Frame 5120 - 6143
.f           IDLEG.fcpbundle/Back to School Fall 2020/Render Files/Thumbnail Media/4DD687757A2C5CD82CA3D1546BEE381C/Frame 51200 - 52223
.f           IDLEG.fcpbundle/Back to School Fall 2020/Render Files/Thumbnail Media/4DD687757A2C5CD82CA3D1546BEE381C/Frame 52224 - 53247
.f           IDLEG.fcpbundle/Back to School Fall 2020/Render Files/Thumbnail Media/4DD687757A2C5CD82CA3D1546BEE381C/Frame 53248 - 54271
.f           IDLEG.fcpbundle/Back to School Fall 2020/Render Files/Thumbnail Media/4DD687757A2C5CD82CA3D1546BEE381C/Frame 54272 - 55295
.f           IDLEG.fcpbundle/Back to School Fall 2020/Render Files/Thumbnail Media/4DD687757A2C5CD82CA3D1546BEE381C/Frame 55296 - 56319
.f           IDLEG.fcpbundle/Back to School Fall 2020/Render Files/Thumbnail Media/4DD687757A2C5CD82CA3D1546BEE381C/Frame 56320 - 57343
.f           IDLEG.fcpbundle/Back to School Fall 2020/Render Files/Thumbnail Media/4DD687757A2C5CD82CA3D1546BEE381C/Frame 57344 - 58367
.f           IDLEG.fcpbundle/Back to School Fall 2020/Render Files/Thumbnail Media/4DD687757A2C5CD82CA3D1546BEE381C/Frame 58368 - 59391
.f           IDLEG.fcpbundle/Back to School Fall 2020/Render Files/Thumbnail Media/4DD687757A2C5CD82CA3D1546BEE381C/Frame 59392 - 60415
.f           IDLEG.fcpbundle/Back to School Fall 2020/Render Files/Thumbnail Media/4DD687757A2C5CD82CA3D1546BEE381C/Frame 60416 - 61439
.f           IDLEG.fcpbundle/Back to School Fall 2020/Render Files/Thumbnail Media/4DD687757A2C5CD82CA3D1546BEE381C/Frame 6144 - 7167
.f           IDLEG.fcpbundle/Back to School Fall 2020/Render Files/Thumbnail Media/4DD687757A2C5CD82CA3D1546BEE381C/Frame 61440 - 62463
.f           IDLEG.fcpbundle/Back to School Fall 2020/Render Files/Thumbnail Media/4DD687757A2C5CD82CA3D1546BEE381C/Frame 62464 - 63487
.f           IDLEG.fcpbundle/Back to School Fall 2020/Render Files/Thumbnail Media/4DD687757A2C5CD82CA3D1546BEE381C/Frame 63488 - 64511
.f           IDLEG.fcpbundle/Back to School Fall 2020/Render Files/Thumbnail Media/4DD687757A2C5CD82CA3D1546BEE381C/Frame 64512 - 65535
.f           IDLEG.fcpbundle/Back to School Fall 2020/Render Files/Thumbnail Media/4DD687757A2C5CD82CA3D1546BEE381C/Frame 65536 - 66559
.f           IDLEG.fcpbundle/Back to School Fall 2020/Render Files/Thumbnail Media/4DD687757A2C5CD82CA3D1546BEE381C/Frame 66560 - 67583
.f           IDLEG.fcpbundle/Back to School Fall 2020/Render Files/Thumbnail Media/4DD687757A2C5CD82CA3D1546BEE381C/Frame 67584 - 68607
.f           IDLEG.fcpbundle/Back to School Fall 2020/Render Files/Thumbnail Media/4DD687757A2C5CD82CA3D1546BEE381C/Frame 68608 - 69631
.f           IDLEG.fcpbundle/Back to School Fall 2020/Render Files/Thumbnail Media/4DD687757A2C5CD82CA3D1546BEE381C/Frame 69632 - 70655
.f           IDLEG.fcpbundle/Back to School Fall 2020/Render Files/Thumbnail Media/4DD687757A2C5CD82CA3D1546BEE381C/Frame 70656 - 71679
.f           IDLEG.fcpbundle/Back to School Fall 2020/Render Files/Thumbnail Media/4DD687757A2C5CD82CA3D1546BEE381C/Frame 7168 - 8191
.f           IDLEG.fcpbundle/Back to School Fall 2020/Render Files/Thumbnail Media/4DD687757A2C5CD82CA3D1546BEE381C/Frame 71680 - 72703
.f           IDLEG.fcpbundle/Back to School Fall 2020/Render Files/Thumbnail Media/4DD687757A2C5CD82CA3D1546BEE381C/Frame 72704 - 73727
.f           IDLEG.fcpbundle/Back to School Fall 2020/Render Files/Thumbnail Media/4DD687757A2C5CD82CA3D1546BEE381C/Frame 73728 - 74751
.f           IDLEG.fcpbundle/Back to School Fall 2020/Render Files/Thumbnail Media/4DD687757A2C5CD82CA3D1546BEE381C/Frame 74752 - 75775
.f           IDLEG.fcpbundle/Back to School Fall 2020/Render Files/Thumbnail Media/4DD687757A2C5CD82CA3D1546BEE381C/Frame 75776 - 76799
.f           IDLEG.fcpbundle/Back to School Fall 2020/Render Files/Thumbnail Media/4DD687757A2C5CD82CA3D1546BEE381C/Frame 76800 - 77823
.f           IDLEG.fcpbundle/Back to School Fall 2020/Render Files/Thumbnail Media/4DD687757A2C5CD82CA3D1546BEE381C/Frame 77824 - 78847
.f           IDLEG.fcpbundle/Back to School Fall 2020/Render Files/Thumbnail Media/4DD687757A2C5CD82CA3D1546BEE381C/Frame 78848 - 79871
.f           IDLEG.fcpbundle/Back to School Fall 2020/Render Files/Thumbnail Media/4DD687757A2C5CD82CA3D1546BEE381C/Frame 79872 - 80895
.f           IDLEG.fcpbundle/Back to School Fall 2020/Render Files/Thumbnail Media/4DD687757A2C5CD82CA3D1546BEE381C/Frame 80896 - 81919
.f           IDLEG.fcpbundle/Back to School Fall 2020/Render Files/Thumbnail Media/4DD687757A2C5CD82CA3D1546BEE381C/Frame 8192 - 9215
.f           IDLEG.fcpbundle/Back to School Fall 2020/Render Files/Thumbnail Media/4DD687757A2C5CD82CA3D1546BEE381C/Frame 81920 - 82943
.f           IDLEG.fcpbundle/Back to School Fall 2020/Render Files/Thumbnail Media/4DD687757A2C5CD82CA3D1546BEE381C/Frame 82944 - 83967
.f           IDLEG.fcpbundle/Back to School Fall 2020/Render Files/Thumbnail Media/4DD687757A2C5CD82CA3D1546BEE381C/Frame 83968 - 84991
.f           IDLEG.fcpbundle/Back to School Fall 2020/Render Files/Thumbnail Media/4DD687757A2C5CD82CA3D1546BEE381C/Frame 84992 - 86015
.f           IDLEG.fcpbundle/Back to School Fall 2020/Render Files/Thumbnail Media/4DD687757A2C5CD82CA3D1546BEE381C/Frame 86016 - 87039
.f           IDLEG.fcpbundle/Back to School Fall 2020/Render Files/Thumbnail Media/4DD687757A2C5CD82CA3D1546BEE381C/Frame 87040 - 88063
.f           IDLEG.fcpbundle/Back to School Fall 2020/Render Files/Thumbnail Media/4DD687757A2C5CD82CA3D1546BEE381C/Frame 88064 - 89087
.f           IDLEG.fcpbundle/Back to School Fall 2020/Render Files/Thumbnail Media/4DD687757A2C5CD82CA3D1546BEE381C/Frame 89088 - 90111
.f           IDLEG.fcpbundle/Back to School Fall 2020/Render Files/Thumbnail Media/4DD687757A2C5CD82CA3D1546BEE381C/Frame 90112 - 91135
.f           IDLEG.fcpbundle/Back to School Fall 2020/Render Files/Thumbnail Media/4DD687757A2C5CD82CA3D1546BEE381C/Frame 91136 - 92159
.f           IDLEG.fcpbundle/Back to School Fall 2020/Render Files/Thumbnail Media/4DD687757A2C5CD82CA3D1546BEE381C/Frame 9216 - 10239
.f           IDLEG.fcpbundle/Back to School Fall 2020/Render Files/Thumbnail Media/4DD687757A2C5CD82CA3D1546BEE381C/Frame 92160 - 93183
.f           IDLEG.fcpbundle/Back to School Fall 2020/Render Files/Thumbnail Media/4DD687757A2C5CD82CA3D1546BEE381C/Frame 93184 - 94207
.f           IDLEG.fcpbundle/Back to School Fall 2020/Render Files/Thumbnail Media/4DD687757A2C5CD82CA3D1546BEE381C/Frame 94208 - 95231
.f           IDLEG.fcpbundle/Back to School Fall 2020/Render Files/Thumbnail Media/4DD687757A2C5CD82CA3D1546BEE381C/Frame 95232 - 96255
.f           IDLEG.fcpbundle/Back to School Fall 2020/Render Files/Thumbnail Media/4DD687757A2C5CD82CA3D1546BEE381C/Frame 96256 - 97279
.f           IDLEG.fcpbundle/Back to School Fall 2020/Render Files/Thumbnail Media/4DD687757A2C5CD82CA3D1546BEE381C/Frame 97280 - 98303
.f           IDLEG.fcpbundle/Back to School Fall 2020/Render Files/Thumbnail Media/4DD687757A2C5CD82CA3D1546BEE381C/Frame 98304 - 99327
.f           IDLEG.fcpbundle/Back to School Fall 2020/Render Files/Thumbnail Media/4DD687757A2C5CD82CA3D1546BEE381C/Frame 99328 - 100351
.f           IDLEG.fcpbundle/Back to School Fall 2020/Render Files/Thumbnail Media/4DD687757A2C5CD82CA3D1546BEE381C/Info.plist
.d           IDLEG.fcpbundle/Back to School Fall 2020/Render Files/Thumbnail Media/7FA6779F03FFD90E5A21461783450024/
.f           IDLEG.fcpbundle/Back to School Fall 2020/Render Files/Thumbnail Media/7FA6779F03FFD90E5A21461783450024/._Frame 0 - 1023
.f           IDLEG.fcpbundle/Back to School Fall 2020/Render Files/Thumbnail Media/7FA6779F03FFD90E5A21461783450024/._Info.plist
.f           IDLEG.fcpbundle/Back to School Fall 2020/Render Files/Thumbnail Media/7FA6779F03FFD90E5A21461783450024/Frame 0 - 1023
.f           IDLEG.fcpbundle/Back to School Fall 2020/Render Files/Thumbnail Media/7FA6779F03FFD90E5A21461783450024/Info.plist
.d           IDLEG.fcpbundle/Back to School Fall 2020/Render Files/Thumbnail Media/95C1AA2B5821F482372CB7B3190AFBD0/
.f           IDLEG.fcpbundle/Back to School Fall 2020/Render Files/Thumbnail Media/95C1AA2B5821F482372CB7B3190AFBD0/._Frame 76800 - 77823
.f           IDLEG.fcpbundle/Back to School Fall 2020/Render Files/Thumbnail Media/95C1AA2B5821F482372CB7B3190AFBD0/._Info.plist
.f           IDLEG.fcpbundle/Back to School Fall 2020/Render Files/Thumbnail Media/95C1AA2B5821F482372CB7B3190AFBD0/Frame 76800 - 77823
.f           IDLEG.fcpbundle/Back to School Fall 2020/Render Files/Thumbnail Media/95C1AA2B5821F482372CB7B3190AFBD0/Info.plist
.d           IDLEG.fcpbundle/Back to School Fall 2020/Render Files/Thumbnail Media/CAE1E785CC01CA64CA0564A26D8726B2/
.f           IDLEG.fcpbundle/Back to School Fall 2020/Render Files/Thumbnail Media/CAE1E785CC01CA64CA0564A26D8726B2/._Frame 76800 - 77823
.f           IDLEG.fcpbundle/Back to School Fall 2020/Render Files/Thumbnail Media/CAE1E785CC01CA64CA0564A26D8726B2/._Info.plist
.f           IDLEG.fcpbundle/Back to School Fall 2020/Render Files/Thumbnail Media/CAE1E785CC01CA64CA0564A26D8726B2/Frame 76800 - 77823
.f           IDLEG.fcpbundle/Back to School Fall 2020/Render Files/Thumbnail Media/CAE1E785CC01CA64CA0564A26D8726B2/Info.plist
.d           IDLEG.fcpbundle/Back to School Fall 2020/Render Files/Thumbnail Media/CCC42D13CF4F198E12964975C967BC2B/
.f           IDLEG.fcpbundle/Back to School Fall 2020/Render Files/Thumbnail Media/CCC42D13CF4F198E12964975C967BC2B/._Frame 31744 - 32767
.f           IDLEG.fcpbundle/Back to School Fall 2020/Render Files/Thumbnail Media/CCC42D13CF4F198E12964975C967BC2B/._Frame 97280 - 98303
.f           IDLEG.fcpbundle/Back to School Fall 2020/Render Files/Thumbnail Media/CCC42D13CF4F198E12964975C967BC2B/._Info.plist
.f           IDLEG.fcpbundle/Back to School Fall 2020/Render Files/Thumbnail Media/CCC42D13CF4F198E12964975C967BC2B/Frame 31744 - 32767
.f           IDLEG.fcpbundle/Back to School Fall 2020/Render Files/Thumbnail Media/CCC42D13CF4F198E12964975C967BC2B/Frame 97280 - 98303
.f           IDLEG.fcpbundle/Back to School Fall 2020/Render Files/Thumbnail Media/CCC42D13CF4F198E12964975C967BC2B/Info.plist
.d           IDLEG.fcpbundle/Back to School Fall 2020/Shared Items/
.f           IDLEG.fcpbundle/Back to School Fall 2020/Shared Items/._XaVfS6AWSK+i30Vb87oL0w
.d           IDLEG.fcpbundle/Back to School Fall 2020/Shared Items/XaVfS6AWSK+i30Vb87oL0w/
.f           IDLEG.fcpbundle/Back to School Fall 2020/Shared Items/XaVfS6AWSK+i30Vb87oL0w/._ShareStatus.plist
.f           IDLEG.fcpbundle/Back to School Fall 2020/Shared Items/XaVfS6AWSK+i30Vb87oL0w/ShareStatus.plist
.d           IDLEG.fcpbundle/Idaho Reports/
.f           IDLEG.fcpbundle/Idaho Reports/._4-23 Nicole Foy
.f           IDLEG.fcpbundle/Idaho Reports/._4-24 Ahlquist
.f           IDLEG.fcpbundle/Idaho Reports/._Analysis Files
.f           IDLEG.fcpbundle/Idaho Reports/._CurrentVersion.fcpevent
.f           IDLEG.fcpbundle/Idaho Reports/._Original Media
.f           IDLEG.fcpbundle/Idaho Reports/._Quick Edit
.f           IDLEG.fcpbundle/Idaho Reports/._Render Files
.f           IDLEG.fcpbundle/Idaho Reports/._Shared Items
.f           IDLEG.fcpbundle/Idaho Reports/CurrentVersion.fcpevent
.d           IDLEG.fcpbundle/Idaho Reports/4-23 Nicole Foy/
.f           IDLEG.fcpbundle/Idaho Reports/4-23 Nicole Foy/._CurrentVersion.fcpevent
.f           IDLEG.fcpbundle/Idaho Reports/4-23 Nicole Foy/CurrentVersion.fcpevent
.d           IDLEG.fcpbundle/Idaho Reports/4-24 Ahlquist/
.f           IDLEG.fcpbundle/Idaho Reports/4-24 Ahlquist/._CurrentVersion.fcpevent
.f           IDLEG.fcpbundle/Idaho Reports/4-24 Ahlquist/CurrentVersion.fcpevent
.d           IDLEG.fcpbundle/Idaho Reports/Analysis Files/
.f           IDLEG.fcpbundle/Idaho Reports/Analysis Files/._Flow Transition
.d           IDLEG.fcpbundle/Idaho Reports/Analysis Files/Flow Transition/
.f           IDLEG.fcpbundle/Idaho Reports/Analysis Files/Flow Transition/._9BF0CC60FDEE6BB8267A2F5379255053
.f           IDLEG.fcpbundle/Idaho Reports/Analysis Files/Flow Transition/._A511C297A9E8C298E23B65CBC0107160
.d           IDLEG.fcpbundle/Idaho Reports/Analysis Files/Flow Transition/9BF0CC60FDEE6BB8267A2F5379255053/
.f           IDLEG.fcpbundle/Idaho Reports/Analysis Files/Flow Transition/9BF0CC60FDEE6BB8267A2F5379255053/._Frame 0 - 1023
.f           IDLEG.fcpbundle/Idaho Reports/Analysis Files/Flow Transition/9BF0CC60FDEE6BB8267A2F5379255053/._Info.plist
.f           IDLEG.fcpbundle/Idaho Reports/Analysis Files/Flow Transition/9BF0CC60FDEE6BB8267A2F5379255053/Frame 0 - 1023
.f           IDLEG.fcpbundle/Idaho Reports/Analysis Files/Flow Transition/9BF0CC60FDEE6BB8267A2F5379255053/Info.plist
.d           IDLEG.fcpbundle/Idaho Reports/Analysis Files/Flow Transition/A511C297A9E8C298E23B65CBC0107160/
.f           IDLEG.fcpbundle/Idaho Reports/Analysis Files/Flow Transition/A511C297A9E8C298E23B65CBC0107160/._Frame 0 - 1023
.f           IDLEG.fcpbundle/Idaho Reports/Analysis Files/Flow Transition/A511C297A9E8C298E23B65CBC0107160/._Info.plist
.f           IDLEG.fcpbundle/Idaho Reports/Analysis Files/Flow Transition/A511C297A9E8C298E23B65CBC0107160/Frame 0 - 1023
.f           IDLEG.fcpbundle/Idaho Reports/Analysis Files/Flow Transition/A511C297A9E8C298E23B65CBC0107160/Info.plist
.d           IDLEG.fcpbundle/Idaho Reports/Original Media/
.f           IDLEG.fcpbundle/Idaho Reports/Original Media/._4-23-Nicole-Foy-raw.mp4
.f           IDLEG.fcpbundle/Idaho Reports/Original Media/._IR Open frame.psd
.f           IDLEG.fcpbundle/Idaho Reports/Original Media/._Kevin Richert full length 720p.mp4
.f           IDLEG.fcpbundle/Idaho Reports/Original Media/._Tommy-Ahlquist -NTERVIEW.mp4
.f           IDLEG.fcpbundle/Idaho Reports/Original Media/._audio.wav
.f           IDLEG.fcpbundle/Idaho Reports/Original Media/._background-empty.jpg
.f           IDLEG.fcpbundle/Idaho Reports/Original Media/._background-generic.png
.f           IDLEG.fcpbundle/Idaho Reports/Original Media/._background-two-boxes.png
.f           IDLEG.fcpbundle/Idaho Reports/Original Media/._bug-light.png
.f           IDLEG.fcpbundle/Idaho Reports/Original Media/._bug-mid.png
.f           IDLEG.fcpbundle/Idaho Reports/Original Media/._info-full-screen.png
.f           IDLEG.fcpbundle/Idaho Reports/Original Media/._info-half-screen.png
.f           IDLEG.fcpbundle/Idaho Reports/Original Media/._super-box.png
.f           IDLEG.fcpbundle/Idaho Reports/Original Media/._super-name.png
.f           IDLEG.fcpbundle/Idaho Reports/Original Media/._super-two-names.png
.f           IDLEG.fcpbundle/Idaho Reports/Original Media/4-23-Nicole-Foy-raw.mp4
.f           IDLEG.fcpbundle/Idaho Reports/Original Media/IR Open frame.psd
.f           IDLEG.fcpbundle/Idaho Reports/Original Media/Kevin Richert full length 720p.mp4
.f           IDLEG.fcpbundle/Idaho Reports/Original Media/Tommy-Ahlquist -NTERVIEW.mp4
.f           IDLEG.fcpbundle/Idaho Reports/Original Media/audio.wav
.f           IDLEG.fcpbundle/Idaho Reports/Original Media/background-empty.jpg
.f           IDLEG.fcpbundle/Idaho Reports/Original Media/background-generic.png
.f           IDLEG.fcpbundle/Idaho Reports/Original Media/background-two-boxes.png
.f           IDLEG.fcpbundle/Idaho Reports/Original Media/bug-light.png
.f           IDLEG.fcpbundle/Idaho Reports/Original Media/bug-mid.png
.f           IDLEG.fcpbundle/Idaho Reports/Original Media/info-full-screen.png
.f           IDLEG.fcpbundle/Idaho Reports/Original Media/info-half-screen.png
.f           IDLEG.fcpbundle/Idaho Reports/Original Media/super-box.png
.f           IDLEG.fcpbundle/Idaho Reports/Original Media/super-name.png
.f           IDLEG.fcpbundle/Idaho Reports/Original Media/super-two-names.png
.d           IDLEG.fcpbundle/Idaho Reports/Quick Edit/
.f           IDLEG.fcpbundle/Idaho Reports/Quick Edit/._CurrentVersion.fcpevent
.f           IDLEG.fcpbundle/Idaho Reports/Quick Edit/CurrentVersion.fcpevent
.d           IDLEG.fcpbundle/Idaho Reports/Render Files/
.f           IDLEG.fcpbundle/Idaho Reports/Render Files/._High Quality Media
.f           IDLEG.fcpbundle/Idaho Reports/Render Files/._Peaks Data
.f           IDLEG.fcpbundle/Idaho Reports/Render Files/._Thumbnail Media
.d           IDLEG.fcpbundle/Idaho Reports/Render Files/High Quality Media/
.f           IDLEG.fcpbundle/Idaho Reports/Render Files/High Quality Media/._01DB4C3B684C5C2E6DC539589E511EFB
.f           IDLEG.fcpbundle/Idaho Reports/Render Files/High Quality Media/._5B346C6140A472F38200B0CF9ABA05A3
.f           IDLEG.fcpbundle/Idaho Reports/Render Files/High Quality Media/._C7CDCCCE551654FDA9DDB8A8EFF6F0FB
.f           IDLEG.fcpbundle/Idaho Reports/Render Files/High Quality Media/._F7A28FC9193FECA96D0DD771BE4337FE
.f           IDLEG.fcpbundle/Idaho Reports/Render Files/High Quality Media/._FC1A594C5FD6392B7E2AEAB0E74840DC
.d           IDLEG.fcpbundle/Idaho Reports/Render Files/High Quality Media/01DB4C3B684C5C2E6DC539589E511EFB/
.f           IDLEG.fcpbundle/Idaho Reports/Render Files/High Quality Media/01DB4C3B684C5C2E6DC539589E511EFB/._Frame 216064 - 217087
.f           IDLEG.fcpbundle/Idaho Reports/Render Files/High Quality Media/01DB4C3B684C5C2E6DC539589E511EFB/._Frame 217088 - 218111
.f           IDLEG.fcpbundle/Idaho Reports/Render Files/High Quality Media/01DB4C3B684C5C2E6DC539589E511EFB/._Info.plist
.f           IDLEG.fcpbundle/Idaho Reports/Render Files/High Quality Media/01DB4C3B684C5C2E6DC539589E511EFB/Frame 216064 - 217087
.f           IDLEG.fcpbundle/Idaho Reports/Render Files/High Quality Media/01DB4C3B684C5C2E6DC539589E511EFB/Frame 217088 - 218111
.f           IDLEG.fcpbundle/Idaho Reports/Render Files/High Quality Media/01DB4C3B684C5C2E6DC539589E511EFB/Info.plist
.d           IDLEG.fcpbundle/Idaho Reports/Render Files/High Quality Media/5B346C6140A472F38200B0CF9ABA05A3/
.f           IDLEG.fcpbundle/Idaho Reports/Render Files/High Quality Media/5B346C6140A472F38200B0CF9ABA05A3/._Frame 0 - 1023
.f           IDLEG.fcpbundle/Idaho Reports/Render Files/High Quality Media/5B346C6140A472F38200B0CF9ABA05A3/._Frame 1024 - 2047
.f           IDLEG.fcpbundle/Idaho Reports/Render Files/High Quality Media/5B346C6140A472F38200B0CF9ABA05A3/._Frame 10240 - 11263
.f           IDLEG.fcpbundle/Idaho Reports/Render Files/High Quality Media/5B346C6140A472F38200B0CF9ABA05A3/._Frame 11264 - 12287
.f           IDLEG.fcpbundle/Idaho Reports/Render Files/High Quality Media/5B346C6140A472F38200B0CF9ABA05A3/._Frame 12288 - 13311
.f           IDLEG.fcpbundle/Idaho Reports/Render Files/High Quality Media/5B346C6140A472F38200B0CF9ABA05A3/._Frame 13312 - 14335
.f           IDLEG.fcpbundle/Idaho Reports/Render Files/High Quality Media/5B346C6140A472F38200B0CF9ABA05A3/._Frame 14336 - 15359
.f           IDLEG.fcpbundle/Idaho Reports/Render Files/High Quality Media/5B346C6140A472F38200B0CF9ABA05A3/._Frame 15360 - 16383
.f           IDLEG.fcpbundle/Idaho Reports/Render Files/High Quality Media/5B346C6140A472F38200B0CF9ABA05A3/._Frame 16384 - 17407
.f           IDLEG.fcpbundle/Idaho Reports/Render Files/High Quality Media/5B346C6140A472F38200B0CF9ABA05A3/._Frame 17408 - 18431
.f           IDLEG.fcpbundle/Idaho Reports/Render Files/High Quality Media/5B346C6140A472F38200B0CF9ABA05A3/._Frame 18432 - 19455
.f           IDLEG.fcpbundle/Idaho Reports/Render Files/High Quality Media/5B346C6140A472F38200B0CF9ABA05A3/._Frame 19456 - 20479
.f           IDLEG.fcpbundle/Idaho Reports/Render Files/High Quality Media/5B346C6140A472F38200B0CF9ABA05A3/._Frame 2048 - 3071
.f           IDLEG.fcpbundle/Idaho Reports/Render Files/High Quality Media/5B346C6140A472F38200B0CF9ABA05A3/._Frame 20480 - 21503
.f           IDLEG.fcpbundle/Idaho Reports/Render Files/High Quality Media/5B346C6140A472F38200B0CF9ABA05A3/._Frame 21504 - 22527
.f           IDLEG.fcpbundle/Idaho Reports/Render Files/High Quality Media/5B346C6140A472F38200B0CF9ABA05A3/._Frame 22528 - 23551
.f           IDLEG.fcpbundle/Idaho Reports/Render Files/High Quality Media/5B346C6140A472F38200B0CF9ABA05A3/._Frame 23552 - 24575
.f           IDLEG.fcpbundle/Idaho Reports/Render Files/High Quality Media/5B346C6140A472F38200B0CF9ABA05A3/._Frame 24576 - 25599
.f           IDLEG.fcpbundle/Idaho Reports/Render Files/High Quality Media/5B346C6140A472F38200B0CF9ABA05A3/._Frame 25600 - 26623
.f           IDLEG.fcpbundle/Idaho Reports/Render Files/High Quality Media/5B346C6140A472F38200B0CF9ABA05A3/._Frame 26624 - 27647
.f           IDLEG.fcpbundle/Idaho Reports/Render Files/High Quality Media/5B346C6140A472F38200B0CF9ABA05A3/._Frame 27648 - 28671
.f           IDLEG.fcpbundle/Idaho Reports/Render Files/High Quality Media/5B346C6140A472F38200B0CF9ABA05A3/._Frame 28672 - 29695
.f           IDLEG.fcpbundle/Idaho Reports/Render Files/High Quality Media/5B346C6140A472F38200B0CF9ABA05A3/._Frame 29696 - 30719
.f           IDLEG.fcpbundle/Idaho Reports/Render Files/High Quality Media/5B346C6140A472F38200B0CF9ABA05A3/._Frame 3072 - 4095
.f           IDLEG.fcpbundle/Idaho Reports/Render Files/High Quality Media/5B346C6140A472F38200B0CF9ABA05A3/._Frame 30720 - 31743
.f           IDLEG.fcpbundle/Idaho Reports/Render Files/High Quality Media/5B346C6140A472F38200B0CF9ABA05A3/._Frame 31744 - 32767
.f           IDLEG.fcpbundle/Idaho Reports/Render Files/High Quality Media/5B346C6140A472F38200B0CF9ABA05A3/._Frame 32768 - 33791
.f           IDLEG.fcpbundle/Idaho Reports/Render Files/High Quality Media/5B346C6140A472F38200B0CF9ABA05A3/._Frame 33792 - 34815
.f           IDLEG.fcpbundle/Idaho Reports/Render Files/High Quality Media/5B346C6140A472F38200B0CF9ABA05A3/._Frame 34816 - 35839
.f           IDLEG.fcpbundle/Idaho Reports/Render Files/High Quality Media/5B346C6140A472F38200B0CF9ABA05A3/._Frame 35840 - 36863
.f           IDLEG.fcpbundle/Idaho Reports/Render Files/High Quality Media/5B346C6140A472F38200B0CF9ABA05A3/._Frame 4096 - 5119
.f           IDLEG.fcpbundle/Idaho Reports/Render Files/High Quality Media/5B346C6140A472F38200B0CF9ABA05A3/._Frame 5120 - 6143
.f           IDLEG.fcpbundle/Idaho Reports/Render Files/High Quality Media/5B346C6140A472F38200B0CF9ABA05A3/._Frame 6144 - 7167
.f           IDLEG.fcpbundle/Idaho Reports/Render Files/High Quality Media/5B346C6140A472F38200B0CF9ABA05A3/._Frame 7168 - 8191
.f           IDLEG.fcpbundle/Idaho Reports/Render Files/High Quality Media/5B346C6140A472F38200B0CF9ABA05A3/._Frame 8192 - 9215
.f           IDLEG.fcpbundle/Idaho Reports/Render Files/High Quality Media/5B346C6140A472F38200B0CF9ABA05A3/._Frame 9216 - 10239
.f           IDLEG.fcpbundle/Idaho Reports/Render Files/High Quality Media/5B346C6140A472F38200B0CF9ABA05A3/._Info.plist
.f           IDLEG.fcpbundle/Idaho Reports/Render Files/High Quality Media/5B346C6140A472F38200B0CF9ABA05A3/Frame 0 - 1023
.f           IDLEG.fcpbundle/Idaho Reports/Render Files/High Quality Media/5B346C6140A472F38200B0CF9ABA05A3/Frame 1024 - 2047
.f           IDLEG.fcpbundle/Idaho Reports/Render Files/High Quality Media/5B346C6140A472F38200B0CF9ABA05A3/Frame 10240 - 11263
.f           IDLEG.fcpbundle/Idaho Reports/Render Files/High Quality Media/5B346C6140A472F38200B0CF9ABA05A3/Frame 11264 - 12287
.f           IDLEG.fcpbundle/Idaho Reports/Render Files/High Quality Media/5B346C6140A472F38200B0CF9ABA05A3/Frame 12288 - 13311
.f           IDLEG.fcpbundle/Idaho Reports/Render Files/High Quality Media/5B346C6140A472F38200B0CF9ABA05A3/Frame 13312 - 14335
.f           IDLEG.fcpbundle/Idaho Reports/Render Files/High Quality Media/5B346C6140A472F38200B0CF9ABA05A3/Frame 14336 - 15359
.f           IDLEG.fcpbundle/Idaho Reports/Render Files/High Quality Media/5B346C6140A472F38200B0CF9ABA05A3/Frame 15360 - 16383
.f           IDLEG.fcpbundle/Idaho Reports/Render Files/High Quality Media/5B346C6140A472F38200B0CF9ABA05A3/Frame 16384 - 17407
.f           IDLEG.fcpbundle/Idaho Reports/Render Files/High Quality Media/5B346C6140A472F38200B0CF9ABA05A3/Frame 17408 - 18431
.f           IDLEG.fcpbundle/Idaho Reports/Render Files/High Quality Media/5B346C6140A472F38200B0CF9ABA05A3/Frame 18432 - 19455
.f           IDLEG.fcpbundle/Idaho Reports/Render Files/High Quality Media/5B346C6140A472F38200B0CF9ABA05A3/Frame 19456 - 20479
.f           IDLEG.fcpbundle/Idaho Reports/Render Files/High Quality Media/5B346C6140A472F38200B0CF9ABA05A3/Frame 2048 - 3071
.f           IDLEG.fcpbundle/Idaho Reports/Render Files/High Quality Media/5B346C6140A472F38200B0CF9ABA05A3/Frame 20480 - 21503
.f           IDLEG.fcpbundle/Idaho Reports/Render Files/High Quality Media/5B346C6140A472F38200B0CF9ABA05A3/Frame 21504 - 22527
.f           IDLEG.fcpbundle/Idaho Reports/Render Files/High Quality Media/5B346C6140A472F38200B0CF9ABA05A3/Frame 22528 - 23551
.f           IDLEG.fcpbundle/Idaho Reports/Render Files/High Quality Media/5B346C6140A472F38200B0CF9ABA05A3/Frame 23552 - 24575
.f           IDLEG.fcpbundle/Idaho Reports/Render Files/High Quality Media/5B346C6140A472F38200B0CF9ABA05A3/Frame 24576 - 25599
.f           IDLEG.fcpbundle/Idaho Reports/Render Files/High Quality Media/5B346C6140A472F38200B0CF9ABA05A3/Frame 25600 - 26623
.f           IDLEG.fcpbundle/Idaho Reports/Render Files/High Quality Media/5B346C6140A472F38200B0CF9ABA05A3/Frame 26624 - 27647
.f           IDLEG.fcpbundle/Idaho Reports/Render Files/High Quality Media/5B346C6140A472F38200B0CF9ABA05A3/Frame 27648 - 28671
.f           IDLEG.fcpbundle/Idaho Reports/Render Files/High Quality Media/5B346C6140A472F38200B0CF9ABA05A3/Frame 28672 - 29695
.f           IDLEG.fcpbundle/Idaho Reports/Render Files/High Quality Media/5B346C6140A472F38200B0CF9ABA05A3/Frame 29696 - 30719
.f           IDLEG.fcpbundle/Idaho Reports/Render Files/High Quality Media/5B346C6140A472F38200B0CF9ABA05A3/Frame 3072 - 4095
.f           IDLEG.fcpbundle/Idaho Reports/Render Files/High Quality Media/5B346C6140A472F38200B0CF9ABA05A3/Frame 30720 - 31743
.f           IDLEG.fcpbundle/Idaho Reports/Render Files/High Quality Media/5B346C6140A472F38200B0CF9ABA05A3/Frame 31744 - 32767
.f           IDLEG.fcpbundle/Idaho Reports/Render Files/High Quality Media/5B346C6140A472F38200B0CF9ABA05A3/Frame 32768 - 33791
.f           IDLEG.fcpbundle/Idaho Reports/Render Files/High Quality Media/5B346C6140A472F38200B0CF9ABA05A3/Frame 33792 - 34815
.f           IDLEG.fcpbundle/Idaho Reports/Render Files/High Quality Media/5B346C6140A472F38200B0CF9ABA05A3/Frame 34816 - 35839
.f           IDLEG.fcpbundle/Idaho Reports/Render Files/High Quality Media/5B346C6140A472F38200B0CF9ABA05A3/Frame 35840 - 36863
.f           IDLEG.fcpbundle/Idaho Reports/Render Files/High Quality Media/5B346C6140A472F38200B0CF9ABA05A3/Frame 4096 - 5119
.f           IDLEG.fcpbundle/Idaho Reports/Render Files/High Quality Media/5B346C6140A472F38200B0CF9ABA05A3/Frame 5120 - 6143
.f           IDLEG.fcpbundle/Idaho Reports/Render Files/High Quality Media/5B346C6140A472F38200B0CF9ABA05A3/Frame 6144 - 7167
.f           IDLEG.fcpbundle/Idaho Reports/Render Files/High Quality Media/5B346C6140A472F38200B0CF9ABA05A3/Frame 7168 - 8191
.f           IDLEG.fcpbundle/Idaho Reports/Render Files/High Quality Media/5B346C6140A472F38200B0CF9ABA05A3/Frame 8192 - 9215
.f           IDLEG.fcpbundle/Idaho Reports/Render Files/High Quality Media/5B346C6140A472F38200B0CF9ABA05A3/Frame 9216 - 10239
.f           IDLEG.fcpbundle/Idaho Reports/Render Files/High Quality Media/5B346C6140A472F38200B0CF9ABA05A3/Info.plist
.d           IDLEG.fcpbundle/Idaho Reports/Render Files/High Quality Media/C7CDCCCE551654FDA9DDB8A8EFF6F0FB/
.f           IDLEG.fcpbundle/Idaho Reports/Render Files/High Quality Media/C7CDCCCE551654FDA9DDB8A8EFF6F0FB/._Frame 216064 - 217087
.f           IDLEG.fcpbundle/Idaho Reports/Render Files/High Quality Media/C7CDCCCE551654FDA9DDB8A8EFF6F0FB/._Frame 217088 - 218111
.f           IDLEG.fcpbundle/Idaho Reports/Render Files/High Quality Media/C7CDCCCE551654FDA9DDB8A8EFF6F0FB/._Info.plist
.f           IDLEG.fcpbundle/Idaho Reports/Render Files/High Quality Media/C7CDCCCE551654FDA9DDB8A8EFF6F0FB/Frame 216064 - 217087
.f           IDLEG.fcpbundle/Idaho Reports/Render Files/High Quality Media/C7CDCCCE551654FDA9DDB8A8EFF6F0FB/Frame 217088 - 218111
.f           IDLEG.fcpbundle/Idaho Reports/Render Files/High Quality Media/C7CDCCCE551654FDA9DDB8A8EFF6F0FB/Info.plist
.d           IDLEG.fcpbundle/Idaho Reports/Render Files/High Quality Media/F7A28FC9193FECA96D0DD771BE4337FE/
.f           IDLEG.fcpbundle/Idaho Reports/Render Files/High Quality Media/F7A28FC9193FECA96D0DD771BE4337FE/._Frame 215040 - 216063
.f           IDLEG.fcpbundle/Idaho Reports/Render Files/High Quality Media/F7A28FC9193FECA96D0DD771BE4337FE/._Frame 216064 - 217087
.f           IDLEG.fcpbundle/Idaho Reports/Render Files/High Quality Media/F7A28FC9193FECA96D0DD771BE4337FE/._Frame 217088 - 218111
.f           IDLEG.fcpbundle/Idaho Reports/Render Files/High Quality Media/F7A28FC9193FECA96D0DD771BE4337FE/._Info.plist
.f           IDLEG.fcpbundle/Idaho Reports/Render Files/High Quality Media/F7A28FC9193FECA96D0DD771BE4337FE/Frame 215040 - 216063
.f           IDLEG.fcpbundle/Idaho Reports/Render Files/High Quality Media/F7A28FC9193FECA96D0DD771BE4337FE/Frame 216064 - 217087
.f           IDLEG.fcpbundle/Idaho Reports/Render Files/High Quality Media/F7A28FC9193FECA96D0DD771BE4337FE/Frame 217088 - 218111
.f           IDLEG.fcpbundle/Idaho Reports/Render Files/High Quality Media/F7A28FC9193FECA96D0DD771BE4337FE/Info.plist
.d           IDLEG.fcpbundle/Idaho Reports/Render Files/High Quality Media/FC1A594C5FD6392B7E2AEAB0E74840DC/
.f           IDLEG.fcpbundle/Idaho Reports/Render Files/High Quality Media/FC1A594C5FD6392B7E2AEAB0E74840DC/._Frame 6144 - 7167
.f           IDLEG.fcpbundle/Idaho Reports/Render Files/High Quality Media/FC1A594C5FD6392B7E2AEAB0E74840DC/._Info.plist
.f           IDLEG.fcpbundle/Idaho Reports/Render Files/High Quality Media/FC1A594C5FD6392B7E2AEAB0E74840DC/Frame 6144 - 7167
.f           IDLEG.fcpbundle/Idaho Reports/Render Files/High Quality Media/FC1A594C5FD6392B7E2AEAB0E74840DC/Info.plist
.d           IDLEG.fcpbundle/Idaho Reports/Render Files/Peaks Data/
.f           IDLEG.fcpbundle/Idaho Reports/Render Files/Peaks Data/._04A55D9675A9564508015A2E011AFE0F
.f           IDLEG.fcpbundle/Idaho Reports/Render Files/Peaks Data/._0FF5994D9E2186671C17C8483ED7602D
.f           IDLEG.fcpbundle/Idaho Reports/Render Files/Peaks Data/._191E58BABCBF4452DC1D5CED60D2F856
.f           IDLEG.fcpbundle/Idaho Reports/Render Files/Peaks Data/._8EA01578B88F4C31A0C1047921005C9E
.f           IDLEG.fcpbundle/Idaho Reports/Render Files/Peaks Data/._915A27A012DC561D5B5A74FD0C03AE32
.f           IDLEG.fcpbundle/Idaho Reports/Render Files/Peaks Data/._98CB6DDB0D78A8FD6D80F5873B9E6A8D
.f           IDLEG.fcpbundle/Idaho Reports/Render Files/Peaks Data/._9C9A89055764B9CDE016659AD77F8346
.f           IDLEG.fcpbundle/Idaho Reports/Render Files/Peaks Data/._A04FE0F6BE90C6855F8B766379EB404E
.f           IDLEG.fcpbundle/Idaho Reports/Render Files/Peaks Data/._A18518C28FD6A25952C821F370BBA7EA
.f           IDLEG.fcpbundle/Idaho Reports/Render Files/Peaks Data/._D25AAC480F8E8617DE55CCB80576B969
.f           IDLEG.fcpbundle/Idaho Reports/Render Files/Peaks Data/._F59C52FC00D04CB86BE142EFB3DED136
.d           IDLEG.fcpbundle/Idaho Reports/Render Files/Peaks Data/04A55D9675A9564508015A2E011AFE0F/
.f           IDLEG.fcpbundle/Idaho Reports/Render Files/Peaks Data/04A55D9675A9564508015A2E011AFE0F/._Frame 0 - 1023
.f           IDLEG.fcpbundle/Idaho Reports/Render Files/Peaks Data/04A55D9675A9564508015A2E011AFE0F/._Info.plist
.f           IDLEG.fcpbundle/Idaho Reports/Render Files/Peaks Data/04A55D9675A9564508015A2E011AFE0F/Frame 0 - 1023
.f           IDLEG.fcpbundle/Idaho Reports/Render Files/Peaks Data/04A55D9675A9564508015A2E011AFE0F/Info.plist
.d           IDLEG.fcpbundle/Idaho Reports/Render Files/Peaks Data/0FF5994D9E2186671C17C8483ED7602D/
.f           IDLEG.fcpbundle/Idaho Reports/Render Files/Peaks Data/0FF5994D9E2186671C17C8483ED7602D/._Frame 0 - 1023
.f           IDLEG.fcpbundle/Idaho Reports/Render Files/Peaks Data/0FF5994D9E2186671C17C8483ED7602D/._Info.plist
.f           IDLEG.fcpbundle/Idaho Reports/Render Files/Peaks Data/0FF5994D9E2186671C17C8483ED7602D/Frame 0 - 1023
.f           IDLEG.fcpbundle/Idaho Reports/Render Files/Peaks Data/0FF5994D9E2186671C17C8483ED7602D/Info.plist
.d           IDLEG.fcpbundle/Idaho Reports/Render Files/Peaks Data/191E58BABCBF4452DC1D5CED60D2F856/
.f           IDLEG.fcpbundle/Idaho Reports/Render Files/Peaks Data/191E58BABCBF4452DC1D5CED60D2F856/._Frame 0 - 1023
.f           IDLEG.fcpbundle/Idaho Reports/Render Files/Peaks Data/191E58BABCBF4452DC1D5CED60D2F856/._Info.plist
.f           IDLEG.fcpbundle/Idaho Reports/Render Files/Peaks Data/191E58BABCBF4452DC1D5CED60D2F856/Frame 0 - 1023
.f           IDLEG.fcpbundle/Idaho Reports/Render Files/Peaks Data/191E58BABCBF4452DC1D5CED60D2F856/Info.plist
.d           IDLEG.fcpbundle/Idaho Reports/Render Files/Peaks Data/8EA01578B88F4C31A0C1047921005C9E/
.f           IDLEG.fcpbundle/Idaho Reports/Render Files/Peaks Data/8EA01578B88F4C31A0C1047921005C9E/._Frame 0 - 1023
.f           IDLEG.fcpbundle/Idaho Reports/Render Files/Peaks Data/8EA01578B88F4C31A0C1047921005C9E/._Info.plist
.f           IDLEG.fcpbundle/Idaho Reports/Render Files/Peaks Data/8EA01578B88F4C31A0C1047921005C9E/Frame 0 - 1023
.f           IDLEG.fcpbundle/Idaho Reports/Render Files/Peaks Data/8EA01578B88F4C31A0C1047921005C9E/Info.plist
.d           IDLEG.fcpbundle/Idaho Reports/Render Files/Peaks Data/915A27A012DC561D5B5A74FD0C03AE32/
.f           IDLEG.fcpbundle/Idaho Reports/Render Files/Peaks Data/915A27A012DC561D5B5A74FD0C03AE32/._Frame 0 - 1023
.f           IDLEG.fcpbundle/Idaho Reports/Render Files/Peaks Data/915A27A012DC561D5B5A74FD0C03AE32/._Info.plist
.f           IDLEG.fcpbundle/Idaho Reports/Render Files/Peaks Data/915A27A012DC561D5B5A74FD0C03AE32/Frame 0 - 1023
.f           IDLEG.fcpbundle/Idaho Reports/Render Files/Peaks Data/915A27A012DC561D5B5A74FD0C03AE32/Info.plist
.d           IDLEG.fcpbundle/Idaho Reports/Render Files/Peaks Data/98CB6DDB0D78A8FD6D80F5873B9E6A8D/
.f           IDLEG.fcpbundle/Idaho Reports/Render Files/Peaks Data/98CB6DDB0D78A8FD6D80F5873B9E6A8D/._Frame 0 - 1023
.f           IDLEG.fcpbundle/Idaho Reports/Render Files/Peaks Data/98CB6DDB0D78A8FD6D80F5873B9E6A8D/._Info.plist
.f           IDLEG.fcpbundle/Idaho Reports/Render Files/Peaks Data/98CB6DDB0D78A8FD6D80F5873B9E6A8D/Frame 0 - 1023
.f           IDLEG.fcpbundle/Idaho Reports/Render Files/Peaks Data/98CB6DDB0D78A8FD6D80F5873B9E6A8D/Info.plist
.d           IDLEG.fcpbundle/Idaho Reports/Render Files/Peaks Data/9C9A89055764B9CDE016659AD77F8346/
.f           IDLEG.fcpbundle/Idaho Reports/Render Files/Peaks Data/9C9A89055764B9CDE016659AD77F8346/._Frame 0 - 1023
.f           IDLEG.fcpbundle/Idaho Reports/Render Files/Peaks Data/9C9A89055764B9CDE016659AD77F8346/._Info.plist
.f           IDLEG.fcpbundle/Idaho Reports/Render Files/Peaks Data/9C9A89055764B9CDE016659AD77F8346/Frame 0 - 1023
.f           IDLEG.fcpbundle/Idaho Reports/Render Files/Peaks Data/9C9A89055764B9CDE016659AD77F8346/Info.plist
.d           IDLEG.fcpbundle/Idaho Reports/Render Files/Peaks Data/A04FE0F6BE90C6855F8B766379EB404E/
.f           IDLEG.fcpbundle/Idaho Reports/Render Files/Peaks Data/A04FE0F6BE90C6855F8B766379EB404E/._Frame 0 - 1023
.f           IDLEG.fcpbundle/Idaho Reports/Render Files/Peaks Data/A04FE0F6BE90C6855F8B766379EB404E/._Info.plist
.f           IDLEG.fcpbundle/Idaho Reports/Render Files/Peaks Data/A04FE0F6BE90C6855F8B766379EB404E/Frame 0 - 1023
.f           IDLEG.fcpbundle/Idaho Reports/Render Files/Peaks Data/A04FE0F6BE90C6855F8B766379EB404E/Info.plist
.d           IDLEG.fcpbundle/Idaho Reports/Render Files/Peaks Data/A18518C28FD6A25952C821F370BBA7EA/
.f           IDLEG.fcpbundle/Idaho Reports/Render Files/Peaks Data/A18518C28FD6A25952C821F370BBA7EA/._Frame 0 - 1023
.f           IDLEG.fcpbundle/Idaho Reports/Render Files/Peaks Data/A18518C28FD6A25952C821F370BBA7EA/._Info.plist
.f           IDLEG.fcpbundle/Idaho Reports/Render Files/Peaks Data/A18518C28FD6A25952C821F370BBA7EA/Frame 0 - 1023
.f           IDLEG.fcpbundle/Idaho Reports/Render Files/Peaks Data/A18518C28FD6A25952C821F370BBA7EA/Info.plist
.d           IDLEG.fcpbundle/Idaho Reports/Render Files/Peaks Data/D25AAC480F8E8617DE55CCB80576B969/
.f           IDLEG.fcpbundle/Idaho Reports/Render Files/Peaks Data/D25AAC480F8E8617DE55CCB80576B969/._Frame 0 - 1023
.f           IDLEG.fcpbundle/Idaho Reports/Render Files/Peaks Data/D25AAC480F8E8617DE55CCB80576B969/._Info.plist
.f           IDLEG.fcpbundle/Idaho Reports/Render Files/Peaks Data/D25AAC480F8E8617DE55CCB80576B969/Frame 0 - 1023
.f           IDLEG.fcpbundle/Idaho Reports/Render Files/Peaks Data/D25AAC480F8E8617DE55CCB80576B969/Info.plist
.d           IDLEG.fcpbundle/Idaho Reports/Render Files/Peaks Data/F59C52FC00D04CB86BE142EFB3DED136/
.f           IDLEG.fcpbundle/Idaho Reports/Render Files/Peaks Data/F59C52FC00D04CB86BE142EFB3DED136/._Frame 0 - 1023
.f           IDLEG.fcpbundle/Idaho Reports/Render Files/Peaks Data/F59C52FC00D04CB86BE142EFB3DED136/._Info.plist
.f           IDLEG.fcpbundle/Idaho Reports/Render Files/Peaks Data/F59C52FC00D04CB86BE142EFB3DED136/Frame 0 - 1023
.f           IDLEG.fcpbundle/Idaho Reports/Render Files/Peaks Data/F59C52FC00D04CB86BE142EFB3DED136/Info.plist
.d           IDLEG.fcpbundle/Idaho Reports/Render Files/Thumbnail Media/
.f           IDLEG.fcpbundle/Idaho Reports/Render Files/Thumbnail Media/._0A01E2F9D49B97BF69B0FEFC7F71ED3C
.f           IDLEG.fcpbundle/Idaho Reports/Render Files/Thumbnail Media/._188934DB51F62E4E1896ED0CD213FAAF
.f           IDLEG.fcpbundle/Idaho Reports/Render Files/Thumbnail Media/._18ECC7463428483B15FE26921E28065E
.f           IDLEG.fcpbundle/Idaho Reports/Render Files/Thumbnail Media/._1904A7DA17B9BFFCE3C51C8145B9E936
.f           IDLEG.fcpbundle/Idaho Reports/Render Files/Thumbnail Media/._40128551AFCA41669176219A76DBB65E
.f           IDLEG.fcpbundle/Idaho Reports/Render Files/Thumbnail Media/._43B01A2F9FBF5C8C98A07ED370E7A2F3
.f           IDLEG.fcpbundle/Idaho Reports/Render Files/Thumbnail Media/._4B647ABC45599D35706F3915266E1DBE
.f           IDLEG.fcpbundle/Idaho Reports/Render Files/Thumbnail Media/._5B01193E0EAA42030EB7205ADE8B88E4
.f           IDLEG.fcpbundle/Idaho Reports/Render Files/Thumbnail Media/._6019D24662E3838CCFDB35BBC4ED07FD
.f           IDLEG.fcpbundle/Idaho Reports/Render Files/Thumbnail Media/._632FF2A0ACDEB8F7F46521A1F7ACD628
.f           IDLEG.fcpbundle/Idaho Reports/Render Files/Thumbnail Media/._644E4E25023BDAC0DEBA989A51932704
.f           IDLEG.fcpbundle/Idaho Reports/Render Files/Thumbnail Media/._6F074EB6ED38D31E8214C7E05DA3D1BE
.f           IDLEG.fcpbundle/Idaho Reports/Render Files/Thumbnail Media/._7FA6779F03FFD90E5A21461783450024
.f           IDLEG.fcpbundle/Idaho Reports/Render Files/Thumbnail Media/._85897E9B9E93C119DEE0EE9AF09A8163
.f           IDLEG.fcpbundle/Idaho Reports/Render Files/Thumbnail Media/._8C4933FC505DCA27AC6BFF8E2C4CFFB8
.f           IDLEG.fcpbundle/Idaho Reports/Render Files/Thumbnail Media/._8D1BA42F78F842E9C95FF1F19202C717
.f           IDLEG.fcpbundle/Idaho Reports/Render Files/Thumbnail Media/._B1C7D70BDE3329166432C04DF37054FF
.f           IDLEG.fcpbundle/Idaho Reports/Render Files/Thumbnail Media/._C7DAB7C41638619687B476656D270CC8
.f           IDLEG.fcpbundle/Idaho Reports/Render Files/Thumbnail Media/._D191D48327D3595FB08FA1CA9697389D
.f           IDLEG.fcpbundle/Idaho Reports/Render Files/Thumbnail Media/._DDAD2E5921943BFDD8309E5FC391766A
.f           IDLEG.fcpbundle/Idaho Reports/Render Files/Thumbnail Media/._E0C52D912A142AD196164790BEECB8E8
.f           IDLEG.fcpbundle/Idaho Reports/Render Files/Thumbnail Media/._ECAA8024FA854B8A9C6D529534225D15
.f           IDLEG.fcpbundle/Idaho Reports/Render Files/Thumbnail Media/._F48FA0D0B789219DB5502D02A39DEBDA
.d           IDLEG.fcpbundle/Idaho Reports/Render Files/Thumbnail Media/0A01E2F9D49B97BF69B0FEFC7F71ED3C/
.f           IDLEG.fcpbundle/Idaho Reports/Render Files/Thumbnail Media/0A01E2F9D49B97BF69B0FEFC7F71ED3C/._Frame 0 - 1023
.f           IDLEG.fcpbundle/Idaho Reports/Render Files/Thumbnail Media/0A01E2F9D49B97BF69B0FEFC7F71ED3C/._Info.plist
.f           IDLEG.fcpbundle/Idaho Reports/Render Files/Thumbnail Media/0A01E2F9D49B97BF69B0FEFC7F71ED3C/Frame 0 - 1023
.f           IDLEG.fcpbundle/Idaho Reports/Render Files/Thumbnail Media/0A01E2F9D49B97BF69B0FEFC7F71ED3C/Info.plist
.d           IDLEG.fcpbundle/Idaho Reports/Render Files/Thumbnail Media/188934DB51F62E4E1896ED0CD213FAAF/
.f           IDLEG.fcpbundle/Idaho Reports/Render Files/Thumbnail Media/188934DB51F62E4E1896ED0CD213FAAF/._Frame 0 - 1023
.f           IDLEG.fcpbundle/Idaho Reports/Render Files/Thumbnail Media/188934DB51F62E4E1896ED0CD213FAAF/._Info.plist
.f           IDLEG.fcpbundle/Idaho Reports/Render Files/Thumbnail Media/188934DB51F62E4E1896ED0CD213FAAF/Frame 0 - 1023
.f           IDLEG.fcpbundle/Idaho Reports/Render Files/Thumbnail Media/188934DB51F62E4E1896ED0CD213FAAF/Info.plist
.d           IDLEG.fcpbundle/Idaho Reports/Render Files/Thumbnail Media/18ECC7463428483B15FE26921E28065E/
.f           IDLEG.fcpbundle/Idaho Reports/Render Files/Thumbnail Media/18ECC7463428483B15FE26921E28065E/._Frame 0 - 1023
.f           IDLEG.fcpbundle/Idaho Reports/Render Files/Thumbnail Media/18ECC7463428483B15FE26921E28065E/._Frame 1024 - 2047
.f           IDLEG.fcpbundle/Idaho Reports/Render Files/Thumbnail Media/18ECC7463428483B15FE26921E28065E/._Frame 10240 - 11263
.f           IDLEG.fcpbundle/Idaho Reports/Render Files/Thumbnail Media/18ECC7463428483B15FE26921E28065E/._Frame 11264 - 12287
.f           IDLEG.fcpbundle/Idaho Reports/Render Files/Thumbnail Media/18ECC7463428483B15FE26921E28065E/._Frame 12288 - 13311
.f           IDLEG.fcpbundle/Idaho Reports/Render Files/Thumbnail Media/18ECC7463428483B15FE26921E28065E/._Frame 2048 - 3071
.f           IDLEG.fcpbundle/Idaho Reports/Render Files/Thumbnail Media/18ECC7463428483B15FE26921E28065E/._Frame 3072 - 4095
.f           IDLEG.fcpbundle/Idaho Reports/Render Files/Thumbnail Media/18ECC7463428483B15FE26921E28065E/._Frame 4096 - 5119
.f           IDLEG.fcpbundle/Idaho Reports/Render Files/Thumbnail Media/18ECC7463428483B15FE26921E28065E/._Frame 5120 - 6143
.f           IDLEG.fcpbundle/Idaho Reports/Render Files/Thumbnail Media/18ECC7463428483B15FE26921E28065E/._Frame 6144 - 7167
.f           IDLEG.fcpbundle/Idaho Reports/Render Files/Thumbnail Media/18ECC7463428483B15FE26921E28065E/._Frame 7168 - 8191
.f           IDLEG.fcpbundle/Idaho Reports/Render Files/Thumbnail Media/18ECC7463428483B15FE26921E28065E/._Frame 8192 - 9215
.f           IDLEG.fcpbundle/Idaho Reports/Render Files/Thumbnail Media/18ECC7463428483B15FE26921E28065E/._Frame 9216 - 10239
.f           IDLEG.fcpbundle/Idaho Reports/Render Files/Thumbnail Media/18ECC7463428483B15FE26921E28065E/._Info.plist
.f           IDLEG.fcpbundle/Idaho Reports/Render Files/Thumbnail Media/18ECC7463428483B15FE26921E28065E/Frame 0 - 1023
.f           IDLEG.fcpbundle/Idaho Reports/Render Files/Thumbnail Media/18ECC7463428483B15FE26921E28065E/Frame 1024 - 2047
.f           IDLEG.fcpbundle/Idaho Reports/Render Files/Thumbnail Media/18ECC7463428483B15FE26921E28065E/Frame 10240 - 11263
.f           IDLEG.fcpbundle/Idaho Reports/Render Files/Thumbnail Media/18ECC7463428483B15FE26921E28065E/Frame 11264 - 12287
.f           IDLEG.fcpbundle/Idaho Reports/Render Files/Thumbnail Media/18ECC7463428483B15FE26921E28065E/Frame 12288 - 13311
.f           IDLEG.fcpbundle/Idaho Reports/Render Files/Thumbnail Media/18ECC7463428483B15FE26921E28065E/Frame 2048 - 3071
.f           IDLEG.fcpbundle/Idaho Reports/Render Files/Thumbnail Media/18ECC7463428483B15FE26921E28065E/Frame 3072 - 4095
.f           IDLEG.fcpbundle/Idaho Reports/Render Files/Thumbnail Media/18ECC7463428483B15FE26921E28065E/Frame 4096 - 5119
.f           IDLEG.fcpbundle/Idaho Reports/Render Files/Thumbnail Media/18ECC7463428483B15FE26921E28065E/Frame 5120 - 6143
.f           IDLEG.fcpbundle/Idaho Reports/Render Files/Thumbnail Media/18ECC7463428483B15FE26921E28065E/Frame 6144 - 7167
.f           IDLEG.fcpbundle/Idaho Reports/Render Files/Thumbnail Media/18ECC7463428483B15FE26921E28065E/Frame 7168 - 8191
.f           IDLEG.fcpbundle/Idaho Reports/Render Files/Thumbnail Media/18ECC7463428483B15FE26921E28065E/Frame 8192 - 9215
.f           IDLEG.fcpbundle/Idaho Reports/Render Files/Thumbnail Media/18ECC7463428483B15FE26921E28065E/Frame 9216 - 10239
.f           IDLEG.fcpbundle/Idaho Reports/Render Files/Thumbnail Media/18ECC7463428483B15FE26921E28065E/Info.plist
.d           IDLEG.fcpbundle/Idaho Reports/Render Files/Thumbnail Media/1904A7DA17B9BFFCE3C51C8145B9E936/
.f           IDLEG.fcpbundle/Idaho Reports/Render Files/Thumbnail Media/1904A7DA17B9BFFCE3C51C8145B9E936/._Frame 0 - 1023
.f           IDLEG.fcpbundle/Idaho Reports/Render Files/Thumbnail Media/1904A7DA17B9BFFCE3C51C8145B9E936/._Info.plist
.f           IDLEG.fcpbundle/Idaho Reports/Render Files/Thumbnail Media/1904A7DA17B9BFFCE3C51C8145B9E936/Frame 0 - 1023
.f           IDLEG.fcpbundle/Idaho Reports/Render Files/Thumbnail Media/1904A7DA17B9BFFCE3C51C8145B9E936/Info.plist
.d           IDLEG.fcpbundle/Idaho Reports/Render Files/Thumbnail Media/40128551AFCA41669176219A76DBB65E/
.f           IDLEG.fcpbundle/Idaho Reports/Render Files/Thumbnail Media/40128551AFCA41669176219A76DBB65E/._Frame 0 - 1023
.f           IDLEG.fcpbundle/Idaho Reports/Render Files/Thumbnail Media/40128551AFCA41669176219A76DBB65E/._Info.plist
.f           IDLEG.fcpbundle/Idaho Reports/Render Files/Thumbnail Media/40128551AFCA41669176219A76DBB65E/Frame 0 - 1023
.f           IDLEG.fcpbundle/Idaho Reports/Render Files/Thumbnail Media/40128551AFCA41669176219A76DBB65E/Info.plist
.d           IDLEG.fcpbundle/Idaho Reports/Render Files/Thumbnail Media/43B01A2F9FBF5C8C98A07ED370E7A2F3/
.f           IDLEG.fcpbundle/Idaho Reports/Render Files/Thumbnail Media/43B01A2F9FBF5C8C98A07ED370E7A2F3/._Frame 10240 - 11263
.f           IDLEG.fcpbundle/Idaho Reports/Render Files/Thumbnail Media/43B01A2F9FBF5C8C98A07ED370E7A2F3/._Frame 3072 - 4095
.f           IDLEG.fcpbundle/Idaho Reports/Render Files/Thumbnail Media/43B01A2F9FBF5C8C98A07ED370E7A2F3/._Info.plist
.f           IDLEG.fcpbundle/Idaho Reports/Render Files/Thumbnail Media/43B01A2F9FBF5C8C98A07ED370E7A2F3/Frame 10240 - 11263
.f           IDLEG.fcpbundle/Idaho Reports/Render Files/Thumbnail Media/43B01A2F9FBF5C8C98A07ED370E7A2F3/Frame 3072 - 4095
.f           IDLEG.fcpbundle/Idaho Reports/Render Files/Thumbnail Media/43B01A2F9FBF5C8C98A07ED370E7A2F3/Info.plist
.d           IDLEG.fcpbundle/Idaho Reports/Render Files/Thumbnail Media/4B647ABC45599D35706F3915266E1DBE/
.f           IDLEG.fcpbundle/Idaho Reports/Render Files/Thumbnail Media/4B647ABC45599D35706F3915266E1DBE/._Frame 0 - 1023
.f           IDLEG.fcpbundle/Idaho Reports/Render Files/Thumbnail Media/4B647ABC45599D35706F3915266E1DBE/._Info.plist
.f           IDLEG.fcpbundle/Idaho Reports/Render Files/Thumbnail Media/4B647ABC45599D35706F3915266E1DBE/Frame 0 - 1023
.f           IDLEG.fcpbundle/Idaho Reports/Render Files/Thumbnail Media/4B647ABC45599D35706F3915266E1DBE/Info.plist
.d           IDLEG.fcpbundle/Idaho Reports/Render Files/Thumbnail Media/5B01193E0EAA42030EB7205ADE8B88E4/
.f           IDLEG.fcpbundle/Idaho Reports/Render Files/Thumbnail Media/5B01193E0EAA42030EB7205ADE8B88E4/._Frame 0 - 1023
.f           IDLEG.fcpbundle/Idaho Reports/Render Files/Thumbnail Media/5B01193E0EAA42030EB7205ADE8B88E4/._Info.plist
.f           IDLEG.fcpbundle/Idaho Reports/Render Files/Thumbnail Media/5B01193E0EAA42030EB7205ADE8B88E4/Frame 0 - 1023
.f           IDLEG.fcpbundle/Idaho Reports/Render Files/Thumbnail Media/5B01193E0EAA42030EB7205ADE8B88E4/Info.plist
.d           IDLEG.fcpbundle/Idaho Reports/Render Files/Thumbnail Media/6019D24662E3838CCFDB35BBC4ED07FD/
.f           IDLEG.fcpbundle/Idaho Reports/Render Files/Thumbnail Media/6019D24662E3838CCFDB35BBC4ED07FD/._Frame 0 - 1023
.f           IDLEG.fcpbundle/Idaho Reports/Render Files/Thumbnail Media/6019D24662E3838CCFDB35BBC4ED07FD/._Info.plist
.f           IDLEG.fcpbundle/Idaho Reports/Render Files/Thumbnail Media/6019D24662E3838CCFDB35BBC4ED07FD/Frame 0 - 1023
.f           IDLEG.fcpbundle/Idaho Reports/Render Files/Thumbnail Media/6019D24662E3838CCFDB35BBC4ED07FD/Info.plist
.d           IDLEG.fcpbundle/Idaho Reports/Render Files/Thumbnail Media/632FF2A0ACDEB8F7F46521A1F7ACD628/
.f           IDLEG.fcpbundle/Idaho Reports/Render Files/Thumbnail Media/632FF2A0ACDEB8F7F46521A1F7ACD628/._Frame 18432 - 19455
.f           IDLEG.fcpbundle/Idaho Reports/Render Files/Thumbnail Media/632FF2A0ACDEB8F7F46521A1F7ACD628/._Info.plist
.f           IDLEG.fcpbundle/Idaho Reports/Render Files/Thumbnail Media/632FF2A0ACDEB8F7F46521A1F7ACD628/Frame 18432 - 19455
.f           IDLEG.fcpbundle/Idaho Reports/Render Files/Thumbnail Media/632FF2A0ACDEB8F7F46521A1F7ACD628/Info.plist
.d           IDLEG.fcpbundle/Idaho Reports/Render Files/Thumbnail Media/644E4E25023BDAC0DEBA989A51932704/
.f           IDLEG.fcpbundle/Idaho Reports/Render Files/Thumbnail Media/644E4E25023BDAC0DEBA989A51932704/._Frame 0 - 1023
.f           IDLEG.fcpbundle/Idaho Reports/Render Files/Thumbnail Media/644E4E25023BDAC0DEBA989A51932704/._Info.plist
.f           IDLEG.fcpbundle/Idaho Reports/Render Files/Thumbnail Media/644E4E25023BDAC0DEBA989A51932704/Frame 0 - 1023
.f           IDLEG.fcpbundle/Idaho Reports/Render Files/Thumbnail Media/644E4E25023BDAC0DEBA989A51932704/Info.plist
.d           IDLEG.fcpbundle/Idaho Reports/Render Files/Thumbnail Media/6F074EB6ED38D31E8214C7E05DA3D1BE/
.f           IDLEG.fcpbundle/Idaho Reports/Render Files/Thumbnail Media/6F074EB6ED38D31E8214C7E05DA3D1BE/._Frame 4096 - 5119
.f           IDLEG.fcpbundle/Idaho Reports/Render Files/Thumbnail Media/6F074EB6ED38D31E8214C7E05DA3D1BE/._Frame 6144 - 7167
.f           IDLEG.fcpbundle/Idaho Reports/Render Files/Thumbnail Media/6F074EB6ED38D31E8214C7E05DA3D1BE/._Info.plist
.f           IDLEG.fcpbundle/Idaho Reports/Render Files/Thumbnail Media/6F074EB6ED38D31E8214C7E05DA3D1BE/Frame 4096 - 5119
.f           IDLEG.fcpbundle/Idaho Reports/Render Files/Thumbnail Media/6F074EB6ED38D31E8214C7E05DA3D1BE/Frame 6144 - 7167
.f           IDLEG.fcpbundle/Idaho Reports/Render Files/Thumbnail Media/6F074EB6ED38D31E8214C7E05DA3D1BE/Info.plist
.d           IDLEG.fcpbundle/Idaho Reports/Render Files/Thumbnail Media/7FA6779F03FFD90E5A21461783450024/
.f           IDLEG.fcpbundle/Idaho Reports/Render Files/Thumbnail Media/7FA6779F03FFD90E5A21461783450024/._Frame 0 - 1023
.f           IDLEG.fcpbundle/Idaho Reports/Render Files/Thumbnail Media/7FA6779F03FFD90E5A21461783450024/._Info.plist
.f           IDLEG.fcpbundle/Idaho Reports/Render Files/Thumbnail Media/7FA6779F03FFD90E5A21461783450024/Frame 0 - 1023
.f           IDLEG.fcpbundle/Idaho Reports/Render Files/Thumbnail Media/7FA6779F03FFD90E5A21461783450024/Info.plist
.d           IDLEG.fcpbundle/Idaho Reports/Render Files/Thumbnail Media/85897E9B9E93C119DEE0EE9AF09A8163/
.f           IDLEG.fcpbundle/Idaho Reports/Render Files/Thumbnail Media/85897E9B9E93C119DEE0EE9AF09A8163/._Frame 0 - 1023
.f           IDLEG.fcpbundle/Idaho Reports/Render Files/Thumbnail Media/85897E9B9E93C119DEE0EE9AF09A8163/._Info.plist
.f           IDLEG.fcpbundle/Idaho Reports/Render Files/Thumbnail Media/85897E9B9E93C119DEE0EE9AF09A8163/Frame 0 - 1023
.f           IDLEG.fcpbundle/Idaho Reports/Render Files/Thumbnail Media/85897E9B9E93C119DEE0EE9AF09A8163/Info.plist
.d           IDLEG.fcpbundle/Idaho Reports/Render Files/Thumbnail Media/8C4933FC505DCA27AC6BFF8E2C4CFFB8/
.f           IDLEG.fcpbundle/Idaho Reports/Render Files/Thumbnail Media/8C4933FC505DCA27AC6BFF8E2C4CFFB8/._Frame 24576 - 25599
.f           IDLEG.fcpbundle/Idaho Reports/Render Files/Thumbnail Media/8C4933FC505DCA27AC6BFF8E2C4CFFB8/._Info.plist
.f           IDLEG.fcpbundle/Idaho Reports/Render Files/Thumbnail Media/8C4933FC505DCA27AC6BFF8E2C4CFFB8/Frame 24576 - 25599
.f           IDLEG.fcpbundle/Idaho Reports/Render Files/Thumbnail Media/8C4933FC505DCA27AC6BFF8E2C4CFFB8/Info.plist
.d           IDLEG.fcpbundle/Idaho Reports/Render Files/Thumbnail Media/8D1BA42F78F842E9C95FF1F19202C717/
.f           IDLEG.fcpbundle/Idaho Reports/Render Files/Thumbnail Media/8D1BA42F78F842E9C95FF1F19202C717/._Frame 10240 - 11263
.f           IDLEG.fcpbundle/Idaho Reports/Render Files/Thumbnail Media/8D1BA42F78F842E9C95FF1F19202C717/._Frame 11264 - 12287
.f           IDLEG.fcpbundle/Idaho Reports/Render Files/Thumbnail Media/8D1BA42F78F842E9C95FF1F19202C717/._Frame 18432 - 19455
.f           IDLEG.fcpbundle/Idaho Reports/Render Files/Thumbnail Media/8D1BA42F78F842E9C95FF1F19202C717/._Frame 25600 - 26623
.f           IDLEG.fcpbundle/Idaho Reports/Render Files/Thumbnail Media/8D1BA42F78F842E9C95FF1F19202C717/._Frame 6144 - 7167
.f           IDLEG.fcpbundle/Idaho Reports/Render Files/Thumbnail Media/8D1BA42F78F842E9C95FF1F19202C717/._Frame 9216 - 10239
.f           IDLEG.fcpbundle/Idaho Reports/Render Files/Thumbnail Media/8D1BA42F78F842E9C95FF1F19202C717/._Info.plist
.f           IDLEG.fcpbundle/Idaho Reports/Render Files/Thumbnail Media/8D1BA42F78F842E9C95FF1F19202C717/Frame 10240 - 11263
.f           IDLEG.fcpbundle/Idaho Reports/Render Files/Thumbnail Media/8D1BA42F78F842E9C95FF1F19202C717/Frame 11264 - 12287
.f           IDLEG.fcpbundle/Idaho Reports/Render Files/Thumbnail Media/8D1BA42F78F842E9C95FF1F19202C717/Frame 18432 - 19455
.f           IDLEG.fcpbundle/Idaho Reports/Render Files/Thumbnail Media/8D1BA42F78F842E9C95FF1F19202C717/Frame 25600 - 26623
.f           IDLEG.fcpbundle/Idaho Reports/Render Files/Thumbnail Media/8D1BA42F78F842E9C95FF1F19202C717/Frame 6144 - 7167
.f           IDLEG.fcpbundle/Idaho Reports/Render Files/Thumbnail Media/8D1BA42F78F842E9C95FF1F19202C717/Frame 9216 - 10239
.f           IDLEG.fcpbundle/Idaho Reports/Render Files/Thumbnail Media/8D1BA42F78F842E9C95FF1F19202C717/Info.plist
.d           IDLEG.fcpbundle/Idaho Reports/Render Files/Thumbnail Media/B1C7D70BDE3329166432C04DF37054FF/
.f           IDLEG.fcpbundle/Idaho Reports/Render Files/Thumbnail Media/B1C7D70BDE3329166432C04DF37054FF/._Frame 0 - 1023
.f           IDLEG.fcpbundle/Idaho Reports/Render Files/Thumbnail Media/B1C7D70BDE3329166432C04DF37054FF/._Frame 1024 - 2047
.f           IDLEG.fcpbundle/Idaho Reports/Render Files/Thumbnail Media/B1C7D70BDE3329166432C04DF37054FF/._Frame 10240 - 11263
.f           IDLEG.fcpbundle/Idaho Reports/Render Files/Thumbnail Media/B1C7D70BDE3329166432C04DF37054FF/._Frame 11264 - 12287
.f           IDLEG.fcpbundle/Idaho Reports/Render Files/Thumbnail Media/B1C7D70BDE3329166432C04DF37054FF/._Frame 12288 - 13311
.f           IDLEG.fcpbundle/Idaho Reports/Render Files/Thumbnail Media/B1C7D70BDE3329166432C04DF37054FF/._Frame 13312 - 14335
.f           IDLEG.fcpbundle/Idaho Reports/Render Files/Thumbnail Media/B1C7D70BDE3329166432C04DF37054FF/._Frame 14336 - 15359
.f           IDLEG.fcpbundle/Idaho Reports/Render Files/Thumbnail Media/B1C7D70BDE3329166432C04DF37054FF/._Frame 15360 - 16383
.f           IDLEG.fcpbundle/Idaho Reports/Render Files/Thumbnail Media/B1C7D70BDE3329166432C04DF37054FF/._Frame 16384 - 17407
.f           IDLEG.fcpbundle/Idaho Reports/Render Files/Thumbnail Media/B1C7D70BDE3329166432C04DF37054FF/._Frame 17408 - 18431
.f           IDLEG.fcpbundle/Idaho Reports/Render Files/Thumbnail Media/B1C7D70BDE3329166432C04DF37054FF/._Frame 18432 - 19455
.f           IDLEG.fcpbundle/Idaho Reports/Render Files/Thumbnail Media/B1C7D70BDE3329166432C04DF37054FF/._Frame 19456 - 20479
.f           IDLEG.fcpbundle/Idaho Reports/Render Files/Thumbnail Media/B1C7D70BDE3329166432C04DF37054FF/._Frame 2048 - 3071
.f           IDLEG.fcpbundle/Idaho Reports/Render Files/Thumbnail Media/B1C7D70BDE3329166432C04DF37054FF/._Frame 20480 - 21503
.f           IDLEG.fcpbundle/Idaho Reports/Render Files/Thumbnail Media/B1C7D70BDE3329166432C04DF37054FF/._Frame 21504 - 22527
.f           IDLEG.fcpbundle/Idaho Reports/Render Files/Thumbnail Media/B1C7D70BDE3329166432C04DF37054FF/._Frame 22528 - 23551
.f           IDLEG.fcpbundle/Idaho Reports/Render Files/Thumbnail Media/B1C7D70BDE3329166432C04DF37054FF/._Frame 23552 - 24575
.f           IDLEG.fcpbundle/Idaho Reports/Render Files/Thumbnail Media/B1C7D70BDE3329166432C04DF37054FF/._Frame 24576 - 25599
.f           IDLEG.fcpbundle/Idaho Reports/Render Files/Thumbnail Media/B1C7D70BDE3329166432C04DF37054FF/._Frame 25600 - 26623
.f           IDLEG.fcpbundle/Idaho Reports/Render Files/Thumbnail Media/B1C7D70BDE3329166432C04DF37054FF/._Frame 3072 - 4095
.f           IDLEG.fcpbundle/Idaho Reports/Render Files/Thumbnail Media/B1C7D70BDE3329166432C04DF37054FF/._Frame 4096 - 5119
.f           IDLEG.fcpbundle/Idaho Reports/Render Files/Thumbnail Media/B1C7D70BDE3329166432C04DF37054FF/._Frame 5120 - 6143
.f           IDLEG.fcpbundle/Idaho Reports/Render Files/Thumbnail Media/B1C7D70BDE3329166432C04DF37054FF/._Frame 6144 - 7167
.f           IDLEG.fcpbundle/Idaho Reports/Render Files/Thumbnail Media/B1C7D70BDE3329166432C04DF37054FF/._Frame 7168 - 8191
.f           IDLEG.fcpbundle/Idaho Reports/Render Files/Thumbnail Media/B1C7D70BDE3329166432C04DF37054FF/._Frame 8192 - 9215
.f           IDLEG.fcpbundle/Idaho Reports/Render Files/Thumbnail Media/B1C7D70BDE3329166432C04DF37054FF/._Frame 9216 - 10239
.f           IDLEG.fcpbundle/Idaho Reports/Render Files/Thumbnail Media/B1C7D70BDE3329166432C04DF37054FF/._Info.plist
.f           IDLEG.fcpbundle/Idaho Reports/Render Files/Thumbnail Media/B1C7D70BDE3329166432C04DF37054FF/Frame 0 - 1023
.f           IDLEG.fcpbundle/Idaho Reports/Render Files/Thumbnail Media/B1C7D70BDE3329166432C04DF37054FF/Frame 1024 - 2047
.f           IDLEG.fcpbundle/Idaho Reports/Render Files/Thumbnail Media/B1C7D70BDE3329166432C04DF37054FF/Frame 10240 - 11263
.f           IDLEG.fcpbundle/Idaho Reports/Render Files/Thumbnail Media/B1C7D70BDE3329166432C04DF37054FF/Frame 11264 - 12287
.f           IDLEG.fcpbundle/Idaho Reports/Render Files/Thumbnail Media/B1C7D70BDE3329166432C04DF37054FF/Frame 12288 - 13311
.f           IDLEG.fcpbundle/Idaho Reports/Render Files/Thumbnail Media/B1C7D70BDE3329166432C04DF37054FF/Frame 13312 - 14335
.f           IDLEG.fcpbundle/Idaho Reports/Render Files/Thumbnail Media/B1C7D70BDE3329166432C04DF37054FF/Frame 14336 - 15359
.f           IDLEG.fcpbundle/Idaho Reports/Render Files/Thumbnail Media/B1C7D70BDE3329166432C04DF37054FF/Frame 15360 - 16383
.f           IDLEG.fcpbundle/Idaho Reports/Render Files/Thumbnail Media/B1C7D70BDE3329166432C04DF37054FF/Frame 16384 - 17407
.f           IDLEG.fcpbundle/Idaho Reports/Render Files/Thumbnail Media/B1C7D70BDE3329166432C04DF37054FF/Frame 17408 - 18431
.f           IDLEG.fcpbundle/Idaho Reports/Render Files/Thumbnail Media/B1C7D70BDE3329166432C04DF37054FF/Frame 18432 - 19455
.f           IDLEG.fcpbundle/Idaho Reports/Render Files/Thumbnail Media/B1C7D70BDE3329166432C04DF37054FF/Frame 19456 - 20479
.f           IDLEG.fcpbundle/Idaho Reports/Render Files/Thumbnail Media/B1C7D70BDE3329166432C04DF37054FF/Frame 2048 - 3071
.f           IDLEG.fcpbundle/Idaho Reports/Render Files/Thumbnail Media/B1C7D70BDE3329166432C04DF37054FF/Frame 20480 - 21503
.f           IDLEG.fcpbundle/Idaho Reports/Render Files/Thumbnail Media/B1C7D70BDE3329166432C04DF37054FF/Frame 21504 - 22527
.f           IDLEG.fcpbundle/Idaho Reports/Render Files/Thumbnail Media/B1C7D70BDE3329166432C04DF37054FF/Frame 22528 - 23551
.f           IDLEG.fcpbundle/Idaho Reports/Render Files/Thumbnail Media/B1C7D70BDE3329166432C04DF37054FF/Frame 23552 - 24575
.f           IDLEG.fcpbundle/Idaho Reports/Render Files/Thumbnail Media/B1C7D70BDE3329166432C04DF37054FF/Frame 24576 - 25599
.f           IDLEG.fcpbundle/Idaho Reports/Render Files/Thumbnail Media/B1C7D70BDE3329166432C04DF37054FF/Frame 25600 - 26623
.f           IDLEG.fcpbundle/Idaho Reports/Render Files/Thumbnail Media/B1C7D70BDE3329166432C04DF37054FF/Frame 3072 - 4095
.f           IDLEG.fcpbundle/Idaho Reports/Render Files/Thumbnail Media/B1C7D70BDE3329166432C04DF37054FF/Frame 4096 - 5119
.f           IDLEG.fcpbundle/Idaho Reports/Render Files/Thumbnail Media/B1C7D70BDE3329166432C04DF37054FF/Frame 5120 - 6143
.f           IDLEG.fcpbundle/Idaho Reports/Render Files/Thumbnail Media/B1C7D70BDE3329166432C04DF37054FF/Frame 6144 - 7167
.f           IDLEG.fcpbundle/Idaho Reports/Render Files/Thumbnail Media/B1C7D70BDE3329166432C04DF37054FF/Frame 7168 - 8191
.f           IDLEG.fcpbundle/Idaho Reports/Render Files/Thumbnail Media/B1C7D70BDE3329166432C04DF37054FF/Frame 8192 - 9215
.f           IDLEG.fcpbundle/Idaho Reports/Render Files/Thumbnail Media/B1C7D70BDE3329166432C04DF37054FF/Frame 9216 - 10239
.f           IDLEG.fcpbundle/Idaho Reports/Render Files/Thumbnail Media/B1C7D70BDE3329166432C04DF37054FF/Info.plist
.d           IDLEG.fcpbundle/Idaho Reports/Render Files/Thumbnail Media/C7DAB7C41638619687B476656D270CC8/
.f           IDLEG.fcpbundle/Idaho Reports/Render Files/Thumbnail Media/C7DAB7C41638619687B476656D270CC8/._Frame 24576 - 25599
.f           IDLEG.fcpbundle/Idaho Reports/Render Files/Thumbnail Media/C7DAB7C41638619687B476656D270CC8/._Info.plist
.f           IDLEG.fcpbundle/Idaho Reports/Render Files/Thumbnail Media/C7DAB7C41638619687B476656D270CC8/Frame 24576 - 25599
.f           IDLEG.fcpbundle/Idaho Reports/Render Files/Thumbnail Media/C7DAB7C41638619687B476656D270CC8/Info.plist
.d           IDLEG.fcpbundle/Idaho Reports/Render Files/Thumbnail Media/D191D48327D3595FB08FA1CA9697389D/
.f           IDLEG.fcpbundle/Idaho Reports/Render Files/Thumbnail Media/D191D48327D3595FB08FA1CA9697389D/._Frame 0 - 1023
.f           IDLEG.fcpbundle/Idaho Reports/Render Files/Thumbnail Media/D191D48327D3595FB08FA1CA9697389D/._Info.plist
.f           IDLEG.fcpbundle/Idaho Reports/Render Files/Thumbnail Media/D191D48327D3595FB08FA1CA9697389D/Frame 0 - 1023
.f           IDLEG.fcpbundle/Idaho Reports/Render Files/Thumbnail Media/D191D48327D3595FB08FA1CA9697389D/Info.plist
.d           IDLEG.fcpbundle/Idaho Reports/Render Files/Thumbnail Media/DDAD2E5921943BFDD8309E5FC391766A/
.f           IDLEG.fcpbundle/Idaho Reports/Render Files/Thumbnail Media/DDAD2E5921943BFDD8309E5FC391766A/._Frame 28672 - 29695
.f           IDLEG.fcpbundle/Idaho Reports/Render Files/Thumbnail Media/DDAD2E5921943BFDD8309E5FC391766A/._Frame 9216 - 10239
.f           IDLEG.fcpbundle/Idaho Reports/Render Files/Thumbnail Media/DDAD2E5921943BFDD8309E5FC391766A/._Info.plist
.f           IDLEG.fcpbundle/Idaho Reports/Render Files/Thumbnail Media/DDAD2E5921943BFDD8309E5FC391766A/Frame 28672 - 29695
.f           IDLEG.fcpbundle/Idaho Reports/Render Files/Thumbnail Media/DDAD2E5921943BFDD8309E5FC391766A/Frame 9216 - 10239
.f           IDLEG.fcpbundle/Idaho Reports/Render Files/Thumbnail Media/DDAD2E5921943BFDD8309E5FC391766A/Info.plist
.d           IDLEG.fcpbundle/Idaho Reports/Render Files/Thumbnail Media/E0C52D912A142AD196164790BEECB8E8/
.f           IDLEG.fcpbundle/Idaho Reports/Render Files/Thumbnail Media/E0C52D912A142AD196164790BEECB8E8/._Frame 0 - 1023
.f           IDLEG.fcpbundle/Idaho Reports/Render Files/Thumbnail Media/E0C52D912A142AD196164790BEECB8E8/._Info.plist
.f           IDLEG.fcpbundle/Idaho Reports/Render Files/Thumbnail Media/E0C52D912A142AD196164790BEECB8E8/Frame 0 - 1023
.f           IDLEG.fcpbundle/Idaho Reports/Render Files/Thumbnail Media/E0C52D912A142AD196164790BEECB8E8/Info.plist
.d           IDLEG.fcpbundle/Idaho Reports/Render Files/Thumbnail Media/ECAA8024FA854B8A9C6D529534225D15/
.f           IDLEG.fcpbundle/Idaho Reports/Render Files/Thumbnail Media/ECAA8024FA854B8A9C6D529534225D15/._Frame 0 - 1023
.f           IDLEG.fcpbundle/Idaho Reports/Render Files/Thumbnail Media/ECAA8024FA854B8A9C6D529534225D15/._Info.plist
.f           IDLEG.fcpbundle/Idaho Reports/Render Files/Thumbnail Media/ECAA8024FA854B8A9C6D529534225D15/Frame 0 - 1023
.f           IDLEG.fcpbundle/Idaho Reports/Render Files/Thumbnail Media/ECAA8024FA854B8A9C6D529534225D15/Info.plist
.d           IDLEG.fcpbundle/Idaho Reports/Render Files/Thumbnail Media/F48FA0D0B789219DB5502D02A39DEBDA/
.f           IDLEG.fcpbundle/Idaho Reports/Render Files/Thumbnail Media/F48FA0D0B789219DB5502D02A39DEBDA/._Frame 0 - 1023
.f           IDLEG.fcpbundle/Idaho Reports/Render Files/Thumbnail Media/F48FA0D0B789219DB5502D02A39DEBDA/._Frame 1024 - 2047
.f           IDLEG.fcpbundle/Idaho Reports/Render Files/Thumbnail Media/F48FA0D0B789219DB5502D02A39DEBDA/._Frame 10240 - 11263
.f           IDLEG.fcpbundle/Idaho Reports/Render Files/Thumbnail Media/F48FA0D0B789219DB5502D02A39DEBDA/._Frame 11264 - 12287
.f           IDLEG.fcpbundle/Idaho Reports/Render Files/Thumbnail Media/F48FA0D0B789219DB5502D02A39DEBDA/._Frame 12288 - 13311
.f           IDLEG.fcpbundle/Idaho Reports/Render Files/Thumbnail Media/F48FA0D0B789219DB5502D02A39DEBDA/._Frame 13312 - 14335
.f           IDLEG.fcpbundle/Idaho Reports/Render Files/Thumbnail Media/F48FA0D0B789219DB5502D02A39DEBDA/._Frame 14336 - 15359
.f           IDLEG.fcpbundle/Idaho Reports/Render Files/Thumbnail Media/F48FA0D0B789219DB5502D02A39DEBDA/._Frame 15360 - 16383
.f           IDLEG.fcpbundle/Idaho Reports/Render Files/Thumbnail Media/F48FA0D0B789219DB5502D02A39DEBDA/._Frame 16384 - 17407
.f           IDLEG.fcpbundle/Idaho Reports/Render Files/Thumbnail Media/F48FA0D0B789219DB5502D02A39DEBDA/._Frame 17408 - 18431
.f           IDLEG.fcpbundle/Idaho Reports/Render Files/Thumbnail Media/F48FA0D0B789219DB5502D02A39DEBDA/._Frame 18432 - 19455
.f           IDLEG.fcpbundle/Idaho Reports/Render Files/Thumbnail Media/F48FA0D0B789219DB5502D02A39DEBDA/._Frame 19456 - 20479
.f           IDLEG.fcpbundle/Idaho Reports/Render Files/Thumbnail Media/F48FA0D0B789219DB5502D02A39DEBDA/._Frame 2048 - 3071
.f           IDLEG.fcpbundle/Idaho Reports/Render Files/Thumbnail Media/F48FA0D0B789219DB5502D02A39DEBDA/._Frame 20480 - 21503
.f           IDLEG.fcpbundle/Idaho Reports/Render Files/Thumbnail Media/F48FA0D0B789219DB5502D02A39DEBDA/._Frame 21504 - 22527
.f           IDLEG.fcpbundle/Idaho Reports/Render Files/Thumbnail Media/F48FA0D0B789219DB5502D02A39DEBDA/._Frame 22528 - 23551
.f           IDLEG.fcpbundle/Idaho Reports/Render Files/Thumbnail Media/F48FA0D0B789219DB5502D02A39DEBDA/._Frame 23552 - 24575
.f           IDLEG.fcpbundle/Idaho Reports/Render Files/Thumbnail Media/F48FA0D0B789219DB5502D02A39DEBDA/._Frame 24576 - 25599
.f           IDLEG.fcpbundle/Idaho Reports/Render Files/Thumbnail Media/F48FA0D0B789219DB5502D02A39DEBDA/._Frame 25600 - 26623
.f           IDLEG.fcpbundle/Idaho Reports/Render Files/Thumbnail Media/F48FA0D0B789219DB5502D02A39DEBDA/._Frame 26624 - 27647
.f           IDLEG.fcpbundle/Idaho Reports/Render Files/Thumbnail Media/F48FA0D0B789219DB5502D02A39DEBDA/._Frame 27648 - 28671
.f           IDLEG.fcpbundle/Idaho Reports/Render Files/Thumbnail Media/F48FA0D0B789219DB5502D02A39DEBDA/._Frame 28672 - 29695
.f           IDLEG.fcpbundle/Idaho Reports/Render Files/Thumbnail Media/F48FA0D0B789219DB5502D02A39DEBDA/._Frame 29696 - 30719
.f           IDLEG.fcpbundle/Idaho Reports/Render Files/Thumbnail Media/F48FA0D0B789219DB5502D02A39DEBDA/._Frame 3072 - 4095
.f           IDLEG.fcpbundle/Idaho Reports/Render Files/Thumbnail Media/F48FA0D0B789219DB5502D02A39DEBDA/._Frame 30720 - 31743
.f           IDLEG.fcpbundle/Idaho Reports/Render Files/Thumbnail Media/F48FA0D0B789219DB5502D02A39DEBDA/._Frame 31744 - 32767
.f           IDLEG.fcpbundle/Idaho Reports/Render Files/Thumbnail Media/F48FA0D0B789219DB5502D02A39DEBDA/._Frame 32768 - 33791
.f           IDLEG.fcpbundle/Idaho Reports/Render Files/Thumbnail Media/F48FA0D0B789219DB5502D02A39DEBDA/._Frame 33792 - 34815
.f           IDLEG.fcpbundle/Idaho Reports/Render Files/Thumbnail Media/F48FA0D0B789219DB5502D02A39DEBDA/._Frame 34816 - 35839
.f           IDLEG.fcpbundle/Idaho Reports/Render Files/Thumbnail Media/F48FA0D0B789219DB5502D02A39DEBDA/._Frame 35840 - 36863
.f           IDLEG.fcpbundle/Idaho Reports/Render Files/Thumbnail Media/F48FA0D0B789219DB5502D02A39DEBDA/._Frame 4096 - 5119
.f           IDLEG.fcpbundle/Idaho Reports/Render Files/Thumbnail Media/F48FA0D0B789219DB5502D02A39DEBDA/._Frame 5120 - 6143
.f           IDLEG.fcpbundle/Idaho Reports/Render Files/Thumbnail Media/F48FA0D0B789219DB5502D02A39DEBDA/._Frame 6144 - 7167
.f           IDLEG.fcpbundle/Idaho Reports/Render Files/Thumbnail Media/F48FA0D0B789219DB5502D02A39DEBDA/._Frame 7168 - 8191
.f           IDLEG.fcpbundle/Idaho Reports/Render Files/Thumbnail Media/F48FA0D0B789219DB5502D02A39DEBDA/._Frame 8192 - 9215
.f           IDLEG.fcpbundle/Idaho Reports/Render Files/Thumbnail Media/F48FA0D0B789219DB5502D02A39DEBDA/._Frame 9216 - 10239
.f           IDLEG.fcpbundle/Idaho Reports/Render Files/Thumbnail Media/F48FA0D0B789219DB5502D02A39DEBDA/._Info.plist
.f           IDLEG.fcpbundle/Idaho Reports/Render Files/Thumbnail Media/F48FA0D0B789219DB5502D02A39DEBDA/Frame 0 - 1023
.f           IDLEG.fcpbundle/Idaho Reports/Render Files/Thumbnail Media/F48FA0D0B789219DB5502D02A39DEBDA/Frame 1024 - 2047
.f           IDLEG.fcpbundle/Idaho Reports/Render Files/Thumbnail Media/F48FA0D0B789219DB5502D02A39DEBDA/Frame 10240 - 11263
.f           IDLEG.fcpbundle/Idaho Reports/Render Files/Thumbnail Media/F48FA0D0B789219DB5502D02A39DEBDA/Frame 11264 - 12287
.f           IDLEG.fcpbundle/Idaho Reports/Render Files/Thumbnail Media/F48FA0D0B789219DB5502D02A39DEBDA/Frame 12288 - 13311
.f           IDLEG.fcpbundle/Idaho Reports/Render Files/Thumbnail Media/F48FA0D0B789219DB5502D02A39DEBDA/Frame 13312 - 14335
.f           IDLEG.fcpbundle/Idaho Reports/Render Files/Thumbnail Media/F48FA0D0B789219DB5502D02A39DEBDA/Frame 14336 - 15359
.f           IDLEG.fcpbundle/Idaho Reports/Render Files/Thumbnail Media/F48FA0D0B789219DB5502D02A39DEBDA/Frame 15360 - 16383
.f           IDLEG.fcpbundle/Idaho Reports/Render Files/Thumbnail Media/F48FA0D0B789219DB5502D02A39DEBDA/Frame 16384 - 17407
.f           IDLEG.fcpbundle/Idaho Reports/Render Files/Thumbnail Media/F48FA0D0B789219DB5502D02A39DEBDA/Frame 17408 - 18431
.f           IDLEG.fcpbundle/Idaho Reports/Render Files/Thumbnail Media/F48FA0D0B789219DB5502D02A39DEBDA/Frame 18432 - 19455
.f           IDLEG.fcpbundle/Idaho Reports/Render Files/Thumbnail Media/F48FA0D0B789219DB5502D02A39DEBDA/Frame 19456 - 20479
.f           IDLEG.fcpbundle/Idaho Reports/Render Files/Thumbnail Media/F48FA0D0B789219DB5502D02A39DEBDA/Frame 2048 - 3071
.f           IDLEG.fcpbundle/Idaho Reports/Render Files/Thumbnail Media/F48FA0D0B789219DB5502D02A39DEBDA/Frame 20480 - 21503
.f           IDLEG.fcpbundle/Idaho Reports/Render Files/Thumbnail Media/F48FA0D0B789219DB5502D02A39DEBDA/Frame 21504 - 22527
.f           IDLEG.fcpbundle/Idaho Reports/Render Files/Thumbnail Media/F48FA0D0B789219DB5502D02A39DEBDA/Frame 22528 - 23551
.f           IDLEG.fcpbundle/Idaho Reports/Render Files/Thumbnail Media/F48FA0D0B789219DB5502D02A39DEBDA/Frame 23552 - 24575
.f           IDLEG.fcpbundle/Idaho Reports/Render Files/Thumbnail Media/F48FA0D0B789219DB5502D02A39DEBDA/Frame 24576 - 25599
.f           IDLEG.fcpbundle/Idaho Reports/Render Files/Thumbnail Media/F48FA0D0B789219DB5502D02A39DEBDA/Frame 25600 - 26623
.f           IDLEG.fcpbundle/Idaho Reports/Render Files/Thumbnail Media/F48FA0D0B789219DB5502D02A39DEBDA/Frame 26624 - 27647
.f           IDLEG.fcpbundle/Idaho Reports/Render Files/Thumbnail Media/F48FA0D0B789219DB5502D02A39DEBDA/Frame 27648 - 28671
.f           IDLEG.fcpbundle/Idaho Reports/Render Files/Thumbnail Media/F48FA0D0B789219DB5502D02A39DEBDA/Frame 28672 - 29695
.f           IDLEG.fcpbundle/Idaho Reports/Render Files/Thumbnail Media/F48FA0D0B789219DB5502D02A39DEBDA/Frame 29696 - 30719
.f           IDLEG.fcpbundle/Idaho Reports/Render Files/Thumbnail Media/F48FA0D0B789219DB5502D02A39DEBDA/Frame 3072 - 4095
.f           IDLEG.fcpbundle/Idaho Reports/Render Files/Thumbnail Media/F48FA0D0B789219DB5502D02A39DEBDA/Frame 30720 - 31743
.f           IDLEG.fcpbundle/Idaho Reports/Render Files/Thumbnail Media/F48FA0D0B789219DB5502D02A39DEBDA/Frame 31744 - 32767
.f           IDLEG.fcpbundle/Idaho Reports/Render Files/Thumbnail Media/F48FA0D0B789219DB5502D02A39DEBDA/Frame 32768 - 33791
.f           IDLEG.fcpbundle/Idaho Reports/Render Files/Thumbnail Media/F48FA0D0B789219DB5502D02A39DEBDA/Frame 33792 - 34815
.f           IDLEG.fcpbundle/Idaho Reports/Render Files/Thumbnail Media/F48FA0D0B789219DB5502D02A39DEBDA/Frame 34816 - 35839
.f           IDLEG.fcpbundle/Idaho Reports/Render Files/Thumbnail Media/F48FA0D0B789219DB5502D02A39DEBDA/Frame 35840 - 36863
.f           IDLEG.fcpbundle/Idaho Reports/Render Files/Thumbnail Media/F48FA0D0B789219DB5502D02A39DEBDA/Frame 4096 - 5119
.f           IDLEG.fcpbundle/Idaho Reports/Render Files/Thumbnail Media/F48FA0D0B789219DB5502D02A39DEBDA/Frame 5120 - 6143
.f           IDLEG.fcpbundle/Idaho Reports/Render Files/Thumbnail Media/F48FA0D0B789219DB5502D02A39DEBDA/Frame 6144 - 7167
.f           IDLEG.fcpbundle/Idaho Reports/Render Files/Thumbnail Media/F48FA0D0B789219DB5502D02A39DEBDA/Frame 7168 - 8191
.f           IDLEG.fcpbundle/Idaho Reports/Render Files/Thumbnail Media/F48FA0D0B789219DB5502D02A39DEBDA/Frame 8192 - 9215
.f           IDLEG.fcpbundle/Idaho Reports/Render Files/Thumbnail Media/F48FA0D0B789219DB5502D02A39DEBDA/Frame 9216 - 10239
.f           IDLEG.fcpbundle/Idaho Reports/Render Files/Thumbnail Media/F48FA0D0B789219DB5502D02A39DEBDA/Info.plist
.d           IDLEG.fcpbundle/Idaho Reports/Shared Items/
.f           IDLEG.fcpbundle/Idaho Reports/Shared Items/._R9DDzBm2QUWSea3l0ByPIA
.f           IDLEG.fcpbundle/Idaho Reports/Shared Items/._X6oWIxTsSZmQvaCBfQWLqg
.d           IDLEG.fcpbundle/Idaho Reports/Shared Items/R9DDzBm2QUWSea3l0ByPIA/
.f           IDLEG.fcpbundle/Idaho Reports/Shared Items/R9DDzBm2QUWSea3l0ByPIA/._ShareStatus.plist
.f           IDLEG.fcpbundle/Idaho Reports/Shared Items/R9DDzBm2QUWSea3l0ByPIA/ShareStatus.plist
.d           IDLEG.fcpbundle/Idaho Reports/Shared Items/X6oWIxTsSZmQvaCBfQWLqg/
.f           IDLEG.fcpbundle/Idaho Reports/Shared Items/X6oWIxTsSZmQvaCBfQWLqg/._ShareStatus.plist
.f           IDLEG.fcpbundle/Idaho Reports/Shared Items/X6oWIxTsSZmQvaCBfQWLqg/ShareStatus.plist
.d           IDLEG.fcpbundle/Motion Templates.localized/
.d           IDLEG.fcpbundle/Special Session 2020/
.f           IDLEG.fcpbundle/Special Session 2020/._CurrentVersion.fcpevent
.f           IDLEG.fcpbundle/Special Session 2020/._Day One podcast
.f           IDLEG.fcpbundle/Special Session 2020/._Day two podcast
.f           IDLEG.fcpbundle/Special Session 2020/._Original Media
.f           IDLEG.fcpbundle/Special Session 2020/._Render Files
.f           IDLEG.fcpbundle/Special Session 2020/._Shared Items
.f           IDLEG.fcpbundle/Special Session 2020/CurrentVersion.fcpevent
.d           IDLEG.fcpbundle/Special Session 2020/Day One podcast/
.f           IDLEG.fcpbundle/Special Session 2020/Day One podcast/._CurrentVersion.fcpevent
.f           IDLEG.fcpbundle/Special Session 2020/Day One podcast/CurrentVersion.fcpevent
.d           IDLEG.fcpbundle/Special Session 2020/Day two podcast/
.f           IDLEG.fcpbundle/Special Session 2020/Day two podcast/._CurrentVersion.fcpevent
.f           IDLEG.fcpbundle/Special Session 2020/Day two podcast/CurrentVersion.fcpevent
.d           IDLEG.fcpbundle/Special Session 2020/Original Media/
.f           IDLEG.fcpbundle/Special Session 2020/Original Media/._audio_only_16778242_Logan_Finney.m4a
.f           IDLEG.fcpbundle/Special Session 2020/Original Media/._audio_only_16779266_Melissa_Davlin.m4a
.f           IDLEG.fcpbundle/Special Session 2020/Original Media/._zoom_1.mp4
.f           IDLEG.fcpbundle/Special Session 2020/Original Media/audio_only_16778242_Logan_Finney.m4a
.f           IDLEG.fcpbundle/Special Session 2020/Original Media/audio_only_16779266_Melissa_Davlin.m4a
.f           IDLEG.fcpbundle/Special Session 2020/Original Media/zoom_1.mp4
.d           IDLEG.fcpbundle/Special Session 2020/Render Files/
.f           IDLEG.fcpbundle/Special Session 2020/Render Files/._High Quality Media
.f           IDLEG.fcpbundle/Special Session 2020/Render Files/._Peaks Data
.f           IDLEG.fcpbundle/Special Session 2020/Render Files/._Thumbnail Media
.d           IDLEG.fcpbundle/Special Session 2020/Render Files/High Quality Media/
.f           IDLEG.fcpbundle/Special Session 2020/Render Files/High Quality Media/._B52CDE3E10BF85585EFE4BC4F6F3B392
.d           IDLEG.fcpbundle/Special Session 2020/Render Files/High Quality Media/B52CDE3E10BF85585EFE4BC4F6F3B392/
.f           IDLEG.fcpbundle/Special Session 2020/Render Files/High Quality Media/B52CDE3E10BF85585EFE4BC4F6F3B392/._Frame 0 - 1023
.f           IDLEG.fcpbundle/Special Session 2020/Render Files/High Quality Media/B52CDE3E10BF85585EFE4BC4F6F3B392/._Info.plist
.f           IDLEG.fcpbundle/Special Session 2020/Render Files/High Quality Media/B52CDE3E10BF85585EFE4BC4F6F3B392/Frame 0 - 1023
.f           IDLEG.fcpbundle/Special Session 2020/Render Files/High Quality Media/B52CDE3E10BF85585EFE4BC4F6F3B392/Info.plist
.d           IDLEG.fcpbundle/Special Session 2020/Render Files/Peaks Data/
.f           IDLEG.fcpbundle/Special Session 2020/Render Files/Peaks Data/._04A55D9675A9564508015A2E011AFE0F
.f           IDLEG.fcpbundle/Special Session 2020/Render Files/Peaks Data/._5E36FD376B90E64AC23B48575FBDF33B
.f           IDLEG.fcpbundle/Special Session 2020/Render Files/Peaks Data/._7AC70DEB31A53DBC3DABAB6FF2C8805D
.f           IDLEG.fcpbundle/Special Session 2020/Render Files/Peaks Data/._915A27A012DC561D5B5A74FD0C03AE32
.f           IDLEG.fcpbundle/Special Session 2020/Render Files/Peaks Data/._98CB6DDB0D78A8FD6D80F5873B9E6A8D
.f           IDLEG.fcpbundle/Special Session 2020/Render Files/Peaks Data/._9BE3F305505BAF63CCB258F51DB2FD86
.f           IDLEG.fcpbundle/Special Session 2020/Render Files/Peaks Data/._A04FE0F6BE90C6855F8B766379EB404E
.f           IDLEG.fcpbundle/Special Session 2020/Render Files/Peaks Data/._E7B013787A9FED452208075A2D1912C4
.f           IDLEG.fcpbundle/Special Session 2020/Render Files/Peaks Data/._EB5CF3F8B2068D1E2F3583486E5F1489
.d           IDLEG.fcpbundle/Special Session 2020/Render Files/Peaks Data/04A55D9675A9564508015A2E011AFE0F/
.f           IDLEG.fcpbundle/Special Session 2020/Render Files/Peaks Data/04A55D9675A9564508015A2E011AFE0F/._Frame 0 - 1023
.f           IDLEG.fcpbundle/Special Session 2020/Render Files/Peaks Data/04A55D9675A9564508015A2E011AFE0F/._Info.plist
.f           IDLEG.fcpbundle/Special Session 2020/Render Files/Peaks Data/04A55D9675A9564508015A2E011AFE0F/Frame 0 - 1023
.f           IDLEG.fcpbundle/Special Session 2020/Render Files/Peaks Data/04A55D9675A9564508015A2E011AFE0F/Info.plist
.d           IDLEG.fcpbundle/Special Session 2020/Render Files/Peaks Data/5E36FD376B90E64AC23B48575FBDF33B/
.f           IDLEG.fcpbundle/Special Session 2020/Render Files/Peaks Data/5E36FD376B90E64AC23B48575FBDF33B/._Frame 0 - 1023
.f           IDLEG.fcpbundle/Special Session 2020/Render Files/Peaks Data/5E36FD376B90E64AC23B48575FBDF33B/._Info.plist
.f           IDLEG.fcpbundle/Special Session 2020/Render Files/Peaks Data/5E36FD376B90E64AC23B48575FBDF33B/Frame 0 - 1023
.f           IDLEG.fcpbundle/Special Session 2020/Render Files/Peaks Data/5E36FD376B90E64AC23B48575FBDF33B/Info.plist
.d           IDLEG.fcpbundle/Special Session 2020/Render Files/Peaks Data/7AC70DEB31A53DBC3DABAB6FF2C8805D/
.f           IDLEG.fcpbundle/Special Session 2020/Render Files/Peaks Data/7AC70DEB31A53DBC3DABAB6FF2C8805D/._Frame 0 - 1023
.f           IDLEG.fcpbundle/Special Session 2020/Render Files/Peaks Data/7AC70DEB31A53DBC3DABAB6FF2C8805D/._Info.plist
.f           IDLEG.fcpbundle/Special Session 2020/Render Files/Peaks Data/7AC70DEB31A53DBC3DABAB6FF2C8805D/Frame 0 - 1023
.f           IDLEG.fcpbundle/Special Session 2020/Render Files/Peaks Data/7AC70DEB31A53DBC3DABAB6FF2C8805D/Info.plist
.d           IDLEG.fcpbundle/Special Session 2020/Render Files/Peaks Data/915A27A012DC561D5B5A74FD0C03AE32/
.f           IDLEG.fcpbundle/Special Session 2020/Render Files/Peaks Data/915A27A012DC561D5B5A74FD0C03AE32/._Frame 0 - 1023
.f           IDLEG.fcpbundle/Special Session 2020/Render Files/Peaks Data/915A27A012DC561D5B5A74FD0C03AE32/._Info.plist
.f           IDLEG.fcpbundle/Special Session 2020/Render Files/Peaks Data/915A27A012DC561D5B5A74FD0C03AE32/Frame 0 - 1023
.f           IDLEG.fcpbundle/Special Session 2020/Render Files/Peaks Data/915A27A012DC561D5B5A74FD0C03AE32/Info.plist
.d           IDLEG.fcpbundle/Special Session 2020/Render Files/Peaks Data/98CB6DDB0D78A8FD6D80F5873B9E6A8D/
.f           IDLEG.fcpbundle/Special Session 2020/Render Files/Peaks Data/98CB6DDB0D78A8FD6D80F5873B9E6A8D/._Frame 0 - 1023
.f           IDLEG.fcpbundle/Special Session 2020/Render Files/Peaks Data/98CB6DDB0D78A8FD6D80F5873B9E6A8D/._Info.plist
.f           IDLEG.fcpbundle/Special Session 2020/Render Files/Peaks Data/98CB6DDB0D78A8FD6D80F5873B9E6A8D/Frame 0 - 1023
.f           IDLEG.fcpbundle/Special Session 2020/Render Files/Peaks Data/98CB6DDB0D78A8FD6D80F5873B9E6A8D/Info.plist
.d           IDLEG.fcpbundle/Special Session 2020/Render Files/Peaks Data/9BE3F305505BAF63CCB258F51DB2FD86/
.f           IDLEG.fcpbundle/Special Session 2020/Render Files/Peaks Data/9BE3F305505BAF63CCB258F51DB2FD86/._Frame 0 - 1023
.f           IDLEG.fcpbundle/Special Session 2020/Render Files/Peaks Data/9BE3F305505BAF63CCB258F51DB2FD86/._Info.plist
.f           IDLEG.fcpbundle/Special Session 2020/Render Files/Peaks Data/9BE3F305505BAF63CCB258F51DB2FD86/Frame 0 - 1023
.f           IDLEG.fcpbundle/Special Session 2020/Render Files/Peaks Data/9BE3F305505BAF63CCB258F51DB2FD86/Info.plist
.d           IDLEG.fcpbundle/Special Session 2020/Render Files/Peaks Data/A04FE0F6BE90C6855F8B766379EB404E/
.f           IDLEG.fcpbundle/Special Session 2020/Render Files/Peaks Data/A04FE0F6BE90C6855F8B766379EB404E/._Frame 0 - 1023
.f           IDLEG.fcpbundle/Special Session 2020/Render Files/Peaks Data/A04FE0F6BE90C6855F8B766379EB404E/._Info.plist
.f           IDLEG.fcpbundle/Special Session 2020/Render Files/Peaks Data/A04FE0F6BE90C6855F8B766379EB404E/Frame 0 - 1023
.f           IDLEG.fcpbundle/Special Session 2020/Render Files/Peaks Data/A04FE0F6BE90C6855F8B766379EB404E/Info.plist
.d           IDLEG.fcpbundle/Special Session 2020/Render Files/Peaks Data/E7B013787A9FED452208075A2D1912C4/
.f           IDLEG.fcpbundle/Special Session 2020/Render Files/Peaks Data/E7B013787A9FED452208075A2D1912C4/._Frame 0 - 1023
.f           IDLEG.fcpbundle/Special Session 2020/Render Files/Peaks Data/E7B013787A9FED452208075A2D1912C4/._Info.plist
.f           IDLEG.fcpbundle/Special Session 2020/Render Files/Peaks Data/E7B013787A9FED452208075A2D1912C4/Frame 0 - 1023
.f           IDLEG.fcpbundle/Special Session 2020/Render Files/Peaks Data/E7B013787A9FED452208075A2D1912C4/Info.plist
.d           IDLEG.fcpbundle/Special Session 2020/Render Files/Peaks Data/EB5CF3F8B2068D1E2F3583486E5F1489/
.f           IDLEG.fcpbundle/Special Session 2020/Render Files/Peaks Data/EB5CF3F8B2068D1E2F3583486E5F1489/._Frame 0 - 1023
.f           IDLEG.fcpbundle/Special Session 2020/Render Files/Peaks Data/EB5CF3F8B2068D1E2F3583486E5F1489/._Info.plist
.f           IDLEG.fcpbundle/Special Session 2020/Render Files/Peaks Data/EB5CF3F8B2068D1E2F3583486E5F1489/Frame 0 - 1023
.f           IDLEG.fcpbundle/Special Session 2020/Render Files/Peaks Data/EB5CF3F8B2068D1E2F3583486E5F1489/Info.plist
.d           IDLEG.fcpbundle/Special Session 2020/Render Files/Thumbnail Media/
.f           IDLEG.fcpbundle/Special Session 2020/Render Files/Thumbnail Media/._3760FB6075AFAF19CCBD58FF8A825AC5
.f           IDLEG.fcpbundle/Special Session 2020/Render Files/Thumbnail Media/._7F2EC1F7E877CACA3EAE01613FFC89EF
.f           IDLEG.fcpbundle/Special Session 2020/Render Files/Thumbnail Media/._C660E14F197F44CC9A2C63C10580A19B
.d           IDLEG.fcpbundle/Special Session 2020/Render Files/Thumbnail Media/3760FB6075AFAF19CCBD58FF8A825AC5/
.f           IDLEG.fcpbundle/Special Session 2020/Render Files/Thumbnail Media/3760FB6075AFAF19CCBD58FF8A825AC5/._Frame 0 - 1023
.f           IDLEG.fcpbundle/Special Session 2020/Render Files/Thumbnail Media/3760FB6075AFAF19CCBD58FF8A825AC5/._Info.plist
.f           IDLEG.fcpbundle/Special Session 2020/Render Files/Thumbnail Media/3760FB6075AFAF19CCBD58FF8A825AC5/Frame 0 - 1023
.f           IDLEG.fcpbundle/Special Session 2020/Render Files/Thumbnail Media/3760FB6075AFAF19CCBD58FF8A825AC5/Info.plist
.d           IDLEG.fcpbundle/Special Session 2020/Render Files/Thumbnail Media/7F2EC1F7E877CACA3EAE01613FFC89EF/
.f           IDLEG.fcpbundle/Special Session 2020/Render Files/Thumbnail Media/7F2EC1F7E877CACA3EAE01613FFC89EF/._Frame 0 - 1023
.f           IDLEG.fcpbundle/Special Session 2020/Render Files/Thumbnail Media/7F2EC1F7E877CACA3EAE01613FFC89EF/._Info.plist
.f           IDLEG.fcpbundle/Special Session 2020/Render Files/Thumbnail Media/7F2EC1F7E877CACA3EAE01613FFC89EF/Frame 0 - 1023
.f           IDLEG.fcpbundle/Special Session 2020/Render Files/Thumbnail Media/7F2EC1F7E877CACA3EAE01613FFC89EF/Info.plist
.d           IDLEG.fcpbundle/Special Session 2020/Render Files/Thumbnail Media/C660E14F197F44CC9A2C63C10580A19B/
.f           IDLEG.fcpbundle/Special Session 2020/Render Files/Thumbnail Media/C660E14F197F44CC9A2C63C10580A19B/._Frame 0 - 1023
.f           IDLEG.fcpbundle/Special Session 2020/Render Files/Thumbnail Media/C660E14F197F44CC9A2C63C10580A19B/._Frame 1024 - 2047
.f           IDLEG.fcpbundle/Special Session 2020/Render Files/Thumbnail Media/C660E14F197F44CC9A2C63C10580A19B/._Frame 10240 - 11263
.f           IDLEG.fcpbundle/Special Session 2020/Render Files/Thumbnail Media/C660E14F197F44CC9A2C63C10580A19B/._Frame 11264 - 12287
.f           IDLEG.fcpbundle/Special Session 2020/Render Files/Thumbnail Media/C660E14F197F44CC9A2C63C10580A19B/._Frame 12288 - 13311
.f           IDLEG.fcpbundle/Special Session 2020/Render Files/Thumbnail Media/C660E14F197F44CC9A2C63C10580A19B/._Frame 13312 - 14335
.f           IDLEG.fcpbundle/Special Session 2020/Render Files/Thumbnail Media/C660E14F197F44CC9A2C63C10580A19B/._Frame 14336 - 15359
.f           IDLEG.fcpbundle/Special Session 2020/Render Files/Thumbnail Media/C660E14F197F44CC9A2C63C10580A19B/._Frame 15360 - 16383
.f           IDLEG.fcpbundle/Special Session 2020/Render Files/Thumbnail Media/C660E14F197F44CC9A2C63C10580A19B/._Frame 16384 - 17407
.f           IDLEG.fcpbundle/Special Session 2020/Render Files/Thumbnail Media/C660E14F197F44CC9A2C63C10580A19B/._Frame 17408 - 18431
.f           IDLEG.fcpbundle/Special Session 2020/Render Files/Thumbnail Media/C660E14F197F44CC9A2C63C10580A19B/._Frame 2048 - 3071
.f           IDLEG.fcpbundle/Special Session 2020/Render Files/Thumbnail Media/C660E14F197F44CC9A2C63C10580A19B/._Frame 3072 - 4095
.f           IDLEG.fcpbundle/Special Session 2020/Render Files/Thumbnail Media/C660E14F197F44CC9A2C63C10580A19B/._Frame 4096 - 5119
.f           IDLEG.fcpbundle/Special Session 2020/Render Files/Thumbnail Media/C660E14F197F44CC9A2C63C10580A19B/._Frame 5120 - 6143
.f           IDLEG.fcpbundle/Special Session 2020/Render Files/Thumbnail Media/C660E14F197F44CC9A2C63C10580A19B/._Frame 6144 - 7167
.f           IDLEG.fcpbundle/Special Session 2020/Render Files/Thumbnail Media/C660E14F197F44CC9A2C63C10580A19B/._Frame 7168 - 8191
.f           IDLEG.fcpbundle/Special Session 2020/Render Files/Thumbnail Media/C660E14F197F44CC9A2C63C10580A19B/._Frame 8192 - 9215
.f           IDLEG.fcpbundle/Special Session 2020/Render Files/Thumbnail Media/C660E14F197F44CC9A2C63C10580A19B/._Frame 9216 - 10239
.f           IDLEG.fcpbundle/Special Session 2020/Render Files/Thumbnail Media/C660E14F197F44CC9A2C63C10580A19B/._Info.plist
.f           IDLEG.fcpbundle/Special Session 2020/Render Files/Thumbnail Media/C660E14F197F44CC9A2C63C10580A19B/Frame 0 - 1023
.f           IDLEG.fcpbundle/Special Session 2020/Render Files/Thumbnail Media/C660E14F197F44CC9A2C63C10580A19B/Frame 1024 - 2047
.f           IDLEG.fcpbundle/Special Session 2020/Render Files/Thumbnail Media/C660E14F197F44CC9A2C63C10580A19B/Frame 10240 - 11263
.f           IDLEG.fcpbundle/Special Session 2020/Render Files/Thumbnail Media/C660E14F197F44CC9A2C63C10580A19B/Frame 11264 - 12287
.f           IDLEG.fcpbundle/Special Session 2020/Render Files/Thumbnail Media/C660E14F197F44CC9A2C63C10580A19B/Frame 12288 - 13311
.f           IDLEG.fcpbundle/Special Session 2020/Render Files/Thumbnail Media/C660E14F197F44CC9A2C63C10580A19B/Frame 13312 - 14335
.f           IDLEG.fcpbundle/Special Session 2020/Render Files/Thumbnail Media/C660E14F197F44CC9A2C63C10580A19B/Frame 14336 - 15359
.f           IDLEG.fcpbundle/Special Session 2020/Render Files/Thumbnail Media/C660E14F197F44CC9A2C63C10580A19B/Frame 15360 - 16383
.f           IDLEG.fcpbundle/Special Session 2020/Render Files/Thumbnail Media/C660E14F197F44CC9A2C63C10580A19B/Frame 16384 - 17407
.f           IDLEG.fcpbundle/Special Session 2020/Render Files/Thumbnail Media/C660E14F197F44CC9A2C63C10580A19B/Frame 17408 - 18431
.f           IDLEG.fcpbundle/Special Session 2020/Render Files/Thumbnail Media/C660E14F197F44CC9A2C63C10580A19B/Frame 2048 - 3071
.f           IDLEG.fcpbundle/Special Session 2020/Render Files/Thumbnail Media/C660E14F197F44CC9A2C63C10580A19B/Frame 3072 - 4095
.f           IDLEG.fcpbundle/Special Session 2020/Render Files/Thumbnail Media/C660E14F197F44CC9A2C63C10580A19B/Frame 4096 - 5119
.f           IDLEG.fcpbundle/Special Session 2020/Render Files/Thumbnail Media/C660E14F197F44CC9A2C63C10580A19B/Frame 5120 - 6143
.f           IDLEG.fcpbundle/Special Session 2020/Render Files/Thumbnail Media/C660E14F197F44CC9A2C63C10580A19B/Frame 6144 - 7167
.f           IDLEG.fcpbundle/Special Session 2020/Render Files/Thumbnail Media/C660E14F197F44CC9A2C63C10580A19B/Frame 7168 - 8191
.f           IDLEG.fcpbundle/Special Session 2020/Render Files/Thumbnail Media/C660E14F197F44CC9A2C63C10580A19B/Frame 8192 - 9215
.f           IDLEG.fcpbundle/Special Session 2020/Render Files/Thumbnail Media/C660E14F197F44CC9A2C63C10580A19B/Frame 9216 - 10239
.f           IDLEG.fcpbundle/Special Session 2020/Render Files/Thumbnail Media/C660E14F197F44CC9A2C63C10580A19B/Info.plist
.d           IDLEG.fcpbundle/Special Session 2020/Shared Items/
.f           IDLEG.fcpbundle/Special Session 2020/Shared Items/._iVHx97IBQu6nAnGZ-jygbg
.f           IDLEG.fcpbundle/Special Session 2020/Shared Items/._te7C0a5mR96PPyq1uPG9vw
.d           IDLEG.fcpbundle/Special Session 2020/Shared Items/iVHx97IBQu6nAnGZ-jygbg/
.f           IDLEG.fcpbundle/Special Session 2020/Shared Items/iVHx97IBQu6nAnGZ-jygbg/._ShareStatus.plist
.f           IDLEG.fcpbundle/Special Session 2020/Shared Items/iVHx97IBQu6nAnGZ-jygbg/ShareStatus.plist
.d           IDLEG.fcpbundle/Special Session 2020/Shared Items/te7C0a5mR96PPyq1uPG9vw/
.f           IDLEG.fcpbundle/Special Session 2020/Shared Items/te7C0a5mR96PPyq1uPG9vw/._ShareStatus.plist
.f           IDLEG.fcpbundle/Special Session 2020/Shared Items/te7C0a5mR96PPyq1uPG9vw/ShareStatus.plist
.d           IDLEG.fcpbundle/Stage-3/
.f           IDLEG.fcpbundle/Stage-3/._CurrentVersion.fcpevent
.f           IDLEG.fcpbundle/Stage-3/._Dr. Hahn
.f           IDLEG.fcpbundle/Stage-3/._Original Media
.f           IDLEG.fcpbundle/Stage-3/._Render Files
.f           IDLEG.fcpbundle/Stage-3/._Shared Items
.f           IDLEG.fcpbundle/Stage-3/CurrentVersion.fcpevent
.d           IDLEG.fcpbundle/Stage-3/Dr. Hahn/
.f           IDLEG.fcpbundle/Stage-3/Dr. Hahn/._CurrentVersion.fcpevent
.f           IDLEG.fcpbundle/Stage-3/Dr. Hahn/CurrentVersion.fcpevent
.d           IDLEG.fcpbundle/Stage-3/Original Media/
.f           IDLEG.fcpbundle/Stage-3/Original Media/._1 syndromic data.png
.f           IDLEG.fcpbundle/Stage-3/Original Media/._2 epidemiologic data.png
.f           IDLEG.fcpbundle/Stage-3/Original Media/._3 healthcare data.png
.f           IDLEG.fcpbundle/Stage-3/Original Media/._4 healthcare data.png
.f           IDLEG.fcpbundle/Stage-3/Original Media/._Flattening-the-curve-of-COVID-19.jpg
.f           IDLEG.fcpbundle/Stage-3/Original Media/._Hahn-solo.mp4
.f           IDLEG.fcpbundle/Stage-3/Original Media/._Stage-3.jpeg
.f           IDLEG.fcpbundle/Stage-3/Original Media/1 syndromic data.png
.f           IDLEG.fcpbundle/Stage-3/Original Media/2 epidemiologic data.png
.f           IDLEG.fcpbundle/Stage-3/Original Media/3 healthcare data.png
.f           IDLEG.fcpbundle/Stage-3/Original Media/4 healthcare data.png
.f           IDLEG.fcpbundle/Stage-3/Original Media/Flattening-the-curve-of-COVID-19.jpg
.f           IDLEG.fcpbundle/Stage-3/Original Media/Hahn-solo.mp4
.f           IDLEG.fcpbundle/Stage-3/Original Media/Stage-3.jpeg
.d           IDLEG.fcpbundle/Stage-3/Render Files/
.f           IDLEG.fcpbundle/Stage-3/Render Files/._High Quality Media
.f           IDLEG.fcpbundle/Stage-3/Render Files/._Peaks Data
.f           IDLEG.fcpbundle/Stage-3/Render Files/._Thumbnail Media
.d           IDLEG.fcpbundle/Stage-3/Render Files/High Quality Media/
.f           IDLEG.fcpbundle/Stage-3/Render Files/High Quality Media/._013157AFF653BE845E3F3B7FA0C780CE
.f           IDLEG.fcpbundle/Stage-3/Render Files/High Quality Media/._016E27631DE7866111A4615E3EF1B2AF
.f           IDLEG.fcpbundle/Stage-3/Render Files/High Quality Media/._01A87391289204C35B485D5FCA024EB1
.f           IDLEG.fcpbundle/Stage-3/Render Files/High Quality Media/._021DF2D0BDD91B1A3847C47B55CD92DF
.f           IDLEG.fcpbundle/Stage-3/Render Files/High Quality Media/._042682C8C9BBD5675320561A70023E43
.f           IDLEG.fcpbundle/Stage-3/Render Files/High Quality Media/._04C5F67270F94CC8D9C46FACC9437C6A
.f           IDLEG.fcpbundle/Stage-3/Render Files/High Quality Media/._05E425DCCC08DCC59B26C3CCC5811B4A
.f           IDLEG.fcpbundle/Stage-3/Render Files/High Quality Media/._070C49F027130401E03559B9E8F08235
.f           IDLEG.fcpbundle/Stage-3/Render Files/High Quality Media/._08F862512B6BE95F8F3E49A25E093F60
.f           IDLEG.fcpbundle/Stage-3/Render Files/High Quality Media/._09BC35BF71688E61A832834A2EA3E19D
.f           IDLEG.fcpbundle/Stage-3/Render Files/High Quality Media/._0A0CADA79FD12263F6B2E251F8574767
.f           IDLEG.fcpbundle/Stage-3/Render Files/High Quality Media/._0A3142858B6B58E5B54B2460AA18AF86
.f           IDLEG.fcpbundle/Stage-3/Render Files/High Quality Media/._0EB179A9A53A9D69C76B08C52D34AF1E
.f           IDLEG.fcpbundle/Stage-3/Render Files/High Quality Media/._11404A4ADE32844CF2C3F9614D7AD2C6
.f           IDLEG.fcpbundle/Stage-3/Render Files/High Quality Media/._143F739203025928A87899A1D38A1744
.f           IDLEG.fcpbundle/Stage-3/Render Files/High Quality Media/._144B5C3C470D85E4B45FA881306EBA4C
.f           IDLEG.fcpbundle/Stage-3/Render Files/High Quality Media/._16232770D59177189A108560C307EC7C
.f           IDLEG.fcpbundle/Stage-3/Render Files/High Quality Media/._16B3DE308A8A9401FECD469C3AEDB33D
.f           IDLEG.fcpbundle/Stage-3/Render Files/High Quality Media/._1897A222708F8166334EF0EF75486477
.f           IDLEG.fcpbundle/Stage-3/Render Files/High Quality Media/._196CE87E23164602552567EA0E0957F2
.f           IDLEG.fcpbundle/Stage-3/Render Files/High Quality Media/._1BAFFDDCD49B601A69C090E55F7817B6
.f           IDLEG.fcpbundle/Stage-3/Render Files/High Quality Media/._1D9E74890F0A3012A23650234E43CDB1
.f           IDLEG.fcpbundle/Stage-3/Render Files/High Quality Media/._1E5B9887B2EE5951DB6F490703997F20
.f           IDLEG.fcpbundle/Stage-3/Render Files/High Quality Media/._20E5857B1A4E502276B519E9567DBF0B
.f           IDLEG.fcpbundle/Stage-3/Render Files/High Quality Media/._21130E7A99DF39CCB8D522C1C2C823D9
.f           IDLEG.fcpbundle/Stage-3/Render Files/High Quality Media/._240428CB6FCE1B98379CD19E38E4D8EB
.f           IDLEG.fcpbundle/Stage-3/Render Files/High Quality Media/._27B2B94256058CCAEF9AB43A83B60196
.f           IDLEG.fcpbundle/Stage-3/Render Files/High Quality Media/._2A1C4C69523A9CE6342F8C79D8C4AEA3
.f           IDLEG.fcpbundle/Stage-3/Render Files/High Quality Media/._304EB2E7F8DCDA8666CD1EC723FAD15D
.f           IDLEG.fcpbundle/Stage-3/Render Files/High Quality Media/._3239EAEF9AAEF8BADDFA199F52CBE162
.f           IDLEG.fcpbundle/Stage-3/Render Files/High Quality Media/._3248A0A9185792E68337FFF0FCB226DD
.f           IDLEG.fcpbundle/Stage-3/Render Files/High Quality Media/._32EA399A7EE3975CADE4EC0F7A366001
.f           IDLEG.fcpbundle/Stage-3/Render Files/High Quality Media/._36610A411F774EB672E24A12AEE93337
.f           IDLEG.fcpbundle/Stage-3/Render Files/High Quality Media/._3899FF953F0B6D74FC1A3632F8B928D6
.f           IDLEG.fcpbundle/Stage-3/Render Files/High Quality Media/._3A66A586CAD251FDE40AD1F15A4DC8F0
.f           IDLEG.fcpbundle/Stage-3/Render Files/High Quality Media/._3A8E89D1289A6E3C0ADE9B5D2FE49ED1
.f           IDLEG.fcpbundle/Stage-3/Render Files/High Quality Media/._3CBC88FC67112E5834FDDB56F4F2FAC3
.f           IDLEG.fcpbundle/Stage-3/Render Files/High Quality Media/._455FCAC55285B3F5108D42CD3C166BE4
.f           IDLEG.fcpbundle/Stage-3/Render Files/High Quality Media/._46401650BAEC71CECFFDE47D4E59EAB0
.f           IDLEG.fcpbundle/Stage-3/Render Files/High Quality Media/._464C7D2910AFB60E2FD28C2CAE82B27F
.f           IDLEG.fcpbundle/Stage-3/Render Files/High Quality Media/._48C2AC9932C9281821C4D090AED1C391
.f           IDLEG.fcpbundle/Stage-3/Render Files/High Quality Media/._4A55E9FD68DB4EEB7E9F020107C13873
.f           IDLEG.fcpbundle/Stage-3/Render Files/High Quality Media/._4F44C343771B89E0CFD29B7CDC2BCB94
.f           IDLEG.fcpbundle/Stage-3/Render Files/High Quality Media/._501C3FFD98B00CB373EF206388B71E6F
.f           IDLEG.fcpbundle/Stage-3/Render Files/High Quality Media/._51977057DAB574D67F28062A7BF54468
.f           IDLEG.fcpbundle/Stage-3/Render Files/High Quality Media/._5C8C1B1C5148DA758A9FD4A414467081
.f           IDLEG.fcpbundle/Stage-3/Render Files/High Quality Media/._5D68CA38CAEEFDFBC9947DBDFD0A2973
.f           IDLEG.fcpbundle/Stage-3/Render Files/High Quality Media/._5D7B62593047CC11BCF454832354AD9C
.f           IDLEG.fcpbundle/Stage-3/Render Files/High Quality Media/._64239F620A9CE09CB5B9E15FF3F546F5
.f           IDLEG.fcpbundle/Stage-3/Render Files/High Quality Media/._6D2AE3C80E88AB3CF736879CD31FCE61
.f           IDLEG.fcpbundle/Stage-3/Render Files/High Quality Media/._70E3E45AC7B25F461DA52F3EA11EF7FD
.f           IDLEG.fcpbundle/Stage-3/Render Files/High Quality Media/._7235E88C6F8D67FDE9F1088C515F5BA1
.f           IDLEG.fcpbundle/Stage-3/Render Files/High Quality Media/._7270669724D61450980F9426F51D4D3D
.f           IDLEG.fcpbundle/Stage-3/Render Files/High Quality Media/._765CCCA9677992CF8A2AB801DE2F00C3
.f           IDLEG.fcpbundle/Stage-3/Render Files/High Quality Media/._76D2E0BC6AC22C1BC87282A1146F2462
.f           IDLEG.fcpbundle/Stage-3/Render Files/High Quality Media/._78724C77C9F3C5F62AABF505619F0939
.f           IDLEG.fcpbundle/Stage-3/Render Files/High Quality Media/._79002077B764D7099676A0F0F75F94FC
.f           IDLEG.fcpbundle/Stage-3/Render Files/High Quality Media/._7F2EEC2CFD172687C62F4F72ACBBBC8D
.f           IDLEG.fcpbundle/Stage-3/Render Files/High Quality Media/._7F3A260D83F8209A39EF4E8407AA76E3
.f           IDLEG.fcpbundle/Stage-3/Render Files/High Quality Media/._804D3B9DC1C4A1298091B07E000AD4EF
.f           IDLEG.fcpbundle/Stage-3/Render Files/High Quality Media/._8255F2FCD572645870C5B4373370F678
.f           IDLEG.fcpbundle/Stage-3/Render Files/High Quality Media/._82E3998382FDBC638A6AEA6620421CA7
.f           IDLEG.fcpbundle/Stage-3/Render Files/High Quality Media/._82F4CB32FF2EB7A6AF8C839E1A334CFC
.f           IDLEG.fcpbundle/Stage-3/Render Files/High Quality Media/._83CED7745775BC0DCEC131C91C47BCB6
.f           IDLEG.fcpbundle/Stage-3/Render Files/High Quality Media/._84BB398DAC4D127498A38489F362C64E
.f           IDLEG.fcpbundle/Stage-3/Render Files/High Quality Media/._88FBD00A9BEA9210AB54FCDC18319E1C
.f           IDLEG.fcpbundle/Stage-3/Render Files/High Quality Media/._8AB0325DFCEEC1614BA0EF6B6330A981
.f           IDLEG.fcpbundle/Stage-3/Render Files/High Quality Media/._8B0CABACF613507F2816C7CDAA3FD049
.f           IDLEG.fcpbundle/Stage-3/Render Files/High Quality Media/._8CA907AE2E57DA37FCECC744D7817624
.f           IDLEG.fcpbundle/Stage-3/Render Files/High Quality Media/._90601C060874F81CB7FE84C759A9F29E
.f           IDLEG.fcpbundle/Stage-3/Render Files/High Quality Media/._906B9A39974BA9795C9F962A3A6F41F2
.f           IDLEG.fcpbundle/Stage-3/Render Files/High Quality Media/._915E9EF87E1CAEC061F3D2E9BEC7305B
.f           IDLEG.fcpbundle/Stage-3/Render Files/High Quality Media/._91F2651FFDFD1074688DA5F7B1F74CD9
.f           IDLEG.fcpbundle/Stage-3/Render Files/High Quality Media/._93A306A9E85B3C9D3FBFEAF3D4FC09A0
.f           IDLEG.fcpbundle/Stage-3/Render Files/High Quality Media/._955922BC3A6544A76BD6712A00F89E77
.f           IDLEG.fcpbundle/Stage-3/Render Files/High Quality Media/._95D053CE32AE5D9E09A8224B2467EAFE
.f           IDLEG.fcpbundle/Stage-3/Render Files/High Quality Media/._97FD0CE6ABEE547B277E0BB716BD7F1B
.f           IDLEG.fcpbundle/Stage-3/Render Files/High Quality Media/._9A1F32BD5AFBA2A3B3A3745378893AD5
.f           IDLEG.fcpbundle/Stage-3/Render Files/High Quality Media/._9C267409E47C202F413900672AA38DB1
.f           IDLEG.fcpbundle/Stage-3/Render Files/High Quality Media/._9C39477896C9BEFAC35553BA2993461F
.f           IDLEG.fcpbundle/Stage-3/Render Files/High Quality Media/._9FD789D92CA36ED283DF36C777577B59
.f           IDLEG.fcpbundle/Stage-3/Render Files/High Quality Media/._A25B203F77E86F298332BEE519EF755B
.f           IDLEG.fcpbundle/Stage-3/Render Files/High Quality Media/._A39ACAC6455F92397AF67D6FA75234FB
.f           IDLEG.fcpbundle/Stage-3/Render Files/High Quality Media/._A4C2803D9AA1D5AA9E6417CA4AFEA9AB
.f           IDLEG.fcpbundle/Stage-3/Render Files/High Quality Media/._A640B01C0D49DABFD425C4B0458B9E2D
.f           IDLEG.fcpbundle/Stage-3/Render Files/High Quality Media/._A779708AAD859BA58CFA4F6E00F9E569
.f           IDLEG.fcpbundle/Stage-3/Render Files/High Quality Media/._A7AF05F0C543EB6933585B795CFCCD36
.f           IDLEG.fcpbundle/Stage-3/Render Files/High Quality Media/._AAAA0A79F90B6DA63CD4B179F3E813BA
.f           IDLEG.fcpbundle/Stage-3/Render Files/High Quality Media/._AD1AB7989BA04E48AF45564ABEA446A8
.f           IDLEG.fcpbundle/Stage-3/Render Files/High Quality Media/._B467A5EA01163BE21F7488CD8D98A120
.f           IDLEG.fcpbundle/Stage-3/Render Files/High Quality Media/._B4E470D8B139C5ED6AABBEA42679FE17
.f           IDLEG.fcpbundle/Stage-3/Render Files/High Quality Media/._BBE1B701D7A97AE78EB32FFB6230769A
.f           IDLEG.fcpbundle/Stage-3/Render Files/High Quality Media/._BE19494C0C10A370A3E1CDF23370CC35
.f           IDLEG.fcpbundle/Stage-3/Render Files/High Quality Media/._BE524B0C00A4D34C9871DAFC6351C497
.f           IDLEG.fcpbundle/Stage-3/Render Files/High Quality Media/._C3D3B78934B939F831C006CB31D6269C
.f           IDLEG.fcpbundle/Stage-3/Render Files/High Quality Media/._C4C62AC73B301E0566E950D3D1C95F15
.f           IDLEG.fcpbundle/Stage-3/Render Files/High Quality Media/._C6CF240FB977249C4B312136BB581AF5
.f           IDLEG.fcpbundle/Stage-3/Render Files/High Quality Media/._C880E24A9E6C7A7B0898B2DA1C12F7A8
.f           IDLEG.fcpbundle/Stage-3/Render Files/High Quality Media/._CCBB7443A086628093468C218CAFC793
.f           IDLEG.fcpbundle/Stage-3/Render Files/High Quality Media/._CEC7EBBE11138274716925FA5BC3F6FD
.f           IDLEG.fcpbundle/Stage-3/Render Files/High Quality Media/._D4377495B43E6220573FAC1A864F6FF2
.f           IDLEG.fcpbundle/Stage-3/Render Files/High Quality Media/._DC366CB7EB969DC4AE7ADADE80803E63
.f           IDLEG.fcpbundle/Stage-3/Render Files/High Quality Media/._DC60611CEB88AD1EF8CD70B7CABDE266
.f           IDLEG.fcpbundle/Stage-3/Render Files/High Quality Media/._DF51687507E5866A45B12A8A2B95AAC0
.f           IDLEG.fcpbundle/Stage-3/Render Files/High Quality Media/._E11492ABAF545582D01D2934FF8D8577
.f           IDLEG.fcpbundle/Stage-3/Render Files/High Quality Media/._E16ED509B27BBE4F843F9ABC5C666721
.f           IDLEG.fcpbundle/Stage-3/Render Files/High Quality Media/._E62AE0D79BDCB4DDE08206BE13263AEB
.f           IDLEG.fcpbundle/Stage-3/Render Files/High Quality Media/._E85FE98E0B4D8468B9A0B74963BB2D57
.f           IDLEG.fcpbundle/Stage-3/Render Files/High Quality Media/._E92EBEC1912618B6A6C9291501C35226
.f           IDLEG.fcpbundle/Stage-3/Render Files/High Quality Media/._EA504711ED610C99ACC401336437AD01
.f           IDLEG.fcpbundle/Stage-3/Render Files/High Quality Media/._EC7F0AFDDA8B8E03B1B8A6BF29FEAC4F
.f           IDLEG.fcpbundle/Stage-3/Render Files/High Quality Media/._EC9A5770D913407B21C10AD52AE9FC08
.f           IDLEG.fcpbundle/Stage-3/Render Files/High Quality Media/._EE0CA10C6B54118F93EB77FF51AD7426
.f           IDLEG.fcpbundle/Stage-3/Render Files/High Quality Media/._F4C953B1FC1CF8546956DDFED5C7B012
.f           IDLEG.fcpbundle/Stage-3/Render Files/High Quality Media/._F5055F3E07C659B67EDBB0D0351E6148
.f           IDLEG.fcpbundle/Stage-3/Render Files/High Quality Media/._F97F883045FDC3C436DD8878A7365377
.f           IDLEG.fcpbundle/Stage-3/Render Files/High Quality Media/._FC9DE478DF1F262F5FA69EAE568DF969
.f           IDLEG.fcpbundle/Stage-3/Render Files/High Quality Media/._FD31F8965210D91672370AF1252AD3FB
.f           IDLEG.fcpbundle/Stage-3/Render Files/High Quality Media/._FEADD11904538F82737E8B6A186AABFB
.f           IDLEG.fcpbundle/Stage-3/Render Files/High Quality Media/._FFBFDF3E426E689DFD85F95AB1CD1E9F
.f           IDLEG.fcpbundle/Stage-3/Render Files/High Quality Media/._FFE9A64F53655D4EF8DEA95DD1E4EA52
.d           IDLEG.fcpbundle/Stage-3/Render Files/High Quality Media/013157AFF653BE845E3F3B7FA0C780CE/
.f           IDLEG.fcpbundle/Stage-3/Render Files/High Quality Media/013157AFF653BE845E3F3B7FA0C780CE/._Frame 12288 - 13311
.f           IDLEG.fcpbundle/Stage-3/Render Files/High Quality Media/013157AFF653BE845E3F3B7FA0C780CE/._Frame 13312 - 14335
.f           IDLEG.fcpbundle/Stage-3/Render Files/High Quality Media/013157AFF653BE845E3F3B7FA0C780CE/._Frame 14336 - 15359
.f           IDLEG.fcpbundle/Stage-3/Render Files/High Quality Media/013157AFF653BE845E3F3B7FA0C780CE/._Info.plist
.f           IDLEG.fcpbundle/Stage-3/Render Files/High Quality Media/013157AFF653BE845E3F3B7FA0C780CE/Frame 12288 - 13311
.f           IDLEG.fcpbundle/Stage-3/Render Files/High Quality Media/013157AFF653BE845E3F3B7FA0C780CE/Frame 13312 - 14335
.f           IDLEG.fcpbundle/Stage-3/Render Files/High Quality Media/013157AFF653BE845E3F3B7FA0C780CE/Frame 14336 - 15359
.f           IDLEG.fcpbundle/Stage-3/Render Files/High Quality Media/013157AFF653BE845E3F3B7FA0C780CE/Info.plist
.d           IDLEG.fcpbundle/Stage-3/Render Files/High Quality Media/016E27631DE7866111A4615E3EF1B2AF/
.f           IDLEG.fcpbundle/Stage-3/Render Files/High Quality Media/016E27631DE7866111A4615E3EF1B2AF/._Frame 107520 - 108543
.f           IDLEG.fcpbundle/Stage-3/Render Files/High Quality Media/016E27631DE7866111A4615E3EF1B2AF/._Info.plist
.f           IDLEG.fcpbundle/Stage-3/Render Files/High Quality Media/016E27631DE7866111A4615E3EF1B2AF/Frame 107520 - 108543
.f           IDLEG.fcpbundle/Stage-3/Render Files/High Quality Media/016E27631DE7866111A4615E3EF1B2AF/Info.plist
.d           IDLEG.fcpbundle/Stage-3/Render Files/High Quality Media/01A87391289204C35B485D5FCA024EB1/
.f           IDLEG.fcpbundle/Stage-3/Render Files/High Quality Media/01A87391289204C35B485D5FCA024EB1/._Frame 3072 - 4095
.f           IDLEG.fcpbundle/Stage-3/Render Files/High Quality Media/01A87391289204C35B485D5FCA024EB1/._Frame 4096 - 5119
.f           IDLEG.fcpbundle/Stage-3/Render Files/High Quality Media/01A87391289204C35B485D5FCA024EB1/._Info.plist
.f           IDLEG.fcpbundle/Stage-3/Render Files/High Quality Media/01A87391289204C35B485D5FCA024EB1/Frame 3072 - 4095
.f           IDLEG.fcpbundle/Stage-3/Render Files/High Quality Media/01A87391289204C35B485D5FCA024EB1/Frame 4096 - 5119
.f           IDLEG.fcpbundle/Stage-3/Render Files/High Quality Media/01A87391289204C35B485D5FCA024EB1/Info.plist
.d           IDLEG.fcpbundle/Stage-3/Render Files/High Quality Media/021DF2D0BDD91B1A3847C47B55CD92DF/
.f           IDLEG.fcpbundle/Stage-3/Render Files/High Quality Media/021DF2D0BDD91B1A3847C47B55CD92DF/._Frame 3072 - 4095
.f           IDLEG.fcpbundle/Stage-3/Render Files/High Quality Media/021DF2D0BDD91B1A3847C47B55CD92DF/._Frame 4096 - 5119
.f           IDLEG.fcpbundle/Stage-3/Render Files/High Quality Media/021DF2D0BDD91B1A3847C47B55CD92DF/._Info.plist
.f           IDLEG.fcpbundle/Stage-3/Render Files/High Quality Media/021DF2D0BDD91B1A3847C47B55CD92DF/Frame 3072 - 4095
.f           IDLEG.fcpbundle/Stage-3/Render Files/High Quality Media/021DF2D0BDD91B1A3847C47B55CD92DF/Frame 4096 - 5119
.f           IDLEG.fcpbundle/Stage-3/Render Files/High Quality Media/021DF2D0BDD91B1A3847C47B55CD92DF/Info.plist
.d           IDLEG.fcpbundle/Stage-3/Render Files/High Quality Media/042682C8C9BBD5675320561A70023E43/
.f           IDLEG.fcpbundle/Stage-3/Render Files/High Quality Media/042682C8C9BBD5675320561A70023E43/._Frame 107520 - 108543
.f           IDLEG.fcpbundle/Stage-3/Render Files/High Quality Media/042682C8C9BBD5675320561A70023E43/._Info.plist
.f           IDLEG.fcpbundle/Stage-3/Render Files/High Quality Media/042682C8C9BBD5675320561A70023E43/Frame 107520 - 108543
.f           IDLEG.fcpbundle/Stage-3/Render Files/High Quality Media/042682C8C9BBD5675320561A70023E43/Info.plist
.d           IDLEG.fcpbundle/Stage-3/Render Files/High Quality Media/04C5F67270F94CC8D9C46FACC9437C6A/
.f           IDLEG.fcpbundle/Stage-3/Render Files/High Quality Media/04C5F67270F94CC8D9C46FACC9437C6A/._Frame 107520 - 108543
.f           IDLEG.fcpbundle/Stage-3/Render Files/High Quality Media/04C5F67270F94CC8D9C46FACC9437C6A/._Info.plist
.f           IDLEG.fcpbundle/Stage-3/Render Files/High Quality Media/04C5F67270F94CC8D9C46FACC9437C6A/Frame 107520 - 108543
.f           IDLEG.fcpbundle/Stage-3/Render Files/High Quality Media/04C5F67270F94CC8D9C46FACC9437C6A/Info.plist
.d           IDLEG.fcpbundle/Stage-3/Render Files/High Quality Media/05E425DCCC08DCC59B26C3CCC5811B4A/
.f           IDLEG.fcpbundle/Stage-3/Render Files/High Quality Media/05E425DCCC08DCC59B26C3CCC5811B4A/._Frame 9216 - 10239
.f           IDLEG.fcpbundle/Stage-3/Render Files/High Quality Media/05E425DCCC08DCC59B26C3CCC5811B4A/._Info.plist
.f           IDLEG.fcpbundle/Stage-3/Render Files/High Quality Media/05E425DCCC08DCC59B26C3CCC5811B4A/Frame 9216 - 10239
.f           IDLEG.fcpbundle/Stage-3/Render Files/High Quality Media/05E425DCCC08DCC59B26C3CCC5811B4A/Info.plist
.d           IDLEG.fcpbundle/Stage-3/Render Files/High Quality Media/070C49F027130401E03559B9E8F08235/
.f           IDLEG.fcpbundle/Stage-3/Render Files/High Quality Media/070C49F027130401E03559B9E8F08235/._Frame 107520 - 108543
.f           IDLEG.fcpbundle/Stage-3/Render Files/High Quality Media/070C49F027130401E03559B9E8F08235/._Info.plist
.f           IDLEG.fcpbundle/Stage-3/Render Files/High Quality Media/070C49F027130401E03559B9E8F08235/Frame 107520 - 108543
.f           IDLEG.fcpbundle/Stage-3/Render Files/High Quality Media/070C49F027130401E03559B9E8F08235/Info.plist
.d           IDLEG.fcpbundle/Stage-3/Render Files/High Quality Media/08F862512B6BE95F8F3E49A25E093F60/
.f           IDLEG.fcpbundle/Stage-3/Render Files/High Quality Media/08F862512B6BE95F8F3E49A25E093F60/._Frame 107520 - 108543
.f           IDLEG.fcpbundle/Stage-3/Render Files/High Quality Media/08F862512B6BE95F8F3E49A25E093F60/._Info.plist
.f           IDLEG.fcpbundle/Stage-3/Render Files/High Quality Media/08F862512B6BE95F8F3E49A25E093F60/Frame 107520 - 108543
.f           IDLEG.fcpbundle/Stage-3/Render Files/High Quality Media/08F862512B6BE95F8F3E49A25E093F60/Info.plist
.d           IDLEG.fcpbundle/Stage-3/Render Files/High Quality Media/09BC35BF71688E61A832834A2EA3E19D/
.f           IDLEG.fcpbundle/Stage-3/Render Files/High Quality Media/09BC35BF71688E61A832834A2EA3E19D/._Frame 107520 - 108543
.f           IDLEG.fcpbundle/Stage-3/Render Files/High Quality Media/09BC35BF71688E61A832834A2EA3E19D/._Info.plist
.f           IDLEG.fcpbundle/Stage-3/Render Files/High Quality Media/09BC35BF71688E61A832834A2EA3E19D/Frame 107520 - 108543
.f           IDLEG.fcpbundle/Stage-3/Render Files/High Quality Media/09BC35BF71688E61A832834A2EA3E19D/Info.plist
.d           IDLEG.fcpbundle/Stage-3/Render Files/High Quality Media/0A0CADA79FD12263F6B2E251F8574767/
.f           IDLEG.fcpbundle/Stage-3/Render Files/High Quality Media/0A0CADA79FD12263F6B2E251F8574767/._Frame 107520 - 108543
.f           IDLEG.fcpbundle/Stage-3/Render Files/High Quality Media/0A0CADA79FD12263F6B2E251F8574767/._Info.plist
.f           IDLEG.fcpbundle/Stage-3/Render Files/High Quality Media/0A0CADA79FD12263F6B2E251F8574767/Frame 107520 - 108543
.f           IDLEG.fcpbundle/Stage-3/Render Files/High Quality Media/0A0CADA79FD12263F6B2E251F8574767/Info.plist
.d           IDLEG.fcpbundle/Stage-3/Render Files/High Quality Media/0A3142858B6B58E5B54B2460AA18AF86/
.f           IDLEG.fcpbundle/Stage-3/Render Files/High Quality Media/0A3142858B6B58E5B54B2460AA18AF86/._Frame 107520 - 108543
.f           IDLEG.fcpbundle/Stage-3/Render Files/High Quality Media/0A3142858B6B58E5B54B2460AA18AF86/._Info.plist
.f           IDLEG.fcpbundle/Stage-3/Render Files/High Quality Media/0A3142858B6B58E5B54B2460AA18AF86/Frame 107520 - 108543
.f           IDLEG.fcpbundle/Stage-3/Render Files/High Quality Media/0A3142858B6B58E5B54B2460AA18AF86/Info.plist
.d           IDLEG.fcpbundle/Stage-3/Render Files/High Quality Media/0EB179A9A53A9D69C76B08C52D34AF1E/
.f           IDLEG.fcpbundle/Stage-3/Render Files/High Quality Media/0EB179A9A53A9D69C76B08C52D34AF1E/._Frame 4096 - 5119
.f           IDLEG.fcpbundle/Stage-3/Render Files/High Quality Media/0EB179A9A53A9D69C76B08C52D34AF1E/._Info.plist
.f           IDLEG.fcpbundle/Stage-3/Render Files/High Quality Media/0EB179A9A53A9D69C76B08C52D34AF1E/Frame 4096 - 5119
.f           IDLEG.fcpbundle/Stage-3/Render Files/High Quality Media/0EB179A9A53A9D69C76B08C52D34AF1E/Info.plist
.d           IDLEG.fcpbundle/Stage-3/Render Files/High Quality Media/11404A4ADE32844CF2C3F9614D7AD2C6/
.f           IDLEG.fcpbundle/Stage-3/Render Files/High Quality Media/11404A4ADE32844CF2C3F9614D7AD2C6/._Frame 107520 - 108543
.f           IDLEG.fcpbundle/Stage-3/Render Files/High Quality Media/11404A4ADE32844CF2C3F9614D7AD2C6/._Info.plist
.f           IDLEG.fcpbundle/Stage-3/Render Files/High Quality Media/11404A4ADE32844CF2C3F9614D7AD2C6/Frame 107520 - 108543
.f           IDLEG.fcpbundle/Stage-3/Render Files/High Quality Media/11404A4ADE32844CF2C3F9614D7AD2C6/Info.plist
.d           IDLEG.fcpbundle/Stage-3/Render Files/High Quality Media/143F739203025928A87899A1D38A1744/
.f           IDLEG.fcpbundle/Stage-3/Render Files/High Quality Media/143F739203025928A87899A1D38A1744/._Frame 2048 - 3071
.f           IDLEG.fcpbundle/Stage-3/Render Files/High Quality Media/143F739203025928A87899A1D38A1744/._Info.plist
.f           IDLEG.fcpbundle/Stage-3/Render Files/High Quality Media/143F739203025928A87899A1D38A1744/Frame 2048 - 3071
.f           IDLEG.fcpbundle/Stage-3/Render Files/High Quality Media/143F739203025928A87899A1D38A1744/Info.plist
.d           IDLEG.fcpbundle/Stage-3/Render Files/High Quality Media/144B5C3C470D85E4B45FA881306EBA4C/
.f           IDLEG.fcpbundle/Stage-3/Render Files/High Quality Media/144B5C3C470D85E4B45FA881306EBA4C/._Frame 107520 - 108543
.f           IDLEG.fcpbundle/Stage-3/Render Files/High Quality Media/144B5C3C470D85E4B45FA881306EBA4C/._Info.plist
.f           IDLEG.fcpbundle/Stage-3/Render Files/High Quality Media/144B5C3C470D85E4B45FA881306EBA4C/Frame 107520 - 108543
.f           IDLEG.fcpbundle/Stage-3/Render Files/High Quality Media/144B5C3C470D85E4B45FA881306EBA4C/Info.plist
.d           IDLEG.fcpbundle/Stage-3/Render Files/High Quality Media/16232770D59177189A108560C307EC7C/
.f           IDLEG.fcpbundle/Stage-3/Render Files/High Quality Media/16232770D59177189A108560C307EC7C/._Frame 107520 - 108543
.f           IDLEG.fcpbundle/Stage-3/Render Files/High Quality Media/16232770D59177189A108560C307EC7C/._Info.plist
.f           IDLEG.fcpbundle/Stage-3/Render Files/High Quality Media/16232770D59177189A108560C307EC7C/Frame 107520 - 108543
.f           IDLEG.fcpbundle/Stage-3/Render Files/High Quality Media/16232770D59177189A108560C307EC7C/Info.plist
.d           IDLEG.fcpbundle/Stage-3/Render Files/High Quality Media/16B3DE308A8A9401FECD469C3AEDB33D/
.f           IDLEG.fcpbundle/Stage-3/Render Files/High Quality Media/16B3DE308A8A9401FECD469C3AEDB33D/._Frame 107520 - 108543
.f           IDLEG.fcpbundle/Stage-3/Render Files/High Quality Media/16B3DE308A8A9401FECD469C3AEDB33D/._Info.plist
.f           IDLEG.fcpbundle/Stage-3/Render Files/High Quality Media/16B3DE308A8A9401FECD469C3AEDB33D/Frame 107520 - 108543
.f           IDLEG.fcpbundle/Stage-3/Render Files/High Quality Media/16B3DE308A8A9401FECD469C3AEDB33D/Info.plist
.d           IDLEG.fcpbundle/Stage-3/Render Files/High Quality Media/1897A222708F8166334EF0EF75486477/
.f           IDLEG.fcpbundle/Stage-3/Render Files/High Quality Media/1897A222708F8166334EF0EF75486477/._Frame 107520 - 108543
.f           IDLEG.fcpbundle/Stage-3/Render Files/High Quality Media/1897A222708F8166334EF0EF75486477/._Info.plist
.f           IDLEG.fcpbundle/Stage-3/Render Files/High Quality Media/1897A222708F8166334EF0EF75486477/Frame 107520 - 108543
.f           IDLEG.fcpbundle/Stage-3/Render Files/High Quality Media/1897A222708F8166334EF0EF75486477/Info.plist
.d           IDLEG.fcpbundle/Stage-3/Render Files/High Quality Media/196CE87E23164602552567EA0E0957F2/
.f           IDLEG.fcpbundle/Stage-3/Render Files/High Quality Media/196CE87E23164602552567EA0E0957F2/._Frame 107520 - 108543
.f           IDLEG.fcpbundle/Stage-3/Render Files/High Quality Media/196CE87E23164602552567EA0E0957F2/._Info.plist
.f           IDLEG.fcpbundle/Stage-3/Render Files/High Quality Media/196CE87E23164602552567EA0E0957F2/Frame 107520 - 108543
.f           IDLEG.fcpbundle/Stage-3/Render Files/High Quality Media/196CE87E23164602552567EA0E0957F2/Info.plist
.d           IDLEG.fcpbundle/Stage-3/Render Files/High Quality Media/1BAFFDDCD49B601A69C090E55F7817B6/
.f           IDLEG.fcpbundle/Stage-3/Render Files/High Quality Media/1BAFFDDCD49B601A69C090E55F7817B6/._Frame 107520 - 108543
.f           IDLEG.fcpbundle/Stage-3/Render Files/High Quality Media/1BAFFDDCD49B601A69C090E55F7817B6/._Info.plist
.f           IDLEG.fcpbundle/Stage-3/Render Files/High Quality Media/1BAFFDDCD49B601A69C090E55F7817B6/Frame 107520 - 108543
.f           IDLEG.fcpbundle/Stage-3/Render Files/High Quality Media/1BAFFDDCD49B601A69C090E55F7817B6/Info.plist
.d           IDLEG.fcpbundle/Stage-3/Render Files/High Quality Media/1D9E74890F0A3012A23650234E43CDB1/
.f           IDLEG.fcpbundle/Stage-3/Render Files/High Quality Media/1D9E74890F0A3012A23650234E43CDB1/._Frame 107520 - 108543
.f           IDLEG.fcpbundle/Stage-3/Render Files/High Quality Media/1D9E74890F0A3012A23650234E43CDB1/._Info.plist
.f           IDLEG.fcpbundle/Stage-3/Render Files/High Quality Media/1D9E74890F0A3012A23650234E43CDB1/Frame 107520 - 108543
.f           IDLEG.fcpbundle/Stage-3/Render Files/High Quality Media/1D9E74890F0A3012A23650234E43CDB1/Info.plist
.d           IDLEG.fcpbundle/Stage-3/Render Files/High Quality Media/1E5B9887B2EE5951DB6F490703997F20/
.f           IDLEG.fcpbundle/Stage-3/Render Files/High Quality Media/1E5B9887B2EE5951DB6F490703997F20/._Frame 107520 - 108543
.f           IDLEG.fcpbundle/Stage-3/Render Files/High Quality Media/1E5B9887B2EE5951DB6F490703997F20/._Info.plist
.f           IDLEG.fcpbundle/Stage-3/Render Files/High Quality Media/1E5B9887B2EE5951DB6F490703997F20/Frame 107520 - 108543
.f           IDLEG.fcpbundle/Stage-3/Render Files/High Quality Media/1E5B9887B2EE5951DB6F490703997F20/Info.plist
.d           IDLEG.fcpbundle/Stage-3/Render Files/High Quality Media/20E5857B1A4E502276B519E9567DBF0B/
.f           IDLEG.fcpbundle/Stage-3/Render Files/High Quality Media/20E5857B1A4E502276B519E9567DBF0B/._Frame 3072 - 4095
.f           IDLEG.fcpbundle/Stage-3/Render Files/High Quality Media/20E5857B1A4E502276B519E9567DBF0B/._Frame 4096 - 5119
.f           IDLEG.fcpbundle/Stage-3/Render Files/High Quality Media/20E5857B1A4E502276B519E9567DBF0B/._Info.plist
.f           IDLEG.fcpbundle/Stage-3/Render Files/High Quality Media/20E5857B1A4E502276B519E9567DBF0B/Frame 3072 - 4095
.f           IDLEG.fcpbundle/Stage-3/Render Files/High Quality Media/20E5857B1A4E502276B519E9567DBF0B/Frame 4096 - 5119
.f           IDLEG.fcpbundle/Stage-3/Render Files/High Quality Media/20E5857B1A4E502276B519E9567DBF0B/Info.plist
.d           IDLEG.fcpbundle/Stage-3/Render Files/High Quality Media/21130E7A99DF39CCB8D522C1C2C823D9/
.f           IDLEG.fcpbundle/Stage-3/Render Files/High Quality Media/21130E7A99DF39CCB8D522C1C2C823D9/._Frame 107520 - 108543
.f           IDLEG.fcpbundle/Stage-3/Render Files/High Quality Media/21130E7A99DF39CCB8D522C1C2C823D9/._Info.plist
.f           IDLEG.fcpbundle/Stage-3/Render Files/High Quality Media/21130E7A99DF39CCB8D522C1C2C823D9/Frame 107520 - 108543
.f           IDLEG.fcpbundle/Stage-3/Render Files/High Quality Media/21130E7A99DF39CCB8D522C1C2C823D9/Info.plist
.d           IDLEG.fcpbundle/Stage-3/Render Files/High Quality Media/240428CB6FCE1B98379CD19E38E4D8EB/
.f           IDLEG.fcpbundle/Stage-3/Render Files/High Quality Media/240428CB6FCE1B98379CD19E38E4D8EB/._Frame 107520 - 108543
.f           IDLEG.fcpbundle/Stage-3/Render Files/High Quality Media/240428CB6FCE1B98379CD19E38E4D8EB/._Info.plist
.f           IDLEG.fcpbundle/Stage-3/Render Files/High Quality Media/240428CB6FCE1B98379CD19E38E4D8EB/Frame 107520 - 108543
.f           IDLEG.fcpbundle/Stage-3/Render Files/High Quality Media/240428CB6FCE1B98379CD19E38E4D8EB/Info.plist
.d           IDLEG.fcpbundle/Stage-3/Render Files/High Quality Media/27B2B94256058CCAEF9AB43A83B60196/
.f           IDLEG.fcpbundle/Stage-3/Render Files/High Quality Media/27B2B94256058CCAEF9AB43A83B60196/._Frame 107520 - 108543
.f           IDLEG.fcpbundle/Stage-3/Render Files/High Quality Media/27B2B94256058CCAEF9AB43A83B60196/._Info.plist
.f           IDLEG.fcpbundle/Stage-3/Render Files/High Quality Media/27B2B94256058CCAEF9AB43A83B60196/Frame 107520 - 108543
.f           IDLEG.fcpbundle/Stage-3/Render Files/High Quality Media/27B2B94256058CCAEF9AB43A83B60196/Info.plist
.d           IDLEG.fcpbundle/Stage-3/Render Files/High Quality Media/2A1C4C69523A9CE6342F8C79D8C4AEA3/
.f           IDLEG.fcpbundle/Stage-3/Render Files/High Quality Media/2A1C4C69523A9CE6342F8C79D8C4AEA3/._Frame 107520 - 108543
.f           IDLEG.fcpbundle/Stage-3/Render Files/High Quality Media/2A1C4C69523A9CE6342F8C79D8C4AEA3/._Info.plist
.f           IDLEG.fcpbundle/Stage-3/Render Files/High Quality Media/2A1C4C69523A9CE6342F8C79D8C4AEA3/Frame 107520 - 108543
.f           IDLEG.fcpbundle/Stage-3/Render Files/High Quality Media/2A1C4C69523A9CE6342F8C79D8C4AEA3/Info.plist
.d           IDLEG.fcpbundle/Stage-3/Render Files/High Quality Media/304EB2E7F8DCDA8666CD1EC723FAD15D/
.f           IDLEG.fcpbundle/Stage-3/Render Files/High Quality Media/304EB2E7F8DCDA8666CD1EC723FAD15D/._Frame 107520 - 108543
.f           IDLEG.fcpbundle/Stage-3/Render Files/High Quality Media/304EB2E7F8DCDA8666CD1EC723FAD15D/._Info.plist
.f           IDLEG.fcpbundle/Stage-3/Render Files/High Quality Media/304EB2E7F8DCDA8666CD1EC723FAD15D/Frame 107520 - 108543
.f           IDLEG.fcpbundle/Stage-3/Render Files/High Quality Media/304EB2E7F8DCDA8666CD1EC723FAD15D/Info.plist
.d           IDLEG.fcpbundle/Stage-3/Render Files/High Quality Media/3239EAEF9AAEF8BADDFA199F52CBE162/
.f           IDLEG.fcpbundle/Stage-3/Render Files/High Quality Media/3239EAEF9AAEF8BADDFA199F52CBE162/._Frame 107520 - 108543
.f           IDLEG.fcpbundle/Stage-3/Render Files/High Quality Media/3239EAEF9AAEF8BADDFA199F52CBE162/._Info.plist
.f           IDLEG.fcpbundle/Stage-3/Render Files/High Quality Media/3239EAEF9AAEF8BADDFA199F52CBE162/Frame 107520 - 108543
.f           IDLEG.fcpbundle/Stage-3/Render Files/High Quality Media/3239EAEF9AAEF8BADDFA199F52CBE162/Info.plist
.d           IDLEG.fcpbundle/Stage-3/Render Files/High Quality Media/3248A0A9185792E68337FFF0FCB226DD/
.f           IDLEG.fcpbundle/Stage-3/Render Files/High Quality Media/3248A0A9185792E68337FFF0FCB226DD/._Frame 107520 - 108543
.f           IDLEG.fcpbundle/Stage-3/Render Files/High Quality Media/3248A0A9185792E68337FFF0FCB226DD/._Info.plist
.f           IDLEG.fcpbundle/Stage-3/Render Files/High Quality Media/3248A0A9185792E68337FFF0FCB226DD/Frame 107520 - 108543
.f           IDLEG.fcpbundle/Stage-3/Render Files/High Quality Media/3248A0A9185792E68337FFF0FCB226DD/Info.plist
.d           IDLEG.fcpbundle/Stage-3/Render Files/High Quality Media/32EA399A7EE3975CADE4EC0F7A366001/
.f           IDLEG.fcpbundle/Stage-3/Render Files/High Quality Media/32EA399A7EE3975CADE4EC0F7A366001/._Frame 107520 - 108543
.f           IDLEG.fcpbundle/Stage-3/Render Files/High Quality Media/32EA399A7EE3975CADE4EC0F7A366001/._Info.plist
.f           IDLEG.fcpbundle/Stage-3/Render Files/High Quality Media/32EA399A7EE3975CADE4EC0F7A366001/Frame 107520 - 108543
.f           IDLEG.fcpbundle/Stage-3/Render Files/High Quality Media/32EA399A7EE3975CADE4EC0F7A366001/Info.plist
.d           IDLEG.fcpbundle/Stage-3/Render Files/High Quality Media/36610A411F774EB672E24A12AEE93337/
.f           IDLEG.fcpbundle/Stage-3/Render Files/High Quality Media/36610A411F774EB672E24A12AEE93337/._Frame 107520 - 108543
.f           IDLEG.fcpbundle/Stage-3/Render Files/High Quality Media/36610A411F774EB672E24A12AEE93337/._Info.plist
.f           IDLEG.fcpbundle/Stage-3/Render Files/High Quality Media/36610A411F774EB672E24A12AEE93337/Frame 107520 - 108543
.f           IDLEG.fcpbundle/Stage-3/Render Files/High Quality Media/36610A411F774EB672E24A12AEE93337/Info.plist
.d           IDLEG.fcpbundle/Stage-3/Render Files/High Quality Media/3899FF953F0B6D74FC1A3632F8B928D6/
.f           IDLEG.fcpbundle/Stage-3/Render Files/High Quality Media/3899FF953F0B6D74FC1A3632F8B928D6/._Frame 107520 - 108543
.f           IDLEG.fcpbundle/Stage-3/Render Files/High Quality Media/3899FF953F0B6D74FC1A3632F8B928D6/._Info.plist
.f           IDLEG.fcpbundle/Stage-3/Render Files/High Quality Media/3899FF953F0B6D74FC1A3632F8B928D6/Frame 107520 - 108543
.f           IDLEG.fcpbundle/Stage-3/Render Files/High Quality Media/3899FF953F0B6D74FC1A3632F8B928D6/Info.plist
.d           IDLEG.fcpbundle/Stage-3/Render Files/High Quality Media/3A66A586CAD251FDE40AD1F15A4DC8F0/
.f           IDLEG.fcpbundle/Stage-3/Render Files/High Quality Media/3A66A586CAD251FDE40AD1F15A4DC8F0/._Frame 6144 - 7167
.f           IDLEG.fcpbundle/Stage-3/Render Files/High Quality Media/3A66A586CAD251FDE40AD1F15A4DC8F0/._Frame 7168 - 8191
.f           IDLEG.fcpbundle/Stage-3/Render Files/High Quality Media/3A66A586CAD251FDE40AD1F15A4DC8F0/._Info.plist
.f           IDLEG.fcpbundle/Stage-3/Render Files/High Quality Media/3A66A586CAD251FDE40AD1F15A4DC8F0/Frame 6144 - 7167
.f           IDLEG.fcpbundle/Stage-3/Render Files/High Quality Media/3A66A586CAD251FDE40AD1F15A4DC8F0/Frame 7168 - 8191
.f           IDLEG.fcpbundle/Stage-3/Render Files/High Quality Media/3A66A586CAD251FDE40AD1F15A4DC8F0/Info.plist
.d           IDLEG.fcpbundle/Stage-3/Render Files/High Quality Media/3A8E89D1289A6E3C0ADE9B5D2FE49ED1/
.f           IDLEG.fcpbundle/Stage-3/Render Files/High Quality Media/3A8E89D1289A6E3C0ADE9B5D2FE49ED1/._Frame 107520 - 108543
.f           IDLEG.fcpbundle/Stage-3/Render Files/High Quality Media/3A8E89D1289A6E3C0ADE9B5D2FE49ED1/._Info.plist
.f           IDLEG.fcpbundle/Stage-3/Render Files/High Quality Media/3A8E89D1289A6E3C0ADE9B5D2FE49ED1/Frame 107520 - 108543
.f           IDLEG.fcpbundle/Stage-3/Render Files/High Quality Media/3A8E89D1289A6E3C0ADE9B5D2FE49ED1/Info.plist
.d           IDLEG.fcpbundle/Stage-3/Render Files/High Quality Media/3CBC88FC67112E5834FDDB56F4F2FAC3/
.f           IDLEG.fcpbundle/Stage-3/Render Files/High Quality Media/3CBC88FC67112E5834FDDB56F4F2FAC3/._Frame 3072 - 4095
.f           IDLEG.fcpbundle/Stage-3/Render Files/High Quality Media/3CBC88FC67112E5834FDDB56F4F2FAC3/._Frame 4096 - 5119
.f           IDLEG.fcpbundle/Stage-3/Render Files/High Quality Media/3CBC88FC67112E5834FDDB56F4F2FAC3/._Info.plist
.f           IDLEG.fcpbundle/Stage-3/Render Files/High Quality Media/3CBC88FC67112E5834FDDB56F4F2FAC3/Frame 3072 - 4095
.f           IDLEG.fcpbundle/Stage-3/Render Files/High Quality Media/3CBC88FC67112E5834FDDB56F4F2FAC3/Frame 4096 - 5119
.f           IDLEG.fcpbundle/Stage-3/Render Files/High Quality Media/3CBC88FC67112E5834FDDB56F4F2FAC3/Info.plist
.d           IDLEG.fcpbundle/Stage-3/Render Files/High Quality Media/455FCAC55285B3F5108D42CD3C166BE4/
.f           IDLEG.fcpbundle/Stage-3/Render Files/High Quality Media/455FCAC55285B3F5108D42CD3C166BE4/._Frame 107520 - 108543
.f           IDLEG.fcpbundle/Stage-3/Render Files/High Quality Media/455FCAC55285B3F5108D42CD3C166BE4/._Info.plist
.f           IDLEG.fcpbundle/Stage-3/Render Files/High Quality Media/455FCAC55285B3F5108D42CD3C166BE4/Frame 107520 - 108543
.f           IDLEG.fcpbundle/Stage-3/Render Files/High Quality Media/455FCAC55285B3F5108D42CD3C166BE4/Info.plist
.d           IDLEG.fcpbundle/Stage-3/Render Files/High Quality Media/46401650BAEC71CECFFDE47D4E59EAB0/
.f           IDLEG.fcpbundle/Stage-3/Render Files/High Quality Media/46401650BAEC71CECFFDE47D4E59EAB0/._Frame 107520 - 108543
.f           IDLEG.fcpbundle/Stage-3/Render Files/High Quality Media/46401650BAEC71CECFFDE47D4E59EAB0/._Info.plist
.f           IDLEG.fcpbundle/Stage-3/Render Files/High Quality Media/46401650BAEC71CECFFDE47D4E59EAB0/Frame 107520 - 108543
.f           IDLEG.fcpbundle/Stage-3/Render Files/High Quality Media/46401650BAEC71CECFFDE47D4E59EAB0/Info.plist
.d           IDLEG.fcpbundle/Stage-3/Render Files/High Quality Media/464C7D2910AFB60E2FD28C2CAE82B27F/
.f           IDLEG.fcpbundle/Stage-3/Render Files/High Quality Media/464C7D2910AFB60E2FD28C2CAE82B27F/._Frame 0 - 1023
.f           IDLEG.fcpbundle/Stage-3/Render Files/High Quality Media/464C7D2910AFB60E2FD28C2CAE82B27F/._Frame 1024 - 2047
.f           IDLEG.fcpbundle/Stage-3/Render Files/High Quality Media/464C7D2910AFB60E2FD28C2CAE82B27F/._Frame 2048 - 3071
.f           IDLEG.fcpbundle/Stage-3/Render Files/High Quality Media/464C7D2910AFB60E2FD28C2CAE82B27F/._Info.plist
.f           IDLEG.fcpbundle/Stage-3/Render Files/High Quality Media/464C7D2910AFB60E2FD28C2CAE82B27F/Frame 0 - 1023
.f           IDLEG.fcpbundle/Stage-3/Render Files/High Quality Media/464C7D2910AFB60E2FD28C2CAE82B27F/Frame 1024 - 2047
.f           IDLEG.fcpbundle/Stage-3/Render Files/High Quality Media/464C7D2910AFB60E2FD28C2CAE82B27F/Frame 2048 - 3071
.f           IDLEG.fcpbundle/Stage-3/Render Files/High Quality Media/464C7D2910AFB60E2FD28C2CAE82B27F/Info.plist
.d           IDLEG.fcpbundle/Stage-3/Render Files/High Quality Media/48C2AC9932C9281821C4D090AED1C391/
.f           IDLEG.fcpbundle/Stage-3/Render Files/High Quality Media/48C2AC9932C9281821C4D090AED1C391/._Frame 107520 - 108543
.f           IDLEG.fcpbundle/Stage-3/Render Files/High Quality Media/48C2AC9932C9281821C4D090AED1C391/._Info.plist
.f           IDLEG.fcpbundle/Stage-3/Render Files/High Quality Media/48C2AC9932C9281821C4D090AED1C391/Frame 107520 - 108543
.f           IDLEG.fcpbundle/Stage-3/Render Files/High Quality Media/48C2AC9932C9281821C4D090AED1C391/Info.plist
.d           IDLEG.fcpbundle/Stage-3/Render Files/High Quality Media/4A55E9FD68DB4EEB7E9F020107C13873/
.f           IDLEG.fcpbundle/Stage-3/Render Files/High Quality Media/4A55E9FD68DB4EEB7E9F020107C13873/._Frame 107520 - 108543
.f           IDLEG.fcpbundle/Stage-3/Render Files/High Quality Media/4A55E9FD68DB4EEB7E9F020107C13873/._Info.plist
.f           IDLEG.fcpbundle/Stage-3/Render Files/High Quality Media/4A55E9FD68DB4EEB7E9F020107C13873/Frame 107520 - 108543
.f           IDLEG.fcpbundle/Stage-3/Render Files/High Quality Media/4A55E9FD68DB4EEB7E9F020107C13873/Info.plist
.d           IDLEG.fcpbundle/Stage-3/Render Files/High Quality Media/4F44C343771B89E0CFD29B7CDC2BCB94/
.f           IDLEG.fcpbundle/Stage-3/Render Files/High Quality Media/4F44C343771B89E0CFD29B7CDC2BCB94/._Frame 107520 - 108543
.f           IDLEG.fcpbundle/Stage-3/Render Files/High Quality Media/4F44C343771B89E0CFD29B7CDC2BCB94/._Info.plist
.f           IDLEG.fcpbundle/Stage-3/Render Files/High Quality Media/4F44C343771B89E0CFD29B7CDC2BCB94/Frame 107520 - 108543
.f           IDLEG.fcpbundle/Stage-3/Render Files/High Quality Media/4F44C343771B89E0CFD29B7CDC2BCB94/Info.plist
.d           IDLEG.fcpbundle/Stage-3/Render Files/High Quality Media/501C3FFD98B00CB373EF206388B71E6F/
.f           IDLEG.fcpbundle/Stage-3/Render Files/High Quality Media/501C3FFD98B00CB373EF206388B71E6F/._Frame 3072 - 4095
.f           IDLEG.fcpbundle/Stage-3/Render Files/High Quality Media/501C3FFD98B00CB373EF206388B71E6F/._Frame 4096 - 5119
.f           IDLEG.fcpbundle/Stage-3/Render Files/High Quality Media/501C3FFD98B00CB373EF206388B71E6F/._Info.plist
.f           IDLEG.fcpbundle/Stage-3/Render Files/High Quality Media/501C3FFD98B00CB373EF206388B71E6F/Frame 3072 - 4095
.f           IDLEG.fcpbundle/Stage-3/Render Files/High Quality Media/501C3FFD98B00CB373EF206388B71E6F/Frame 4096 - 5119
.f           IDLEG.fcpbundle/Stage-3/Render Files/High Quality Media/501C3FFD98B00CB373EF206388B71E6F/Info.plist
.d           IDLEG.fcpbundle/Stage-3/Render Files/High Quality Media/51977057DAB574D67F28062A7BF54468/
.f           IDLEG.fcpbundle/Stage-3/Render Files/High Quality Media/51977057DAB574D67F28062A7BF54468/._Frame 107520 - 108543
.f           IDLEG.fcpbundle/Stage-3/Render Files/High Quality Media/51977057DAB574D67F28062A7BF54468/._Info.plist
.f           IDLEG.fcpbundle/Stage-3/Render Files/High Quality Media/51977057DAB574D67F28062A7BF54468/Frame 107520 - 108543
.f           IDLEG.fcpbundle/Stage-3/Render Files/High Quality Media/51977057DAB574D67F28062A7BF54468/Info.plist
.d           IDLEG.fcpbundle/Stage-3/Render Files/High Quality Media/5C8C1B1C5148DA758A9FD4A414467081/
.f           IDLEG.fcpbundle/Stage-3/Render Files/High Quality Media/5C8C1B1C5148DA758A9FD4A414467081/._Frame 3072 - 4095
.f           IDLEG.fcpbundle/Stage-3/Render Files/High Quality Media/5C8C1B1C5148DA758A9FD4A414467081/._Frame 4096 - 5119
.f           IDLEG.fcpbundle/Stage-3/Render Files/High Quality Media/5C8C1B1C5148DA758A9FD4A414467081/._Info.plist
.f           IDLEG.fcpbundle/Stage-3/Render Files/High Quality Media/5C8C1B1C5148DA758A9FD4A414467081/Frame 3072 - 4095
.f           IDLEG.fcpbundle/Stage-3/Render Files/High Quality Media/5C8C1B1C5148DA758A9FD4A414467081/Frame 4096 - 5119
.f           IDLEG.fcpbundle/Stage-3/Render Files/High Quality Media/5C8C1B1C5148DA758A9FD4A414467081/Info.plist
.d           IDLEG.fcpbundle/Stage-3/Render Files/High Quality Media/5D68CA38CAEEFDFBC9947DBDFD0A2973/
.f           IDLEG.fcpbundle/Stage-3/Render Files/High Quality Media/5D68CA38CAEEFDFBC9947DBDFD0A2973/._Frame 107520 - 108543
.f           IDLEG.fcpbundle/Stage-3/Render Files/High Quality Media/5D68CA38CAEEFDFBC9947DBDFD0A2973/._Info.plist
.f           IDLEG.fcpbundle/Stage-3/Render Files/High Quality Media/5D68CA38CAEEFDFBC9947DBDFD0A2973/Frame 107520 - 108543
.f           IDLEG.fcpbundle/Stage-3/Render Files/High Quality Media/5D68CA38CAEEFDFBC9947DBDFD0A2973/Info.plist
.d           IDLEG.fcpbundle/Stage-3/Render Files/High Quality Media/5D7B62593047CC11BCF454832354AD9C/
.f           IDLEG.fcpbundle/Stage-3/Render Files/High Quality Media/5D7B62593047CC11BCF454832354AD9C/._Frame 3072 - 4095
.f           IDLEG.fcpbundle/Stage-3/Render Files/High Quality Media/5D7B62593047CC11BCF454832354AD9C/._Frame 4096 - 5119
.f           IDLEG.fcpbundle/Stage-3/Render Files/High Quality Media/5D7B62593047CC11BCF454832354AD9C/._Info.plist
.f           IDLEG.fcpbundle/Stage-3/Render Files/High Quality Media/5D7B62593047CC11BCF454832354AD9C/Frame 3072 - 4095
.f           IDLEG.fcpbundle/Stage-3/Render Files/High Quality Media/5D7B62593047CC11BCF454832354AD9C/Frame 4096 - 5119
.f           IDLEG.fcpbundle/Stage-3/Render Files/High Quality Media/5D7B62593047CC11BCF454832354AD9C/Info.plist
.d           IDLEG.fcpbundle/Stage-3/Render Files/High Quality Media/64239F620A9CE09CB5B9E15FF3F546F5/
.f           IDLEG.fcpbundle/Stage-3/Render Files/High Quality Media/64239F620A9CE09CB5B9E15FF3F546F5/._Frame 107520 - 108543
.f           IDLEG.fcpbundle/Stage-3/Render Files/High Quality Media/64239F620A9CE09CB5B9E15FF3F546F5/._Info.plist
.f           IDLEG.fcpbundle/Stage-3/Render Files/High Quality Media/64239F620A9CE09CB5B9E15FF3F546F5/Frame 107520 - 108543
.f           IDLEG.fcpbundle/Stage-3/Render Files/High Quality Media/64239F620A9CE09CB5B9E15FF3F546F5/Info.plist
.d           IDLEG.fcpbundle/Stage-3/Render Files/High Quality Media/6D2AE3C80E88AB3CF736879CD31FCE61/
.f           IDLEG.fcpbundle/Stage-3/Render Files/High Quality Media/6D2AE3C80E88AB3CF736879CD31FCE61/._Frame 107520 - 108543
.f           IDLEG.fcpbundle/Stage-3/Render Files/High Quality Media/6D2AE3C80E88AB3CF736879CD31FCE61/._Info.plist
.f           IDLEG.fcpbundle/Stage-3/Render Files/High Quality Media/6D2AE3C80E88AB3CF736879CD31FCE61/Frame 107520 - 108543
.f           IDLEG.fcpbundle/Stage-3/Render Files/High Quality Media/6D2AE3C80E88AB3CF736879CD31FCE61/Info.plist
.d           IDLEG.fcpbundle/Stage-3/Render Files/High Quality Media/70E3E45AC7B25F461DA52F3EA11EF7FD/
.f           IDLEG.fcpbundle/Stage-3/Render Files/High Quality Media/70E3E45AC7B25F461DA52F3EA11EF7FD/._Frame 107520 - 108543
.f           IDLEG.fcpbundle/Stage-3/Render Files/High Quality Media/70E3E45AC7B25F461DA52F3EA11EF7FD/._Info.plist
.f           IDLEG.fcpbundle/Stage-3/Render Files/High Quality Media/70E3E45AC7B25F461DA52F3EA11EF7FD/Frame 107520 - 108543
.f           IDLEG.fcpbundle/Stage-3/Render Files/High Quality Media/70E3E45AC7B25F461DA52F3EA11EF7FD/Info.plist
.d           IDLEG.fcpbundle/Stage-3/Render Files/High Quality Media/7235E88C6F8D67FDE9F1088C515F5BA1/
.f           IDLEG.fcpbundle/Stage-3/Render Files/High Quality Media/7235E88C6F8D67FDE9F1088C515F5BA1/._Frame 107520 - 108543
.f           IDLEG.fcpbundle/Stage-3/Render Files/High Quality Media/7235E88C6F8D67FDE9F1088C515F5BA1/._Info.plist
.f           IDLEG.fcpbundle/Stage-3/Render Files/High Quality Media/7235E88C6F8D67FDE9F1088C515F5BA1/Frame 107520 - 108543
.f           IDLEG.fcpbundle/Stage-3/Render Files/High Quality Media/7235E88C6F8D67FDE9F1088C515F5BA1/Info.plist
.d           IDLEG.fcpbundle/Stage-3/Render Files/High Quality Media/7270669724D61450980F9426F51D4D3D/
.f           IDLEG.fcpbundle/Stage-3/Render Files/High Quality Media/7270669724D61450980F9426F51D4D3D/._Frame 107520 - 108543
.f           IDLEG.fcpbundle/Stage-3/Render Files/High Quality Media/7270669724D61450980F9426F51D4D3D/._Info.plist
.f           IDLEG.fcpbundle/Stage-3/Render Files/High Quality Media/7270669724D61450980F9426F51D4D3D/Frame 107520 - 108543
.f           IDLEG.fcpbundle/Stage-3/Render Files/High Quality Media/7270669724D61450980F9426F51D4D3D/Info.plist
.d           IDLEG.fcpbundle/Stage-3/Render Files/High Quality Media/765CCCA9677992CF8A2AB801DE2F00C3/
.f           IDLEG.fcpbundle/Stage-3/Render Files/High Quality Media/765CCCA9677992CF8A2AB801DE2F00C3/._Frame 107520 - 108543
.f           IDLEG.fcpbundle/Stage-3/Render Files/High Quality Media/765CCCA9677992CF8A2AB801DE2F00C3/._Info.plist
.f           IDLEG.fcpbundle/Stage-3/Render Files/High Quality Media/765CCCA9677992CF8A2AB801DE2F00C3/Frame 107520 - 108543
.f           IDLEG.fcpbundle/Stage-3/Render Files/High Quality Media/765CCCA9677992CF8A2AB801DE2F00C3/Info.plist
.d           IDLEG.fcpbundle/Stage-3/Render Files/High Quality Media/76D2E0BC6AC22C1BC87282A1146F2462/
.f           IDLEG.fcpbundle/Stage-3/Render Files/High Quality Media/76D2E0BC6AC22C1BC87282A1146F2462/._Frame 107520 - 108543
.f           IDLEG.fcpbundle/Stage-3/Render Files/High Quality Media/76D2E0BC6AC22C1BC87282A1146F2462/._Info.plist
.f           IDLEG.fcpbundle/Stage-3/Render Files/High Quality Media/76D2E0BC6AC22C1BC87282A1146F2462/Frame 107520 - 108543
.f           IDLEG.fcpbundle/Stage-3/Render Files/High Quality Media/76D2E0BC6AC22C1BC87282A1146F2462/Info.plist
.d           IDLEG.fcpbundle/Stage-3/Render Files/High Quality Media/78724C77C9F3C5F62AABF505619F0939/
.f           IDLEG.fcpbundle/Stage-3/Render Files/High Quality Media/78724C77C9F3C5F62AABF505619F0939/._Frame 107520 - 108543
.f           IDLEG.fcpbundle/Stage-3/Render Files/High Quality Media/78724C77C9F3C5F62AABF505619F0939/._Info.plist
.f           IDLEG.fcpbundle/Stage-3/Render Files/High Quality Media/78724C77C9F3C5F62AABF505619F0939/Frame 107520 - 108543
.f           IDLEG.fcpbundle/Stage-3/Render Files/High Quality Media/78724C77C9F3C5F62AABF505619F0939/Info.plist
.d           IDLEG.fcpbundle/Stage-3/Render Files/High Quality Media/79002077B764D7099676A0F0F75F94FC/
.f           IDLEG.fcpbundle/Stage-3/Render Files/High Quality Media/79002077B764D7099676A0F0F75F94FC/._Frame 107520 - 108543
.f           IDLEG.fcpbundle/Stage-3/Render Files/High Quality Media/79002077B764D7099676A0F0F75F94FC/._Info.plist
.f           IDLEG.fcpbundle/Stage-3/Render Files/High Quality Media/79002077B764D7099676A0F0F75F94FC/Frame 107520 - 108543
.f           IDLEG.fcpbundle/Stage-3/Render Files/High Quality Media/79002077B764D7099676A0F0F75F94FC/Info.plist
.d           IDLEG.fcpbundle/Stage-3/Render Files/High Quality Media/7F2EEC2CFD172687C62F4F72ACBBBC8D/
.f           IDLEG.fcpbundle/Stage-3/Render Files/High Quality Media/7F2EEC2CFD172687C62F4F72ACBBBC8D/._Frame 107520 - 108543
.f           IDLEG.fcpbundle/Stage-3/Render Files/High Quality Media/7F2EEC2CFD172687C62F4F72ACBBBC8D/._Info.plist
.f           IDLEG.fcpbundle/Stage-3/Render Files/High Quality Media/7F2EEC2CFD172687C62F4F72ACBBBC8D/Frame 107520 - 108543
.f           IDLEG.fcpbundle/Stage-3/Render Files/High Quality Media/7F2EEC2CFD172687C62F4F72ACBBBC8D/Info.plist
.d           IDLEG.fcpbundle/Stage-3/Render Files/High Quality Media/7F3A260D83F8209A39EF4E8407AA76E3/
.f           IDLEG.fcpbundle/Stage-3/Render Files/High Quality Media/7F3A260D83F8209A39EF4E8407AA76E3/._Frame 107520 - 108543
.f           IDLEG.fcpbundle/Stage-3/Render Files/High Quality Media/7F3A260D83F8209A39EF4E8407AA76E3/._Info.plist
.f           IDLEG.fcpbundle/Stage-3/Render Files/High Quality Media/7F3A260D83F8209A39EF4E8407AA76E3/Frame 107520 - 108543
.f           IDLEG.fcpbundle/Stage-3/Render Files/High Quality Media/7F3A260D83F8209A39EF4E8407AA76E3/Info.plist
.d           IDLEG.fcpbundle/Stage-3/Render Files/High Quality Media/804D3B9DC1C4A1298091B07E000AD4EF/
.f           IDLEG.fcpbundle/Stage-3/Render Files/High Quality Media/804D3B9DC1C4A1298091B07E000AD4EF/._Frame 107520 - 108543
.f           IDLEG.fcpbundle/Stage-3/Render Files/High Quality Media/804D3B9DC1C4A1298091B07E000AD4EF/._Info.plist
.f           IDLEG.fcpbundle/Stage-3/Render Files/High Quality Media/804D3B9DC1C4A1298091B07E000AD4EF/Frame 107520 - 108543
.f           IDLEG.fcpbundle/Stage-3/Render Files/High Quality Media/804D3B9DC1C4A1298091B07E000AD4EF/Info.plist
.d           IDLEG.fcpbundle/Stage-3/Render Files/High Quality Media/8255F2FCD572645870C5B4373370F678/
.f           IDLEG.fcpbundle/Stage-3/Render Files/High Quality Media/8255F2FCD572645870C5B4373370F678/._Frame 107520 - 108543
.f           IDLEG.fcpbundle/Stage-3/Render Files/High Quality Media/8255F2FCD572645870C5B4373370F678/._Info.plist
.f           IDLEG.fcpbundle/Stage-3/Render Files/High Quality Media/8255F2FCD572645870C5B4373370F678/Frame 107520 - 108543
.f           IDLEG.fcpbundle/Stage-3/Render Files/High Quality Media/8255F2FCD572645870C5B4373370F678/Info.plist
.d           IDLEG.fcpbundle/Stage-3/Render Files/High Quality Media/82E3998382FDBC638A6AEA6620421CA7/
.f           IDLEG.fcpbundle/Stage-3/Render Files/High Quality Media/82E3998382FDBC638A6AEA6620421CA7/._Frame 4096 - 5119
.f           IDLEG.fcpbundle/Stage-3/Render Files/High Quality Media/82E3998382FDBC638A6AEA6620421CA7/._Info.plist
.f           IDLEG.fcpbundle/Stage-3/Render Files/High Quality Media/82E3998382FDBC638A6AEA6620421CA7/Frame 4096 - 5119
.f           IDLEG.fcpbundle/Stage-3/Render Files/High Quality Media/82E3998382FDBC638A6AEA6620421CA7/Info.plist
.d           IDLEG.fcpbundle/Stage-3/Render Files/High Quality Media/82F4CB32FF2EB7A6AF8C839E1A334CFC/
.f           IDLEG.fcpbundle/Stage-3/Render Files/High Quality Media/82F4CB32FF2EB7A6AF8C839E1A334CFC/._Frame 107520 - 108543
.f           IDLEG.fcpbundle/Stage-3/Render Files/High Quality Media/82F4CB32FF2EB7A6AF8C839E1A334CFC/._Info.plist
.f           IDLEG.fcpbundle/Stage-3/Render Files/High Quality Media/82F4CB32FF2EB7A6AF8C839E1A334CFC/Frame 107520 - 108543
.f           IDLEG.fcpbundle/Stage-3/Render Files/High Quality Media/82F4CB32FF2EB7A6AF8C839E1A334CFC/Info.plist
.d           IDLEG.fcpbundle/Stage-3/Render Files/High Quality Media/83CED7745775BC0DCEC131C91C47BCB6/
.f           IDLEG.fcpbundle/Stage-3/Render Files/High Quality Media/83CED7745775BC0DCEC131C91C47BCB6/._Frame 107520 - 108543
.f           IDLEG.fcpbundle/Stage-3/Render Files/High Quality Media/83CED7745775BC0DCEC131C91C47BCB6/._Info.plist
.f           IDLEG.fcpbundle/Stage-3/Render Files/High Quality Media/83CED7745775BC0DCEC131C91C47BCB6/Frame 107520 - 108543
.f           IDLEG.fcpbundle/Stage-3/Render Files/High Quality Media/83CED7745775BC0DCEC131C91C47BCB6/Info.plist
.d           IDLEG.fcpbundle/Stage-3/Render Files/High Quality Media/84BB398DAC4D127498A38489F362C64E/
.f           IDLEG.fcpbundle/Stage-3/Render Files/High Quality Media/84BB398DAC4D127498A38489F362C64E/._Frame 107520 - 108543
.f           IDLEG.fcpbundle/Stage-3/Render Files/High Quality Media/84BB398DAC4D127498A38489F362C64E/._Info.plist
.f           IDLEG.fcpbundle/Stage-3/Render Files/High Quality Media/84BB398DAC4D127498A38489F362C64E/Frame 107520 - 108543
.f           IDLEG.fcpbundle/Stage-3/Render Files/High Quality Media/84BB398DAC4D127498A38489F362C64E/Info.plist
.d           IDLEG.fcpbundle/Stage-3/Render Files/High Quality Media/88FBD00A9BEA9210AB54FCDC18319E1C/
.f           IDLEG.fcpbundle/Stage-3/Render Files/High Quality Media/88FBD00A9BEA9210AB54FCDC18319E1C/._Frame 107520 - 108543
.f           IDLEG.fcpbundle/Stage-3/Render Files/High Quality Media/88FBD00A9BEA9210AB54FCDC18319E1C/._Info.plist
.f           IDLEG.fcpbundle/Stage-3/Render Files/High Quality Media/88FBD00A9BEA9210AB54FCDC18319E1C/Frame 107520 - 108543
.f           IDLEG.fcpbundle/Stage-3/Render Files/High Quality Media/88FBD00A9BEA9210AB54FCDC18319E1C/Info.plist
.d           IDLEG.fcpbundle/Stage-3/Render Files/High Quality Media/8AB0325DFCEEC1614BA0EF6B6330A981/
.f           IDLEG.fcpbundle/Stage-3/Render Files/High Quality Media/8AB0325DFCEEC1614BA0EF6B6330A981/._Frame 107520 - 108543
.f           IDLEG.fcpbundle/Stage-3/Render Files/High Quality Media/8AB0325DFCEEC1614BA0EF6B6330A981/._Info.plist
.f           IDLEG.fcpbundle/Stage-3/Render Files/High Quality Media/8AB0325DFCEEC1614BA0EF6B6330A981/Frame 107520 - 108543
.f           IDLEG.fcpbundle/Stage-3/Render Files/High Quality Media/8AB0325DFCEEC1614BA0EF6B6330A981/Info.plist
.d           IDLEG.fcpbundle/Stage-3/Render Files/High Quality Media/8B0CABACF613507F2816C7CDAA3FD049/
.f           IDLEG.fcpbundle/Stage-3/Render Files/High Quality Media/8B0CABACF613507F2816C7CDAA3FD049/._Frame 107520 - 108543
.f           IDLEG.fcpbundle/Stage-3/Render Files/High Quality Media/8B0CABACF613507F2816C7CDAA3FD049/._Info.plist
.f           IDLEG.fcpbundle/Stage-3/Render Files/High Quality Media/8B0CABACF613507F2816C7CDAA3FD049/Frame 107520 - 108543
.f           IDLEG.fcpbundle/Stage-3/Render Files/High Quality Media/8B0CABACF613507F2816C7CDAA3FD049/Info.plist
.d           IDLEG.fcpbundle/Stage-3/Render Files/High Quality Media/8CA907AE2E57DA37FCECC744D7817624/
.f           IDLEG.fcpbundle/Stage-3/Render Files/High Quality Media/8CA907AE2E57DA37FCECC744D7817624/._Frame 107520 - 108543
.f           IDLEG.fcpbundle/Stage-3/Render Files/High Quality Media/8CA907AE2E57DA37FCECC744D7817624/._Info.plist
.f           IDLEG.fcpbundle/Stage-3/Render Files/High Quality Media/8CA907AE2E57DA37FCECC744D7817624/Frame 107520 - 108543
.f           IDLEG.fcpbundle/Stage-3/Render Files/High Quality Media/8CA907AE2E57DA37FCECC744D7817624/Info.plist
.d           IDLEG.fcpbundle/Stage-3/Render Files/High Quality Media/90601C060874F81CB7FE84C759A9F29E/
.f           IDLEG.fcpbundle/Stage-3/Render Files/High Quality Media/90601C060874F81CB7FE84C759A9F29E/._Frame 3072 - 4095
.f           IDLEG.fcpbundle/Stage-3/Render Files/High Quality Media/90601C060874F81CB7FE84C759A9F29E/._Frame 4096 - 5119
.f           IDLEG.fcpbundle/Stage-3/Render Files/High Quality Media/90601C060874F81CB7FE84C759A9F29E/._Info.plist
.f           IDLEG.fcpbundle/Stage-3/Render Files/High Quality Media/90601C060874F81CB7FE84C759A9F29E/Frame 3072 - 4095
.f           IDLEG.fcpbundle/Stage-3/Render Files/High Quality Media/90601C060874F81CB7FE84C759A9F29E/Frame 4096 - 5119
.f           IDLEG.fcpbundle/Stage-3/Render Files/High Quality Media/90601C060874F81CB7FE84C759A9F29E/Info.plist
.d           IDLEG.fcpbundle/Stage-3/Render Files/High Quality Media/906B9A39974BA9795C9F962A3A6F41F2/
.f           IDLEG.fcpbundle/Stage-3/Render Files/High Quality Media/906B9A39974BA9795C9F962A3A6F41F2/._Frame 10240 - 11263
.f           IDLEG.fcpbundle/Stage-3/Render Files/High Quality Media/906B9A39974BA9795C9F962A3A6F41F2/._Frame 9216 - 10239
.f           IDLEG.fcpbundle/Stage-3/Render Files/High Quality Media/906B9A39974BA9795C9F962A3A6F41F2/._Info.plist
.f           IDLEG.fcpbundle/Stage-3/Render Files/High Quality Media/906B9A39974BA9795C9F962A3A6F41F2/Frame 10240 - 11263
.f           IDLEG.fcpbundle/Stage-3/Render Files/High Quality Media/906B9A39974BA9795C9F962A3A6F41F2/Frame 9216 - 10239
.f           IDLEG.fcpbundle/Stage-3/Render Files/High Quality Media/906B9A39974BA9795C9F962A3A6F41F2/Info.plist
.d           IDLEG.fcpbundle/Stage-3/Render Files/High Quality Media/915E9EF87E1CAEC061F3D2E9BEC7305B/
.f           IDLEG.fcpbundle/Stage-3/Render Files/High Quality Media/915E9EF87E1CAEC061F3D2E9BEC7305B/._Frame 107520 - 108543
.f           IDLEG.fcpbundle/Stage-3/Render Files/High Quality Media/915E9EF87E1CAEC061F3D2E9BEC7305B/._Info.plist
.f           IDLEG.fcpbundle/Stage-3/Render Files/High Quality Media/915E9EF87E1CAEC061F3D2E9BEC7305B/Frame 107520 - 108543
.f           IDLEG.fcpbundle/Stage-3/Render Files/High Quality Media/915E9EF87E1CAEC061F3D2E9BEC7305B/Info.plist
.d           IDLEG.fcpbundle/Stage-3/Render Files/High Quality Media/91F2651FFDFD1074688DA5F7B1F74CD9/
.f           IDLEG.fcpbundle/Stage-3/Render Files/High Quality Media/91F2651FFDFD1074688DA5F7B1F74CD9/._Frame 4096 - 5119
.f           IDLEG.fcpbundle/Stage-3/Render Files/High Quality Media/91F2651FFDFD1074688DA5F7B1F74CD9/._Frame 5120 - 6143
.f           IDLEG.fcpbundle/Stage-3/Render Files/High Quality Media/91F2651FFDFD1074688DA5F7B1F74CD9/._Info.plist
.f           IDLEG.fcpbundle/Stage-3/Render Files/High Quality Media/91F2651FFDFD1074688DA5F7B1F74CD9/Frame 4096 - 5119
.f           IDLEG.fcpbundle/Stage-3/Render Files/High Quality Media/91F2651FFDFD1074688DA5F7B1F74CD9/Frame 5120 - 6143
.f           IDLEG.fcpbundle/Stage-3/Render Files/High Quality Media/91F2651FFDFD1074688DA5F7B1F74CD9/Info.plist
.d           IDLEG.fcpbundle/Stage-3/Render Files/High Quality Media/93A306A9E85B3C9D3FBFEAF3D4FC09A0/
.f           IDLEG.fcpbundle/Stage-3/Render Files/High Quality Media/93A306A9E85B3C9D3FBFEAF3D4FC09A0/._Frame 107520 - 108543
.f           IDLEG.fcpbundle/Stage-3/Render Files/High Quality Media/93A306A9E85B3C9D3FBFEAF3D4FC09A0/._Info.plist
.f           IDLEG.fcpbundle/Stage-3/Render Files/High Quality Media/93A306A9E85B3C9D3FBFEAF3D4FC09A0/Frame 107520 - 108543
.f           IDLEG.fcpbundle/Stage-3/Render Files/High Quality Media/93A306A9E85B3C9D3FBFEAF3D4FC09A0/Info.plist
.d           IDLEG.fcpbundle/Stage-3/Render Files/High Quality Media/955922BC3A6544A76BD6712A00F89E77/
.f           IDLEG.fcpbundle/Stage-3/Render Files/High Quality Media/955922BC3A6544A76BD6712A00F89E77/._Frame 107520 - 108543
.f           IDLEG.fcpbundle/Stage-3/Render Files/High Quality Media/955922BC3A6544A76BD6712A00F89E77/._Info.plist
.f           IDLEG.fcpbundle/Stage-3/Render Files/High Quality Media/955922BC3A6544A76BD6712A00F89E77/Frame 107520 - 108543
.f           IDLEG.fcpbundle/Stage-3/Render Files/High Quality Media/955922BC3A6544A76BD6712A00F89E77/Info.plist
.d           IDLEG.fcpbundle/Stage-3/Render Files/High Quality Media/95D053CE32AE5D9E09A8224B2467EAFE/
.f           IDLEG.fcpbundle/Stage-3/Render Files/High Quality Media/95D053CE32AE5D9E09A8224B2467EAFE/._Frame 107520 - 108543
.f           IDLEG.fcpbundle/Stage-3/Render Files/High Quality Media/95D053CE32AE5D9E09A8224B2467EAFE/._Info.plist
.f           IDLEG.fcpbundle/Stage-3/Render Files/High Quality Media/95D053CE32AE5D9E09A8224B2467EAFE/Frame 107520 - 108543
.f           IDLEG.fcpbundle/Stage-3/Render Files/High Quality Media/95D053CE32AE5D9E09A8224B2467EAFE/Info.plist
.d           IDLEG.fcpbundle/Stage-3/Render Files/High Quality Media/97FD0CE6ABEE547B277E0BB716BD7F1B/
.f           IDLEG.fcpbundle/Stage-3/Render Files/High Quality Media/97FD0CE6ABEE547B277E0BB716BD7F1B/._Frame 107520 - 108543
.f           IDLEG.fcpbundle/Stage-3/Render Files/High Quality Media/97FD0CE6ABEE547B277E0BB716BD7F1B/._Info.plist
.f           IDLEG.fcpbundle/Stage-3/Render Files/High Quality Media/97FD0CE6ABEE547B277E0BB716BD7F1B/Frame 107520 - 108543
.f           IDLEG.fcpbundle/Stage-3/Render Files/High Quality Media/97FD0CE6ABEE547B277E0BB716BD7F1B/Info.plist
.d           IDLEG.fcpbundle/Stage-3/Render Files/High Quality Media/9A1F32BD5AFBA2A3B3A3745378893AD5/
.f           IDLEG.fcpbundle/Stage-3/Render Files/High Quality Media/9A1F32BD5AFBA2A3B3A3745378893AD5/._Frame 3072 - 4095
.f           IDLEG.fcpbundle/Stage-3/Render Files/High Quality Media/9A1F32BD5AFBA2A3B3A3745378893AD5/._Frame 4096 - 5119
.f           IDLEG.fcpbundle/Stage-3/Render Files/High Quality Media/9A1F32BD5AFBA2A3B3A3745378893AD5/._Info.plist
.f           IDLEG.fcpbundle/Stage-3/Render Files/High Quality Media/9A1F32BD5AFBA2A3B3A3745378893AD5/Frame 3072 - 4095
.f           IDLEG.fcpbundle/Stage-3/Render Files/High Quality Media/9A1F32BD5AFBA2A3B3A3745378893AD5/Frame 4096 - 5119
.f           IDLEG.fcpbundle/Stage-3/Render Files/High Quality Media/9A1F32BD5AFBA2A3B3A3745378893AD5/Info.plist
.d           IDLEG.fcpbundle/Stage-3/Render Files/High Quality Media/9C267409E47C202F413900672AA38DB1/
.f           IDLEG.fcpbundle/Stage-3/Render Files/High Quality Media/9C267409E47C202F413900672AA38DB1/._Frame 3072 - 4095
.f           IDLEG.fcpbundle/Stage-3/Render Files/High Quality Media/9C267409E47C202F413900672AA38DB1/._Frame 4096 - 5119
.f           IDLEG.fcpbundle/Stage-3/Render Files/High Quality Media/9C267409E47C202F413900672AA38DB1/._Info.plist
.f           IDLEG.fcpbundle/Stage-3/Render Files/High Quality Media/9C267409E47C202F413900672AA38DB1/Frame 3072 - 4095
.f           IDLEG.fcpbundle/Stage-3/Render Files/High Quality Media/9C267409E47C202F413900672AA38DB1/Frame 4096 - 5119
.f           IDLEG.fcpbundle/Stage-3/Render Files/High Quality Media/9C267409E47C202F413900672AA38DB1/Info.plist
.d           IDLEG.fcpbundle/Stage-3/Render Files/High Quality Media/9C39477896C9BEFAC35553BA2993461F/
.f           IDLEG.fcpbundle/Stage-3/Render Files/High Quality Media/9C39477896C9BEFAC35553BA2993461F/._Frame 107520 - 108543
.f           IDLEG.fcpbundle/Stage-3/Render Files/High Quality Media/9C39477896C9BEFAC35553BA2993461F/._Info.plist
.f           IDLEG.fcpbundle/Stage-3/Render Files/High Quality Media/9C39477896C9BEFAC35553BA2993461F/Frame 107520 - 108543
.f           IDLEG.fcpbundle/Stage-3/Render Files/High Quality Media/9C39477896C9BEFAC35553BA2993461F/Info.plist
.d           IDLEG.fcpbundle/Stage-3/Render Files/High Quality Media/9FD789D92CA36ED283DF36C777577B59/
.f           IDLEG.fcpbundle/Stage-3/Render Files/High Quality Media/9FD789D92CA36ED283DF36C777577B59/._Frame 107520 - 108543
.f           IDLEG.fcpbundle/Stage-3/Render Files/High Quality Media/9FD789D92CA36ED283DF36C777577B59/._Info.plist
.f           IDLEG.fcpbundle/Stage-3/Render Files/High Quality Media/9FD789D92CA36ED283DF36C777577B59/Frame 107520 - 108543
.f           IDLEG.fcpbundle/Stage-3/Render Files/High Quality Media/9FD789D92CA36ED283DF36C777577B59/Info.plist
.d           IDLEG.fcpbundle/Stage-3/Render Files/High Quality Media/A25B203F77E86F298332BEE519EF755B/
.f           IDLEG.fcpbundle/Stage-3/Render Files/High Quality Media/A25B203F77E86F298332BEE519EF755B/._Frame 4096 - 5119
.f           IDLEG.fcpbundle/Stage-3/Render Files/High Quality Media/A25B203F77E86F298332BEE519EF755B/._Frame 5120 - 6143
.f           IDLEG.fcpbundle/Stage-3/Render Files/High Quality Media/A25B203F77E86F298332BEE519EF755B/._Info.plist
.f           IDLEG.fcpbundle/Stage-3/Render Files/High Quality Media/A25B203F77E86F298332BEE519EF755B/Frame 4096 - 5119
.f           IDLEG.fcpbundle/Stage-3/Render Files/High Quality Media/A25B203F77E86F298332BEE519EF755B/Frame 5120 - 6143
.f           IDLEG.fcpbundle/Stage-3/Render Files/High Quality Media/A25B203F77E86F298332BEE519EF755B/Info.plist
.d           IDLEG.fcpbundle/Stage-3/Render Files/High Quality Media/A39ACAC6455F92397AF67D6FA75234FB/
.f           IDLEG.fcpbundle/Stage-3/Render Files/High Quality Media/A39ACAC6455F92397AF67D6FA75234FB/._Frame 107520 - 108543
.f           IDLEG.fcpbundle/Stage-3/Render Files/High Quality Media/A39ACAC6455F92397AF67D6FA75234FB/._Info.plist
.f           IDLEG.fcpbundle/Stage-3/Render Files/High Quality Media/A39ACAC6455F92397AF67D6FA75234FB/Frame 107520 - 108543
.f           IDLEG.fcpbundle/Stage-3/Render Files/High Quality Media/A39ACAC6455F92397AF67D6FA75234FB/Info.plist
.d           IDLEG.fcpbundle/Stage-3/Render Files/High Quality Media/A4C2803D9AA1D5AA9E6417CA4AFEA9AB/
.f           IDLEG.fcpbundle/Stage-3/Render Files/High Quality Media/A4C2803D9AA1D5AA9E6417CA4AFEA9AB/._Frame 107520 - 108543
.f           IDLEG.fcpbundle/Stage-3/Render Files/High Quality Media/A4C2803D9AA1D5AA9E6417CA4AFEA9AB/._Info.plist
.f           IDLEG.fcpbundle/Stage-3/Render Files/High Quality Media/A4C2803D9AA1D5AA9E6417CA4AFEA9AB/Frame 107520 - 108543
.f           IDLEG.fcpbundle/Stage-3/Render Files/High Quality Media/A4C2803D9AA1D5AA9E6417CA4AFEA9AB/Info.plist
.d           IDLEG.fcpbundle/Stage-3/Render Files/High Quality Media/A640B01C0D49DABFD425C4B0458B9E2D/
.f           IDLEG.fcpbundle/Stage-3/Render Files/High Quality Media/A640B01C0D49DABFD425C4B0458B9E2D/._Frame 107520 - 108543
.f           IDLEG.fcpbundle/Stage-3/Render Files/High Quality Media/A640B01C0D49DABFD425C4B0458B9E2D/._Info.plist
.f           IDLEG.fcpbundle/Stage-3/Render Files/High Quality Media/A640B01C0D49DABFD425C4B0458B9E2D/Frame 107520 - 108543
.f           IDLEG.fcpbundle/Stage-3/Render Files/High Quality Media/A640B01C0D49DABFD425C4B0458B9E2D/Info.plist
.d           IDLEG.fcpbundle/Stage-3/Render Files/High Quality Media/A779708AAD859BA58CFA4F6E00F9E569/
.f           IDLEG.fcpbundle/Stage-3/Render Files/High Quality Media/A779708AAD859BA58CFA4F6E00F9E569/._Frame 107520 - 108543
.f           IDLEG.fcpbundle/Stage-3/Render Files/High Quality Media/A779708AAD859BA58CFA4F6E00F9E569/._Info.plist
.f           IDLEG.fcpbundle/Stage-3/Render Files/High Quality Media/A779708AAD859BA58CFA4F6E00F9E569/Frame 107520 - 108543
.f           IDLEG.fcpbundle/Stage-3/Render Files/High Quality Media/A779708AAD859BA58CFA4F6E00F9E569/Info.plist
.d           IDLEG.fcpbundle/Stage-3/Render Files/High Quality Media/A7AF05F0C543EB6933585B795CFCCD36/
.f           IDLEG.fcpbundle/Stage-3/Render Files/High Quality Media/A7AF05F0C543EB6933585B795CFCCD36/._Frame 107520 - 108543
.f           IDLEG.fcpbundle/Stage-3/Render Files/High Quality Media/A7AF05F0C543EB6933585B795CFCCD36/._Info.plist
.f           IDLEG.fcpbundle/Stage-3/Render Files/High Quality Media/A7AF05F0C543EB6933585B795CFCCD36/Frame 107520 - 108543
.f           IDLEG.fcpbundle/Stage-3/Render Files/High Quality Media/A7AF05F0C543EB6933585B795CFCCD36/Info.plist
.d           IDLEG.fcpbundle/Stage-3/Render Files/High Quality Media/AAAA0A79F90B6DA63CD4B179F3E813BA/
.f           IDLEG.fcpbundle/Stage-3/Render Files/High Quality Media/AAAA0A79F90B6DA63CD4B179F3E813BA/._Frame 107520 - 108543
.f           IDLEG.fcpbundle/Stage-3/Render Files/High Quality Media/AAAA0A79F90B6DA63CD4B179F3E813BA/._Info.plist
.f           IDLEG.fcpbundle/Stage-3/Render Files/High Quality Media/AAAA0A79F90B6DA63CD4B179F3E813BA/Frame 107520 - 108543
.f           IDLEG.fcpbundle/Stage-3/Render Files/High Quality Media/AAAA0A79F90B6DA63CD4B179F3E813BA/Info.plist
.d           IDLEG.fcpbundle/Stage-3/Render Files/High Quality Media/AD1AB7989BA04E48AF45564ABEA446A8/
.f           IDLEG.fcpbundle/Stage-3/Render Files/High Quality Media/AD1AB7989BA04E48AF45564ABEA446A8/._Frame 107520 - 108543
.f           IDLEG.fcpbundle/Stage-3/Render Files/High Quality Media/AD1AB7989BA04E48AF45564ABEA446A8/._Info.plist
.f           IDLEG.fcpbundle/Stage-3/Render Files/High Quality Media/AD1AB7989BA04E48AF45564ABEA446A8/Frame 107520 - 108543
.f           IDLEG.fcpbundle/Stage-3/Render Files/High Quality Media/AD1AB7989BA04E48AF45564ABEA446A8/Info.plist
.d           IDLEG.fcpbundle/Stage-3/Render Files/High Quality Media/B467A5EA01163BE21F7488CD8D98A120/
.f           IDLEG.fcpbundle/Stage-3/Render Files/High Quality Media/B467A5EA01163BE21F7488CD8D98A120/._Frame 5120 - 6143
.f           IDLEG.fcpbundle/Stage-3/Render Files/High Quality Media/B467A5EA01163BE21F7488CD8D98A120/._Info.plist
.f           IDLEG.fcpbundle/Stage-3/Render Files/High Quality Media/B467A5EA01163BE21F7488CD8D98A120/Frame 5120 - 6143
.f           IDLEG.fcpbundle/Stage-3/Render Files/High Quality Media/B467A5EA01163BE21F7488CD8D98A120/Info.plist
.d           IDLEG.fcpbundle/Stage-3/Render Files/High Quality Media/B4E470D8B139C5ED6AABBEA42679FE17/
.f           IDLEG.fcpbundle/Stage-3/Render Files/High Quality Media/B4E470D8B139C5ED6AABBEA42679FE17/._Frame 107520 - 108543
.f           IDLEG.fcpbundle/Stage-3/Render Files/High Quality Media/B4E470D8B139C5ED6AABBEA42679FE17/._Info.plist
.f           IDLEG.fcpbundle/Stage-3/Render Files/High Quality Media/B4E470D8B139C5ED6AABBEA42679FE17/Frame 107520 - 108543
.f           IDLEG.fcpbundle/Stage-3/Render Files/High Quality Media/B4E470D8B139C5ED6AABBEA42679FE17/Info.plist
.d           IDLEG.fcpbundle/Stage-3/Render Files/High Quality Media/BBE1B701D7A97AE78EB32FFB6230769A/
.f           IDLEG.fcpbundle/Stage-3/Render Files/High Quality Media/BBE1B701D7A97AE78EB32FFB6230769A/._Frame 107520 - 108543
.f           IDLEG.fcpbundle/Stage-3/Render Files/High Quality Media/BBE1B701D7A97AE78EB32FFB6230769A/._Info.plist
.f           IDLEG.fcpbundle/Stage-3/Render Files/High Quality Media/BBE1B701D7A97AE78EB32FFB6230769A/Frame 107520 - 108543
.f           IDLEG.fcpbundle/Stage-3/Render Files/High Quality Media/BBE1B701D7A97AE78EB32FFB6230769A/Info.plist
.d           IDLEG.fcpbundle/Stage-3/Render Files/High Quality Media/BE19494C0C10A370A3E1CDF23370CC35/
.f           IDLEG.fcpbundle/Stage-3/Render Files/High Quality Media/BE19494C0C10A370A3E1CDF23370CC35/._Frame 107520 - 108543
.f           IDLEG.fcpbundle/Stage-3/Render Files/High Quality Media/BE19494C0C10A370A3E1CDF23370CC35/._Info.plist
.f           IDLEG.fcpbundle/Stage-3/Render Files/High Quality Media/BE19494C0C10A370A3E1CDF23370CC35/Frame 107520 - 108543
.f           IDLEG.fcpbundle/Stage-3/Render Files/High Quality Media/BE19494C0C10A370A3E1CDF23370CC35/Info.plist
.d           IDLEG.fcpbundle/Stage-3/Render Files/High Quality Media/BE524B0C00A4D34C9871DAFC6351C497/
.f           IDLEG.fcpbundle/Stage-3/Render Files/High Quality Media/BE524B0C00A4D34C9871DAFC6351C497/._Frame 7168 - 8191
.f           IDLEG.fcpbundle/Stage-3/Render Files/High Quality Media/BE524B0C00A4D34C9871DAFC6351C497/._Frame 8192 - 9215
.f           IDLEG.fcpbundle/Stage-3/Render Files/High Quality Media/BE524B0C00A4D34C9871DAFC6351C497/._Info.plist
.f           IDLEG.fcpbundle/Stage-3/Render Files/High Quality Media/BE524B0C00A4D34C9871DAFC6351C497/Frame 7168 - 8191
.f           IDLEG.fcpbundle/Stage-3/Render Files/High Quality Media/BE524B0C00A4D34C9871DAFC6351C497/Frame 8192 - 9215
.f           IDLEG.fcpbundle/Stage-3/Render Files/High Quality Media/BE524B0C00A4D34C9871DAFC6351C497/Info.plist
.d           IDLEG.fcpbundle/Stage-3/Render Files/High Quality Media/C3D3B78934B939F831C006CB31D6269C/
.f           IDLEG.fcpbundle/Stage-3/Render Files/High Quality Media/C3D3B78934B939F831C006CB31D6269C/._Frame 4096 - 5119
.f           IDLEG.fcpbundle/Stage-3/Render Files/High Quality Media/C3D3B78934B939F831C006CB31D6269C/._Info.plist
.f           IDLEG.fcpbundle/Stage-3/Render Files/High Quality Media/C3D3B78934B939F831C006CB31D6269C/Frame 4096 - 5119
.f           IDLEG.fcpbundle/Stage-3/Render Files/High Quality Media/C3D3B78934B939F831C006CB31D6269C/Info.plist
.d           IDLEG.fcpbundle/Stage-3/Render Files/High Quality Media/C4C62AC73B301E0566E950D3D1C95F15/
.f           IDLEG.fcpbundle/Stage-3/Render Files/High Quality Media/C4C62AC73B301E0566E950D3D1C95F15/._Frame 107520 - 108543
.f           IDLEG.fcpbundle/Stage-3/Render Files/High Quality Media/C4C62AC73B301E0566E950D3D1C95F15/._Info.plist
.f           IDLEG.fcpbundle/Stage-3/Render Files/High Quality Media/C4C62AC73B301E0566E950D3D1C95F15/Frame 107520 - 108543
.f           IDLEG.fcpbundle/Stage-3/Render Files/High Quality Media/C4C62AC73B301E0566E950D3D1C95F15/Info.plist
.d           IDLEG.fcpbundle/Stage-3/Render Files/High Quality Media/C6CF240FB977249C4B312136BB581AF5/
.f           IDLEG.fcpbundle/Stage-3/Render Files/High Quality Media/C6CF240FB977249C4B312136BB581AF5/._Frame 107520 - 108543
.f           IDLEG.fcpbundle/Stage-3/Render Files/High Quality Media/C6CF240FB977249C4B312136BB581AF5/._Info.plist
.f           IDLEG.fcpbundle/Stage-3/Render Files/High Quality Media/C6CF240FB977249C4B312136BB581AF5/Frame 107520 - 108543
.f           IDLEG.fcpbundle/Stage-3/Render Files/High Quality Media/C6CF240FB977249C4B312136BB581AF5/Info.plist
.d           IDLEG.fcpbundle/Stage-3/Render Files/High Quality Media/C880E24A9E6C7A7B0898B2DA1C12F7A8/
.f           IDLEG.fcpbundle/Stage-3/Render Files/High Quality Media/C880E24A9E6C7A7B0898B2DA1C12F7A8/._Frame 107520 - 108543
.f           IDLEG.fcpbundle/Stage-3/Render Files/High Quality Media/C880E24A9E6C7A7B0898B2DA1C12F7A8/._Info.plist
.f           IDLEG.fcpbundle/Stage-3/Render Files/High Quality Media/C880E24A9E6C7A7B0898B2DA1C12F7A8/Frame 107520 - 108543
.f           IDLEG.fcpbundle/Stage-3/Render Files/High Quality Media/C880E24A9E6C7A7B0898B2DA1C12F7A8/Info.plist
.d           IDLEG.fcpbundle/Stage-3/Render Files/High Quality Media/CCBB7443A086628093468C218CAFC793/
.f           IDLEG.fcpbundle/Stage-3/Render Files/High Quality Media/CCBB7443A086628093468C218CAFC793/._Frame 107520 - 108543
.f           IDLEG.fcpbundle/Stage-3/Render Files/High Quality Media/CCBB7443A086628093468C218CAFC793/._Info.plist
.f           IDLEG.fcpbundle/Stage-3/Render Files/High Quality Media/CCBB7443A086628093468C218CAFC793/Frame 107520 - 108543
.f           IDLEG.fcpbundle/Stage-3/Render Files/High Quality Media/CCBB7443A086628093468C218CAFC793/Info.plist
.d           IDLEG.fcpbundle/Stage-3/Render Files/High Quality Media/CEC7EBBE11138274716925FA5BC3F6FD/
.f           IDLEG.fcpbundle/Stage-3/Render Files/High Quality Media/CEC7EBBE11138274716925FA5BC3F6FD/._Frame 107520 - 108543
.f           IDLEG.fcpbundle/Stage-3/Render Files/High Quality Media/CEC7EBBE11138274716925FA5BC3F6FD/._Info.plist
.f           IDLEG.fcpbundle/Stage-3/Render Files/High Quality Media/CEC7EBBE11138274716925FA5BC3F6FD/Frame 107520 - 108543
.f           IDLEG.fcpbundle/Stage-3/Render Files/High Quality Media/CEC7EBBE11138274716925FA5BC3F6FD/Info.plist
.d           IDLEG.fcpbundle/Stage-3/Render Files/High Quality Media/D4377495B43E6220573FAC1A864F6FF2/
.f           IDLEG.fcpbundle/Stage-3/Render Files/High Quality Media/D4377495B43E6220573FAC1A864F6FF2/._Frame 107520 - 108543
.f           IDLEG.fcpbundle/Stage-3/Render Files/High Quality Media/D4377495B43E6220573FAC1A864F6FF2/._Info.plist
.f           IDLEG.fcpbundle/Stage-3/Render Files/High Quality Media/D4377495B43E6220573FAC1A864F6FF2/Frame 107520 - 108543
.f           IDLEG.fcpbundle/Stage-3/Render Files/High Quality Media/D4377495B43E6220573FAC1A864F6FF2/Info.plist
.d           IDLEG.fcpbundle/Stage-3/Render Files/High Quality Media/DC366CB7EB969DC4AE7ADADE80803E63/
.f           IDLEG.fcpbundle/Stage-3/Render Files/High Quality Media/DC366CB7EB969DC4AE7ADADE80803E63/._Frame 107520 - 108543
.f           IDLEG.fcpbundle/Stage-3/Render Files/High Quality Media/DC366CB7EB969DC4AE7ADADE80803E63/._Info.plist
.f           IDLEG.fcpbundle/Stage-3/Render Files/High Quality Media/DC366CB7EB969DC4AE7ADADE80803E63/Frame 107520 - 108543
.f           IDLEG.fcpbundle/Stage-3/Render Files/High Quality Media/DC366CB7EB969DC4AE7ADADE80803E63/Info.plist
.d           IDLEG.fcpbundle/Stage-3/Render Files/High Quality Media/DC60611CEB88AD1EF8CD70B7CABDE266/
.f           IDLEG.fcpbundle/Stage-3/Render Files/High Quality Media/DC60611CEB88AD1EF8CD70B7CABDE266/._Frame 107520 - 108543
.f           IDLEG.fcpbundle/Stage-3/Render Files/High Quality Media/DC60611CEB88AD1EF8CD70B7CABDE266/._Info.plist
.f           IDLEG.fcpbundle/Stage-3/Render Files/High Quality Media/DC60611CEB88AD1EF8CD70B7CABDE266/Frame 107520 - 108543
.f           IDLEG.fcpbundle/Stage-3/Render Files/High Quality Media/DC60611CEB88AD1EF8CD70B7CABDE266/Info.plist
.d           IDLEG.fcpbundle/Stage-3/Render Files/High Quality Media/DF51687507E5866A45B12A8A2B95AAC0/
.f           IDLEG.fcpbundle/Stage-3/Render Files/High Quality Media/DF51687507E5866A45B12A8A2B95AAC0/._Frame 107520 - 108543
.f           IDLEG.fcpbundle/Stage-3/Render Files/High Quality Media/DF51687507E5866A45B12A8A2B95AAC0/._Info.plist
.f           IDLEG.fcpbundle/Stage-3/Render Files/High Quality Media/DF51687507E5866A45B12A8A2B95AAC0/Frame 107520 - 108543
.f           IDLEG.fcpbundle/Stage-3/Render Files/High Quality Media/DF51687507E5866A45B12A8A2B95AAC0/Info.plist
.d           IDLEG.fcpbundle/Stage-3/Render Files/High Quality Media/E11492ABAF545582D01D2934FF8D8577/
.f           IDLEG.fcpbundle/Stage-3/Render Files/High Quality Media/E11492ABAF545582D01D2934FF8D8577/._Frame 107520 - 108543
.f           IDLEG.fcpbundle/Stage-3/Render Files/High Quality Media/E11492ABAF545582D01D2934FF8D8577/._Info.plist
.f           IDLEG.fcpbundle/Stage-3/Render Files/High Quality Media/E11492ABAF545582D01D2934FF8D8577/Frame 107520 - 108543
.f           IDLEG.fcpbundle/Stage-3/Render Files/High Quality Media/E11492ABAF545582D01D2934FF8D8577/Info.plist
.d           IDLEG.fcpbundle/Stage-3/Render Files/High Quality Media/E16ED509B27BBE4F843F9ABC5C666721/
.f           IDLEG.fcpbundle/Stage-3/Render Files/High Quality Media/E16ED509B27BBE4F843F9ABC5C666721/._Frame 107520 - 108543
.f           IDLEG.fcpbundle/Stage-3/Render Files/High Quality Media/E16ED509B27BBE4F843F9ABC5C666721/._Info.plist
.f           IDLEG.fcpbundle/Stage-3/Render Files/High Quality Media/E16ED509B27BBE4F843F9ABC5C666721/Frame 107520 - 108543
.f           IDLEG.fcpbundle/Stage-3/Render Files/High Quality Media/E16ED509B27BBE4F843F9ABC5C666721/Info.plist
.d           IDLEG.fcpbundle/Stage-3/Render Files/High Quality Media/E62AE0D79BDCB4DDE08206BE13263AEB/
.f           IDLEG.fcpbundle/Stage-3/Render Files/High Quality Media/E62AE0D79BDCB4DDE08206BE13263AEB/._Frame 107520 - 108543
.f           IDLEG.fcpbundle/Stage-3/Render Files/High Quality Media/E62AE0D79BDCB4DDE08206BE13263AEB/._Info.plist
.f           IDLEG.fcpbundle/Stage-3/Render Files/High Quality Media/E62AE0D79BDCB4DDE08206BE13263AEB/Frame 107520 - 108543
.f           IDLEG.fcpbundle/Stage-3/Render Files/High Quality Media/E62AE0D79BDCB4DDE08206BE13263AEB/Info.plist
.d           IDLEG.fcpbundle/Stage-3/Render Files/High Quality Media/E85FE98E0B4D8468B9A0B74963BB2D57/
.f           IDLEG.fcpbundle/Stage-3/Render Files/High Quality Media/E85FE98E0B4D8468B9A0B74963BB2D57/._Frame 107520 - 108543
.f           IDLEG.fcpbundle/Stage-3/Render Files/High Quality Media/E85FE98E0B4D8468B9A0B74963BB2D57/._Info.plist
.f           IDLEG.fcpbundle/Stage-3/Render Files/High Quality Media/E85FE98E0B4D8468B9A0B74963BB2D57/Frame 107520 - 108543
.f           IDLEG.fcpbundle/Stage-3/Render Files/High Quality Media/E85FE98E0B4D8468B9A0B74963BB2D57/Info.plist
.d           IDLEG.fcpbundle/Stage-3/Render Files/High Quality Media/E92EBEC1912618B6A6C9291501C35226/
.f           IDLEG.fcpbundle/Stage-3/Render Files/High Quality Media/E92EBEC1912618B6A6C9291501C35226/._Frame 107520 - 108543
.f           IDLEG.fcpbundle/Stage-3/Render Files/High Quality Media/E92EBEC1912618B6A6C9291501C35226/._Info.plist
.f           IDLEG.fcpbundle/Stage-3/Render Files/High Quality Media/E92EBEC1912618B6A6C9291501C35226/Frame 107520 - 108543
.f           IDLEG.fcpbundle/Stage-3/Render Files/High Quality Media/E92EBEC1912618B6A6C9291501C35226/Info.plist
.d           IDLEG.fcpbundle/Stage-3/Render Files/High Quality Media/EA504711ED610C99ACC401336437AD01/
.f           IDLEG.fcpbundle/Stage-3/Render Files/High Quality Media/EA504711ED610C99ACC401336437AD01/._Frame 0 - 1023
.f           IDLEG.fcpbundle/Stage-3/Render Files/High Quality Media/EA504711ED610C99ACC401336437AD01/._Info.plist
.f           IDLEG.fcpbundle/Stage-3/Render Files/High Quality Media/EA504711ED610C99ACC401336437AD01/Frame 0 - 1023
.f           IDLEG.fcpbundle/Stage-3/Render Files/High Quality Media/EA504711ED610C99ACC401336437AD01/Info.plist
.d           IDLEG.fcpbundle/Stage-3/Render Files/High Quality Media/EC7F0AFDDA8B8E03B1B8A6BF29FEAC4F/
.f           IDLEG.fcpbundle/Stage-3/Render Files/High Quality Media/EC7F0AFDDA8B8E03B1B8A6BF29FEAC4F/._Frame 107520 - 108543
.f           IDLEG.fcpbundle/Stage-3/Render Files/High Quality Media/EC7F0AFDDA8B8E03B1B8A6BF29FEAC4F/._Info.plist
.f           IDLEG.fcpbundle/Stage-3/Render Files/High Quality Media/EC7F0AFDDA8B8E03B1B8A6BF29FEAC4F/Frame 107520 - 108543
.f           IDLEG.fcpbundle/Stage-3/Render Files/High Quality Media/EC7F0AFDDA8B8E03B1B8A6BF29FEAC4F/Info.plist
.d           IDLEG.fcpbundle/Stage-3/Render Files/High Quality Media/EC9A5770D913407B21C10AD52AE9FC08/
.f           IDLEG.fcpbundle/Stage-3/Render Files/High Quality Media/EC9A5770D913407B21C10AD52AE9FC08/._Frame 107520 - 108543
.f           IDLEG.fcpbundle/Stage-3/Render Files/High Quality Media/EC9A5770D913407B21C10AD52AE9FC08/._Info.plist
.f           IDLEG.fcpbundle/Stage-3/Render Files/High Quality Media/EC9A5770D913407B21C10AD52AE9FC08/Frame 107520 - 108543
.f           IDLEG.fcpbundle/Stage-3/Render Files/High Quality Media/EC9A5770D913407B21C10AD52AE9FC08/Info.plist
.d           IDLEG.fcpbundle/Stage-3/Render Files/High Quality Media/EE0CA10C6B54118F93EB77FF51AD7426/
.f           IDLEG.fcpbundle/Stage-3/Render Files/High Quality Media/EE0CA10C6B54118F93EB77FF51AD7426/._Frame 107520 - 108543
.f           IDLEG.fcpbundle/Stage-3/Render Files/High Quality Media/EE0CA10C6B54118F93EB77FF51AD7426/._Info.plist
.f           IDLEG.fcpbundle/Stage-3/Render Files/High Quality Media/EE0CA10C6B54118F93EB77FF51AD7426/Frame 107520 - 108543
.f           IDLEG.fcpbundle/Stage-3/Render Files/High Quality Media/EE0CA10C6B54118F93EB77FF51AD7426/Info.plist
.d           IDLEG.fcpbundle/Stage-3/Render Files/High Quality Media/F4C953B1FC1CF8546956DDFED5C7B012/
.f           IDLEG.fcpbundle/Stage-3/Render Files/High Quality Media/F4C953B1FC1CF8546956DDFED5C7B012/._Frame 107520 - 108543
.f           IDLEG.fcpbundle/Stage-3/Render Files/High Quality Media/F4C953B1FC1CF8546956DDFED5C7B012/._Info.plist
.f           IDLEG.fcpbundle/Stage-3/Render Files/High Quality Media/F4C953B1FC1CF8546956DDFED5C7B012/Frame 107520 - 108543
.f           IDLEG.fcpbundle/Stage-3/Render Files/High Quality Media/F4C953B1FC1CF8546956DDFED5C7B012/Info.plist
.d           IDLEG.fcpbundle/Stage-3/Render Files/High Quality Media/F5055F3E07C659B67EDBB0D0351E6148/
.f           IDLEG.fcpbundle/Stage-3/Render Files/High Quality Media/F5055F3E07C659B67EDBB0D0351E6148/._Frame 107520 - 108543
.f           IDLEG.fcpbundle/Stage-3/Render Files/High Quality Media/F5055F3E07C659B67EDBB0D0351E6148/._Info.plist
.f           IDLEG.fcpbundle/Stage-3/Render Files/High Quality Media/F5055F3E07C659B67EDBB0D0351E6148/Frame 107520 - 108543
.f           IDLEG.fcpbundle/Stage-3/Render Files/High Quality Media/F5055F3E07C659B67EDBB0D0351E6148/Info.plist
.d           IDLEG.fcpbundle/Stage-3/Render Files/High Quality Media/F97F883045FDC3C436DD8878A7365377/
.f           IDLEG.fcpbundle/Stage-3/Render Files/High Quality Media/F97F883045FDC3C436DD8878A7365377/._Frame 2048 - 3071
.f           IDLEG.fcpbundle/Stage-3/Render Files/High Quality Media/F97F883045FDC3C436DD8878A7365377/._Frame 3072 - 4095
.f           IDLEG.fcpbundle/Stage-3/Render Files/High Quality Media/F97F883045FDC3C436DD8878A7365377/._Frame 4096 - 5119
.f           IDLEG.fcpbundle/Stage-3/Render Files/High Quality Media/F97F883045FDC3C436DD8878A7365377/._Info.plist
.f           IDLEG.fcpbundle/Stage-3/Render Files/High Quality Media/F97F883045FDC3C436DD8878A7365377/Frame 2048 - 3071
.f           IDLEG.fcpbundle/Stage-3/Render Files/High Quality Media/F97F883045FDC3C436DD8878A7365377/Frame 3072 - 4095
.f           IDLEG.fcpbundle/Stage-3/Render Files/High Quality Media/F97F883045FDC3C436DD8878A7365377/Frame 4096 - 5119
.f           IDLEG.fcpbundle/Stage-3/Render Files/High Quality Media/F97F883045FDC3C436DD8878A7365377/Info.plist
.d           IDLEG.fcpbundle/Stage-3/Render Files/High Quality Media/FC9DE478DF1F262F5FA69EAE568DF969/
.f           IDLEG.fcpbundle/Stage-3/Render Files/High Quality Media/FC9DE478DF1F262F5FA69EAE568DF969/._Frame 3072 - 4095
.f           IDLEG.fcpbundle/Stage-3/Render Files/High Quality Media/FC9DE478DF1F262F5FA69EAE568DF969/._Frame 4096 - 5119
.f           IDLEG.fcpbundle/Stage-3/Render Files/High Quality Media/FC9DE478DF1F262F5FA69EAE568DF969/._Info.plist
.f           IDLEG.fcpbundle/Stage-3/Render Files/High Quality Media/FC9DE478DF1F262F5FA69EAE568DF969/Frame 3072 - 4095
.f           IDLEG.fcpbundle/Stage-3/Render Files/High Quality Media/FC9DE478DF1F262F5FA69EAE568DF969/Frame 4096 - 5119
.f           IDLEG.fcpbundle/Stage-3/Render Files/High Quality Media/FC9DE478DF1F262F5FA69EAE568DF969/Info.plist
.d           IDLEG.fcpbundle/Stage-3/Render Files/High Quality Media/FD31F8965210D91672370AF1252AD3FB/
.f           IDLEG.fcpbundle/Stage-3/Render Files/High Quality Media/FD31F8965210D91672370AF1252AD3FB/._Frame 4096 - 5119
.f           IDLEG.fcpbundle/Stage-3/Render Files/High Quality Media/FD31F8965210D91672370AF1252AD3FB/._Info.plist
.f           IDLEG.fcpbundle/Stage-3/Render Files/High Quality Media/FD31F8965210D91672370AF1252AD3FB/Frame 4096 - 5119
.f           IDLEG.fcpbundle/Stage-3/Render Files/High Quality Media/FD31F8965210D91672370AF1252AD3FB/Info.plist
.d           IDLEG.fcpbundle/Stage-3/Render Files/High Quality Media/FEADD11904538F82737E8B6A186AABFB/
.f           IDLEG.fcpbundle/Stage-3/Render Files/High Quality Media/FEADD11904538F82737E8B6A186AABFB/._Frame 107520 - 108543
.f           IDLEG.fcpbundle/Stage-3/Render Files/High Quality Media/FEADD11904538F82737E8B6A186AABFB/._Info.plist
.f           IDLEG.fcpbundle/Stage-3/Render Files/High Quality Media/FEADD11904538F82737E8B6A186AABFB/Frame 107520 - 108543
.f           IDLEG.fcpbundle/Stage-3/Render Files/High Quality Media/FEADD11904538F82737E8B6A186AABFB/Info.plist
.d           IDLEG.fcpbundle/Stage-3/Render Files/High Quality Media/FFBFDF3E426E689DFD85F95AB1CD1E9F/
.f           IDLEG.fcpbundle/Stage-3/Render Files/High Quality Media/FFBFDF3E426E689DFD85F95AB1CD1E9F/._Frame 107520 - 108543
.f           IDLEG.fcpbundle/Stage-3/Render Files/High Quality Media/FFBFDF3E426E689DFD85F95AB1CD1E9F/._Info.plist
.f           IDLEG.fcpbundle/Stage-3/Render Files/High Quality Media/FFBFDF3E426E689DFD85F95AB1CD1E9F/Frame 107520 - 108543
.f           IDLEG.fcpbundle/Stage-3/Render Files/High Quality Media/FFBFDF3E426E689DFD85F95AB1CD1E9F/Info.plist
.d           IDLEG.fcpbundle/Stage-3/Render Files/High Quality Media/FFE9A64F53655D4EF8DEA95DD1E4EA52/
.f           IDLEG.fcpbundle/Stage-3/Render Files/High Quality Media/FFE9A64F53655D4EF8DEA95DD1E4EA52/._Frame 107520 - 108543
.f           IDLEG.fcpbundle/Stage-3/Render Files/High Quality Media/FFE9A64F53655D4EF8DEA95DD1E4EA52/._Info.plist
.f           IDLEG.fcpbundle/Stage-3/Render Files/High Quality Media/FFE9A64F53655D4EF8DEA95DD1E4EA52/Frame 107520 - 108543
.f           IDLEG.fcpbundle/Stage-3/Render Files/High Quality Media/FFE9A64F53655D4EF8DEA95DD1E4EA52/Info.plist
.d           IDLEG.fcpbundle/Stage-3/Render Files/Peaks Data/
.f           IDLEG.fcpbundle/Stage-3/Render Files/Peaks Data/._04A55D9675A9564508015A2E011AFE0F
.f           IDLEG.fcpbundle/Stage-3/Render Files/Peaks Data/._36EA61A7FDD0124C58E5DD9F16A17F0F
.f           IDLEG.fcpbundle/Stage-3/Render Files/Peaks Data/._47637DA638BC344A2950337F2B7EA877
.f           IDLEG.fcpbundle/Stage-3/Render Files/Peaks Data/._98CB6DDB0D78A8FD6D80F5873B9E6A8D
.f           IDLEG.fcpbundle/Stage-3/Render Files/Peaks Data/._9972CE43758FC36AF6941B9EAB56AC79
.f           IDLEG.fcpbundle/Stage-3/Render Files/Peaks Data/._AEE186088005B64E5568F6626FC5E1EE
.f           IDLEG.fcpbundle/Stage-3/Render Files/Peaks Data/._F0D6FB36F00B70EF4E27B46061B3CBE7
.d           IDLEG.fcpbundle/Stage-3/Render Files/Peaks Data/04A55D9675A9564508015A2E011AFE0F/
.f           IDLEG.fcpbundle/Stage-3/Render Files/Peaks Data/04A55D9675A9564508015A2E011AFE0F/._Frame 0 - 1023
.f           IDLEG.fcpbundle/Stage-3/Render Files/Peaks Data/04A55D9675A9564508015A2E011AFE0F/._Info.plist
.f           IDLEG.fcpbundle/Stage-3/Render Files/Peaks Data/04A55D9675A9564508015A2E011AFE0F/Frame 0 - 1023
.f           IDLEG.fcpbundle/Stage-3/Render Files/Peaks Data/04A55D9675A9564508015A2E011AFE0F/Info.plist
.d           IDLEG.fcpbundle/Stage-3/Render Files/Peaks Data/36EA61A7FDD0124C58E5DD9F16A17F0F/
.f           IDLEG.fcpbundle/Stage-3/Render Files/Peaks Data/36EA61A7FDD0124C58E5DD9F16A17F0F/._Frame 0 - 1023
.f           IDLEG.fcpbundle/Stage-3/Render Files/Peaks Data/36EA61A7FDD0124C58E5DD9F16A17F0F/._Info.plist
.f           IDLEG.fcpbundle/Stage-3/Render Files/Peaks Data/36EA61A7FDD0124C58E5DD9F16A17F0F/Frame 0 - 1023
.f           IDLEG.fcpbundle/Stage-3/Render Files/Peaks Data/36EA61A7FDD0124C58E5DD9F16A17F0F/Info.plist
.d           IDLEG.fcpbundle/Stage-3/Render Files/Peaks Data/47637DA638BC344A2950337F2B7EA877/
.f           IDLEG.fcpbundle/Stage-3/Render Files/Peaks Data/47637DA638BC344A2950337F2B7EA877/._Frame 0 - 1023
.f           IDLEG.fcpbundle/Stage-3/Render Files/Peaks Data/47637DA638BC344A2950337F2B7EA877/._Info.plist
.f           IDLEG.fcpbundle/Stage-3/Render Files/Peaks Data/47637DA638BC344A2950337F2B7EA877/Frame 0 - 1023
.f           IDLEG.fcpbundle/Stage-3/Render Files/Peaks Data/47637DA638BC344A2950337F2B7EA877/Info.plist
.d           IDLEG.fcpbundle/Stage-3/Render Files/Peaks Data/98CB6DDB0D78A8FD6D80F5873B9E6A8D/
.f           IDLEG.fcpbundle/Stage-3/Render Files/Peaks Data/98CB6DDB0D78A8FD6D80F5873B9E6A8D/._Frame 0 - 1023
.f           IDLEG.fcpbundle/Stage-3/Render Files/Peaks Data/98CB6DDB0D78A8FD6D80F5873B9E6A8D/._Info.plist
.f           IDLEG.fcpbundle/Stage-3/Render Files/Peaks Data/98CB6DDB0D78A8FD6D80F5873B9E6A8D/Frame 0 - 1023
.f           IDLEG.fcpbundle/Stage-3/Render Files/Peaks Data/98CB6DDB0D78A8FD6D80F5873B9E6A8D/Info.plist
.d           IDLEG.fcpbundle/Stage-3/Render Files/Peaks Data/9972CE43758FC36AF6941B9EAB56AC79/
.f           IDLEG.fcpbundle/Stage-3/Render Files/Peaks Data/9972CE43758FC36AF6941B9EAB56AC79/._Frame 0 - 1023
.f           IDLEG.fcpbundle/Stage-3/Render Files/Peaks Data/9972CE43758FC36AF6941B9EAB56AC79/._Info.plist
.f           IDLEG.fcpbundle/Stage-3/Render Files/Peaks Data/9972CE43758FC36AF6941B9EAB56AC79/Frame 0 - 1023
.f           IDLEG.fcpbundle/Stage-3/Render Files/Peaks Data/9972CE43758FC36AF6941B9EAB56AC79/Info.plist
.d           IDLEG.fcpbundle/Stage-3/Render Files/Peaks Data/AEE186088005B64E5568F6626FC5E1EE/
.f           IDLEG.fcpbundle/Stage-3/Render Files/Peaks Data/AEE186088005B64E5568F6626FC5E1EE/._Frame 0 - 1023
.f           IDLEG.fcpbundle/Stage-3/Render Files/Peaks Data/AEE186088005B64E5568F6626FC5E1EE/._Info.plist
.f           IDLEG.fcpbundle/Stage-3/Render Files/Peaks Data/AEE186088005B64E5568F6626FC5E1EE/Frame 0 - 1023
.f           IDLEG.fcpbundle/Stage-3/Render Files/Peaks Data/AEE186088005B64E5568F6626FC5E1EE/Info.plist
.d           IDLEG.fcpbundle/Stage-3/Render Files/Peaks Data/F0D6FB36F00B70EF4E27B46061B3CBE7/
.f           IDLEG.fcpbundle/Stage-3/Render Files/Peaks Data/F0D6FB36F00B70EF4E27B46061B3CBE7/._Frame 0 - 1023
.f           IDLEG.fcpbundle/Stage-3/Render Files/Peaks Data/F0D6FB36F00B70EF4E27B46061B3CBE7/._Info.plist
.f           IDLEG.fcpbundle/Stage-3/Render Files/Peaks Data/F0D6FB36F00B70EF4E27B46061B3CBE7/Frame 0 - 1023
.f           IDLEG.fcpbundle/Stage-3/Render Files/Peaks Data/F0D6FB36F00B70EF4E27B46061B3CBE7/Info.plist
.d           IDLEG.fcpbundle/Stage-3/Render Files/Thumbnail Media/
.f           IDLEG.fcpbundle/Stage-3/Render Files/Thumbnail Media/._0A01E2F9D49B97BF69B0FEFC7F71ED3C
.f           IDLEG.fcpbundle/Stage-3/Render Files/Thumbnail Media/._4B647ABC45599D35706F3915266E1DBE
.f           IDLEG.fcpbundle/Stage-3/Render Files/Thumbnail Media/._60088BB82AA11C3EBCB6FBFC7A61001D
.f           IDLEG.fcpbundle/Stage-3/Render Files/Thumbnail Media/._61A65550E0DAF098D4ECC233EEB7D0B1
.f           IDLEG.fcpbundle/Stage-3/Render Files/Thumbnail Media/._690AE0E5422D2913B01EFD78C8BC5EF3
.f           IDLEG.fcpbundle/Stage-3/Render Files/Thumbnail Media/._8A068201D781594A928A5116DDB50F30
.f           IDLEG.fcpbundle/Stage-3/Render Files/Thumbnail Media/._8EA306F262BC794334E3E9D74D55B398
.f           IDLEG.fcpbundle/Stage-3/Render Files/Thumbnail Media/._D48C6C5DBDF04328363AFFA764E70867
.f           IDLEG.fcpbundle/Stage-3/Render Files/Thumbnail Media/._E0C52D912A142AD196164790BEECB8E8
.f           IDLEG.fcpbundle/Stage-3/Render Files/Thumbnail Media/._EB49189B1D6500717DF6CA945B5AEAB1
.f           IDLEG.fcpbundle/Stage-3/Render Files/Thumbnail Media/._F10E9776F3442DC3083DE7AA4FA269D1
.f           IDLEG.fcpbundle/Stage-3/Render Files/Thumbnail Media/._F87CAC2574F4CD98489CBFD99A5B2206
.d           IDLEG.fcpbundle/Stage-3/Render Files/Thumbnail Media/0A01E2F9D49B97BF69B0FEFC7F71ED3C/
.f           IDLEG.fcpbundle/Stage-3/Render Files/Thumbnail Media/0A01E2F9D49B97BF69B0FEFC7F71ED3C/._Frame 0 - 1023
.f           IDLEG.fcpbundle/Stage-3/Render Files/Thumbnail Media/0A01E2F9D49B97BF69B0FEFC7F71ED3C/._Info.plist
.f           IDLEG.fcpbundle/Stage-3/Render Files/Thumbnail Media/0A01E2F9D49B97BF69B0FEFC7F71ED3C/Frame 0 - 1023
.f           IDLEG.fcpbundle/Stage-3/Render Files/Thumbnail Media/0A01E2F9D49B97BF69B0FEFC7F71ED3C/Info.plist
.d           IDLEG.fcpbundle/Stage-3/Render Files/Thumbnail Media/4B647ABC45599D35706F3915266E1DBE/
.f           IDLEG.fcpbundle/Stage-3/Render Files/Thumbnail Media/4B647ABC45599D35706F3915266E1DBE/._Frame 0 - 1023
.f           IDLEG.fcpbundle/Stage-3/Render Files/Thumbnail Media/4B647ABC45599D35706F3915266E1DBE/._Info.plist
.f           IDLEG.fcpbundle/Stage-3/Render Files/Thumbnail Media/4B647ABC45599D35706F3915266E1DBE/Frame 0 - 1023
.f           IDLEG.fcpbundle/Stage-3/Render Files/Thumbnail Media/4B647ABC45599D35706F3915266E1DBE/Info.plist
.d           IDLEG.fcpbundle/Stage-3/Render Files/Thumbnail Media/60088BB82AA11C3EBCB6FBFC7A61001D/
.f           IDLEG.fcpbundle/Stage-3/Render Files/Thumbnail Media/60088BB82AA11C3EBCB6FBFC7A61001D/._Frame 0 - 1023
.f           IDLEG.fcpbundle/Stage-3/Render Files/Thumbnail Media/60088BB82AA11C3EBCB6FBFC7A61001D/._Info.plist
.f           IDLEG.fcpbundle/Stage-3/Render Files/Thumbnail Media/60088BB82AA11C3EBCB6FBFC7A61001D/Frame 0 - 1023
.f           IDLEG.fcpbundle/Stage-3/Render Files/Thumbnail Media/60088BB82AA11C3EBCB6FBFC7A61001D/Info.plist
.d           IDLEG.fcpbundle/Stage-3/Render Files/Thumbnail Media/61A65550E0DAF098D4ECC233EEB7D0B1/
.f           IDLEG.fcpbundle/Stage-3/Render Files/Thumbnail Media/61A65550E0DAF098D4ECC233EEB7D0B1/._Frame 0 - 1023
.f           IDLEG.fcpbundle/Stage-3/Render Files/Thumbnail Media/61A65550E0DAF098D4ECC233EEB7D0B1/._Info.plist
.f           IDLEG.fcpbundle/Stage-3/Render Files/Thumbnail Media/61A65550E0DAF098D4ECC233EEB7D0B1/Frame 0 - 1023
.f           IDLEG.fcpbundle/Stage-3/Render Files/Thumbnail Media/61A65550E0DAF098D4ECC233EEB7D0B1/Info.plist
.d           IDLEG.fcpbundle/Stage-3/Render Files/Thumbnail Media/690AE0E5422D2913B01EFD78C8BC5EF3/
.f           IDLEG.fcpbundle/Stage-3/Render Files/Thumbnail Media/690AE0E5422D2913B01EFD78C8BC5EF3/._Frame 0 - 1023
.f           IDLEG.fcpbundle/Stage-3/Render Files/Thumbnail Media/690AE0E5422D2913B01EFD78C8BC5EF3/._Frame 1024 - 2047
.f           IDLEG.fcpbundle/Stage-3/Render Files/Thumbnail Media/690AE0E5422D2913B01EFD78C8BC5EF3/._Frame 10240 - 11263
.f           IDLEG.fcpbundle/Stage-3/Render Files/Thumbnail Media/690AE0E5422D2913B01EFD78C8BC5EF3/._Frame 11264 - 12287
.f           IDLEG.fcpbundle/Stage-3/Render Files/Thumbnail Media/690AE0E5422D2913B01EFD78C8BC5EF3/._Frame 12288 - 13311
.f           IDLEG.fcpbundle/Stage-3/Render Files/Thumbnail Media/690AE0E5422D2913B01EFD78C8BC5EF3/._Frame 13312 - 14335
.f           IDLEG.fcpbundle/Stage-3/Render Files/Thumbnail Media/690AE0E5422D2913B01EFD78C8BC5EF3/._Frame 14336 - 15359
.f           IDLEG.fcpbundle/Stage-3/Render Files/Thumbnail Media/690AE0E5422D2913B01EFD78C8BC5EF3/._Frame 15360 - 16383
.f           IDLEG.fcpbundle/Stage-3/Render Files/Thumbnail Media/690AE0E5422D2913B01EFD78C8BC5EF3/._Frame 2048 - 3071
.f           IDLEG.fcpbundle/Stage-3/Render Files/Thumbnail Media/690AE0E5422D2913B01EFD78C8BC5EF3/._Frame 3072 - 4095
.f           IDLEG.fcpbundle/Stage-3/Render Files/Thumbnail Media/690AE0E5422D2913B01EFD78C8BC5EF3/._Frame 4096 - 5119
.f           IDLEG.fcpbundle/Stage-3/Render Files/Thumbnail Media/690AE0E5422D2913B01EFD78C8BC5EF3/._Frame 5120 - 6143
.f           IDLEG.fcpbundle/Stage-3/Render Files/Thumbnail Media/690AE0E5422D2913B01EFD78C8BC5EF3/._Frame 6144 - 7167
.f           IDLEG.fcpbundle/Stage-3/Render Files/Thumbnail Media/690AE0E5422D2913B01EFD78C8BC5EF3/._Frame 7168 - 8191
.f           IDLEG.fcpbundle/Stage-3/Render Files/Thumbnail Media/690AE0E5422D2913B01EFD78C8BC5EF3/._Frame 8192 - 9215
.f           IDLEG.fcpbundle/Stage-3/Render Files/Thumbnail Media/690AE0E5422D2913B01EFD78C8BC5EF3/._Frame 9216 - 10239
.f           IDLEG.fcpbundle/Stage-3/Render Files/Thumbnail Media/690AE0E5422D2913B01EFD78C8BC5EF3/._Info.plist
.f           IDLEG.fcpbundle/Stage-3/Render Files/Thumbnail Media/690AE0E5422D2913B01EFD78C8BC5EF3/Frame 0 - 1023
.f           IDLEG.fcpbundle/Stage-3/Render Files/Thumbnail Media/690AE0E5422D2913B01EFD78C8BC5EF3/Frame 1024 - 2047
.f           IDLEG.fcpbundle/Stage-3/Render Files/Thumbnail Media/690AE0E5422D2913B01EFD78C8BC5EF3/Frame 10240 - 11263
.f           IDLEG.fcpbundle/Stage-3/Render Files/Thumbnail Media/690AE0E5422D2913B01EFD78C8BC5EF3/Frame 11264 - 12287
.f           IDLEG.fcpbundle/Stage-3/Render Files/Thumbnail Media/690AE0E5422D2913B01EFD78C8BC5EF3/Frame 12288 - 13311
.f           IDLEG.fcpbundle/Stage-3/Render Files/Thumbnail Media/690AE0E5422D2913B01EFD78C8BC5EF3/Frame 13312 - 14335
.f           IDLEG.fcpbundle/Stage-3/Render Files/Thumbnail Media/690AE0E5422D2913B01EFD78C8BC5EF3/Frame 14336 - 15359
.f           IDLEG.fcpbundle/Stage-3/Render Files/Thumbnail Media/690AE0E5422D2913B01EFD78C8BC5EF3/Frame 15360 - 16383
.f           IDLEG.fcpbundle/Stage-3/Render Files/Thumbnail Media/690AE0E5422D2913B01EFD78C8BC5EF3/Frame 2048 - 3071
.f           IDLEG.fcpbundle/Stage-3/Render Files/Thumbnail Media/690AE0E5422D2913B01EFD78C8BC5EF3/Frame 3072 - 4095
.f           IDLEG.fcpbundle/Stage-3/Render Files/Thumbnail Media/690AE0E5422D2913B01EFD78C8BC5EF3/Frame 4096 - 5119
.f           IDLEG.fcpbundle/Stage-3/Render Files/Thumbnail Media/690AE0E5422D2913B01EFD78C8BC5EF3/Frame 5120 - 6143
.f           IDLEG.fcpbundle/Stage-3/Render Files/Thumbnail Media/690AE0E5422D2913B01EFD78C8BC5EF3/Frame 6144 - 7167
.f           IDLEG.fcpbundle/Stage-3/Render Files/Thumbnail Media/690AE0E5422D2913B01EFD78C8BC5EF3/Frame 7168 - 8191
.f           IDLEG.fcpbundle/Stage-3/Render Files/Thumbnail Media/690AE0E5422D2913B01EFD78C8BC5EF3/Frame 8192 - 9215
.f           IDLEG.fcpbundle/Stage-3/Render Files/Thumbnail Media/690AE0E5422D2913B01EFD78C8BC5EF3/Frame 9216 - 10239
.f           IDLEG.fcpbundle/Stage-3/Render Files/Thumbnail Media/690AE0E5422D2913B01EFD78C8BC5EF3/Info.plist
.d           IDLEG.fcpbundle/Stage-3/Render Files/Thumbnail Media/8A068201D781594A928A5116DDB50F30/
.f           IDLEG.fcpbundle/Stage-3/Render Files/Thumbnail Media/8A068201D781594A928A5116DDB50F30/._Frame 0 - 1023
.f           IDLEG.fcpbundle/Stage-3/Render Files/Thumbnail Media/8A068201D781594A928A5116DDB50F30/._Info.plist
.f           IDLEG.fcpbundle/Stage-3/Render Files/Thumbnail Media/8A068201D781594A928A5116DDB50F30/Frame 0 - 1023
.f           IDLEG.fcpbundle/Stage-3/Render Files/Thumbnail Media/8A068201D781594A928A5116DDB50F30/Info.plist
.d           IDLEG.fcpbundle/Stage-3/Render Files/Thumbnail Media/8EA306F262BC794334E3E9D74D55B398/
.f           IDLEG.fcpbundle/Stage-3/Render Files/Thumbnail Media/8EA306F262BC794334E3E9D74D55B398/._Frame 0 - 1023
.f           IDLEG.fcpbundle/Stage-3/Render Files/Thumbnail Media/8EA306F262BC794334E3E9D74D55B398/._Info.plist
.f           IDLEG.fcpbundle/Stage-3/Render Files/Thumbnail Media/8EA306F262BC794334E3E9D74D55B398/Frame 0 - 1023
.f           IDLEG.fcpbundle/Stage-3/Render Files/Thumbnail Media/8EA306F262BC794334E3E9D74D55B398/Info.plist
.d           IDLEG.fcpbundle/Stage-3/Render Files/Thumbnail Media/D48C6C5DBDF04328363AFFA764E70867/
.f           IDLEG.fcpbundle/Stage-3/Render Files/Thumbnail Media/D48C6C5DBDF04328363AFFA764E70867/._Frame 0 - 1023
.f           IDLEG.fcpbundle/Stage-3/Render Files/Thumbnail Media/D48C6C5DBDF04328363AFFA764E70867/._Info.plist
.f           IDLEG.fcpbundle/Stage-3/Render Files/Thumbnail Media/D48C6C5DBDF04328363AFFA764E70867/Frame 0 - 1023
.f           IDLEG.fcpbundle/Stage-3/Render Files/Thumbnail Media/D48C6C5DBDF04328363AFFA764E70867/Info.plist
.d           IDLEG.fcpbundle/Stage-3/Render Files/Thumbnail Media/E0C52D912A142AD196164790BEECB8E8/
.f           IDLEG.fcpbundle/Stage-3/Render Files/Thumbnail Media/E0C52D912A142AD196164790BEECB8E8/._Frame 0 - 1023
.f           IDLEG.fcpbundle/Stage-3/Render Files/Thumbnail Media/E0C52D912A142AD196164790BEECB8E8/._Info.plist
.f           IDLEG.fcpbundle/Stage-3/Render Files/Thumbnail Media/E0C52D912A142AD196164790BEECB8E8/Frame 0 - 1023
.f           IDLEG.fcpbundle/Stage-3/Render Files/Thumbnail Media/E0C52D912A142AD196164790BEECB8E8/Info.plist
.d           IDLEG.fcpbundle/Stage-3/Render Files/Thumbnail Media/EB49189B1D6500717DF6CA945B5AEAB1/
.f           IDLEG.fcpbundle/Stage-3/Render Files/Thumbnail Media/EB49189B1D6500717DF6CA945B5AEAB1/._Frame 0 - 1023
.f           IDLEG.fcpbundle/Stage-3/Render Files/Thumbnail Media/EB49189B1D6500717DF6CA945B5AEAB1/._Info.plist
.f           IDLEG.fcpbundle/Stage-3/Render Files/Thumbnail Media/EB49189B1D6500717DF6CA945B5AEAB1/Frame 0 - 1023
.f           IDLEG.fcpbundle/Stage-3/Render Files/Thumbnail Media/EB49189B1D6500717DF6CA945B5AEAB1/Info.plist
.d           IDLEG.fcpbundle/Stage-3/Render Files/Thumbnail Media/F10E9776F3442DC3083DE7AA4FA269D1/
.f           IDLEG.fcpbundle/Stage-3/Render Files/Thumbnail Media/F10E9776F3442DC3083DE7AA4FA269D1/._Frame 0 - 1023
.f           IDLEG.fcpbundle/Stage-3/Render Files/Thumbnail Media/F10E9776F3442DC3083DE7AA4FA269D1/._Info.plist
.f           IDLEG.fcpbundle/Stage-3/Render Files/Thumbnail Media/F10E9776F3442DC3083DE7AA4FA269D1/Frame 0 - 1023
.f           IDLEG.fcpbundle/Stage-3/Render Files/Thumbnail Media/F10E9776F3442DC3083DE7AA4FA269D1/Info.plist
.d           IDLEG.fcpbundle/Stage-3/Render Files/Thumbnail Media/F87CAC2574F4CD98489CBFD99A5B2206/
.f           IDLEG.fcpbundle/Stage-3/Render Files/Thumbnail Media/F87CAC2574F4CD98489CBFD99A5B2206/._Frame 7168 - 8191
.f           IDLEG.fcpbundle/Stage-3/Render Files/Thumbnail Media/F87CAC2574F4CD98489CBFD99A5B2206/._Info.plist
.f           IDLEG.fcpbundle/Stage-3/Render Files/Thumbnail Media/F87CAC2574F4CD98489CBFD99A5B2206/Frame 7168 - 8191
.f           IDLEG.fcpbundle/Stage-3/Render Files/Thumbnail Media/F87CAC2574F4CD98489CBFD99A5B2206/Info.plist
.d           IDLEG.fcpbundle/Stage-3/Shared Items/
.f           IDLEG.fcpbundle/Stage-3/Shared Items/._21XGJ5FpSPWxTVEFGytEgw
.d           IDLEG.fcpbundle/Stage-3/Shared Items/21XGJ5FpSPWxTVEFGytEgw/
.f           IDLEG.fcpbundle/Stage-3/Shared Items/21XGJ5FpSPWxTVEFGytEgw/._ShareStatus.plist
.f           IDLEG.fcpbundle/Stage-3/Shared Items/21XGJ5FpSPWxTVEFGytEgw/ShareStatus.plist
.d           IDLEG.fcpbundle/Very Special Session/
.f           IDLEG.fcpbundle/Very Special Session/._CurrentVersion.fcpevent
.f           IDLEG.fcpbundle/Very Special Session/._Original Media
.f           IDLEG.fcpbundle/Very Special Session/._Render Files
.f           IDLEG.fcpbundle/Very Special Session/._Shared Items
.f           IDLEG.fcpbundle/Very Special Session/._Untitled Project
.f           IDLEG.fcpbundle/Very Special Session/CurrentVersion.fcpevent
.d           IDLEG.fcpbundle/Very Special Session/Original Media/
.f           IDLEG.fcpbundle/Very Special Session/Original Media/._discussion-low rez.mp4
.f           IDLEG.fcpbundle/Very Special Session/Original Media/discussion-low rez.mp4
.d           IDLEG.fcpbundle/Very Special Session/Render Files/
.f           IDLEG.fcpbundle/Very Special Session/Render Files/._High Quality Media
.f           IDLEG.fcpbundle/Very Special Session/Render Files/._Peaks Data
.f           IDLEG.fcpbundle/Very Special Session/Render Files/._Thumbnail Media
.d           IDLEG.fcpbundle/Very Special Session/Render Files/High Quality Media/
.f           IDLEG.fcpbundle/Very Special Session/Render Files/High Quality Media/._035AC536548CE8D8692D59A35D208CDF
.d           IDLEG.fcpbundle/Very Special Session/Render Files/High Quality Media/035AC536548CE8D8692D59A35D208CDF/
.f           IDLEG.fcpbundle/Very Special Session/Render Files/High Quality Media/035AC536548CE8D8692D59A35D208CDF/._Frame 0 - 1023
.f           IDLEG.fcpbundle/Very Special Session/Render Files/High Quality Media/035AC536548CE8D8692D59A35D208CDF/._Frame 100352 - 101375
.f           IDLEG.fcpbundle/Very Special Session/Render Files/High Quality Media/035AC536548CE8D8692D59A35D208CDF/._Frame 101376 - 102399
.f           IDLEG.fcpbundle/Very Special Session/Render Files/High Quality Media/035AC536548CE8D8692D59A35D208CDF/._Frame 1024 - 2047
.f           IDLEG.fcpbundle/Very Special Session/Render Files/High Quality Media/035AC536548CE8D8692D59A35D208CDF/._Frame 10240 - 11263
.f           IDLEG.fcpbundle/Very Special Session/Render Files/High Quality Media/035AC536548CE8D8692D59A35D208CDF/._Frame 102400 - 103423
.f           IDLEG.fcpbundle/Very Special Session/Render Files/High Quality Media/035AC536548CE8D8692D59A35D208CDF/._Frame 103424 - 104447
.f           IDLEG.fcpbundle/Very Special Session/Render Files/High Quality Media/035AC536548CE8D8692D59A35D208CDF/._Frame 105472 - 106495
.f           IDLEG.fcpbundle/Very Special Session/Render Files/High Quality Media/035AC536548CE8D8692D59A35D208CDF/._Frame 106496 - 107519
.f           IDLEG.fcpbundle/Very Special Session/Render Files/High Quality Media/035AC536548CE8D8692D59A35D208CDF/._Frame 107520 - 108543
.f           IDLEG.fcpbundle/Very Special Session/Render Files/High Quality Media/035AC536548CE8D8692D59A35D208CDF/._Frame 108544 - 109567
.f           IDLEG.fcpbundle/Very Special Session/Render Files/High Quality Media/035AC536548CE8D8692D59A35D208CDF/._Frame 109568 - 110591
.f           IDLEG.fcpbundle/Very Special Session/Render Files/High Quality Media/035AC536548CE8D8692D59A35D208CDF/._Frame 110592 - 111615
.f           IDLEG.fcpbundle/Very Special Session/Render Files/High Quality Media/035AC536548CE8D8692D59A35D208CDF/._Frame 111616 - 112639
.f           IDLEG.fcpbundle/Very Special Session/Render Files/High Quality Media/035AC536548CE8D8692D59A35D208CDF/._Frame 11264 - 12287
.f           IDLEG.fcpbundle/Very Special Session/Render Files/High Quality Media/035AC536548CE8D8692D59A35D208CDF/._Frame 113664 - 114687
.f           IDLEG.fcpbundle/Very Special Session/Render Files/High Quality Media/035AC536548CE8D8692D59A35D208CDF/._Frame 114688 - 115711
.f           IDLEG.fcpbundle/Very Special Session/Render Files/High Quality Media/035AC536548CE8D8692D59A35D208CDF/._Frame 115712 - 116735
.f           IDLEG.fcpbundle/Very Special Session/Render Files/High Quality Media/035AC536548CE8D8692D59A35D208CDF/._Frame 116736 - 117759
.f           IDLEG.fcpbundle/Very Special Session/Render Files/High Quality Media/035AC536548CE8D8692D59A35D208CDF/._Frame 117760 - 118783
.f           IDLEG.fcpbundle/Very Special Session/Render Files/High Quality Media/035AC536548CE8D8692D59A35D208CDF/._Frame 118784 - 119807
.f           IDLEG.fcpbundle/Very Special Session/Render Files/High Quality Media/035AC536548CE8D8692D59A35D208CDF/._Frame 119808 - 120831
.f           IDLEG.fcpbundle/Very Special Session/Render Files/High Quality Media/035AC536548CE8D8692D59A35D208CDF/._Frame 120832 - 121855
.f           IDLEG.fcpbundle/Very Special Session/Render Files/High Quality Media/035AC536548CE8D8692D59A35D208CDF/._Frame 121856 - 122879
.f           IDLEG.fcpbundle/Very Special Session/Render Files/High Quality Media/035AC536548CE8D8692D59A35D208CDF/._Frame 12288 - 13311
.f           IDLEG.fcpbundle/Very Special Session/Render Files/High Quality Media/035AC536548CE8D8692D59A35D208CDF/._Frame 13312 - 14335
.f           IDLEG.fcpbundle/Very Special Session/Render Files/High Quality Media/035AC536548CE8D8692D59A35D208CDF/._Frame 14336 - 15359
.f           IDLEG.fcpbundle/Very Special Session/Render Files/High Quality Media/035AC536548CE8D8692D59A35D208CDF/._Frame 15360 - 16383
.f           IDLEG.fcpbundle/Very Special Session/Render Files/High Quality Media/035AC536548CE8D8692D59A35D208CDF/._Frame 16384 - 17407
.f           IDLEG.fcpbundle/Very Special Session/Render Files/High Quality Media/035AC536548CE8D8692D59A35D208CDF/._Frame 17408 - 18431
.f           IDLEG.fcpbundle/Very Special Session/Render Files/High Quality Media/035AC536548CE8D8692D59A35D208CDF/._Frame 18432 - 19455
.f           IDLEG.fcpbundle/Very Special Session/Render Files/High Quality Media/035AC536548CE8D8692D59A35D208CDF/._Frame 19456 - 20479
.f           IDLEG.fcpbundle/Very Special Session/Render Files/High Quality Media/035AC536548CE8D8692D59A35D208CDF/._Frame 2048 - 3071
.f           IDLEG.fcpbundle/Very Special Session/Render Files/High Quality Media/035AC536548CE8D8692D59A35D208CDF/._Frame 20480 - 21503
.f           IDLEG.fcpbundle/Very Special Session/Render Files/High Quality Media/035AC536548CE8D8692D59A35D208CDF/._Frame 21504 - 22527
.f           IDLEG.fcpbundle/Very Special Session/Render Files/High Quality Media/035AC536548CE8D8692D59A35D208CDF/._Frame 22528 - 23551
.f           IDLEG.fcpbundle/Very Special Session/Render Files/High Quality Media/035AC536548CE8D8692D59A35D208CDF/._Frame 23552 - 24575
.f           IDLEG.fcpbundle/Very Special Session/Render Files/High Quality Media/035AC536548CE8D8692D59A35D208CDF/._Frame 24576 - 25599
.f           IDLEG.fcpbundle/Very Special Session/Render Files/High Quality Media/035AC536548CE8D8692D59A35D208CDF/._Frame 25600 - 26623
.f           IDLEG.fcpbundle/Very Special Session/Render Files/High Quality Media/035AC536548CE8D8692D59A35D208CDF/._Frame 26624 - 27647
.f           IDLEG.fcpbundle/Very Special Session/Render Files/High Quality Media/035AC536548CE8D8692D59A35D208CDF/._Frame 27648 - 28671
.f           IDLEG.fcpbundle/Very Special Session/Render Files/High Quality Media/035AC536548CE8D8692D59A35D208CDF/._Frame 28672 - 29695
.f           IDLEG.fcpbundle/Very Special Session/Render Files/High Quality Media/035AC536548CE8D8692D59A35D208CDF/._Frame 29696 - 30719
.f           IDLEG.fcpbundle/Very Special Session/Render Files/High Quality Media/035AC536548CE8D8692D59A35D208CDF/._Frame 3072 - 4095
.f           IDLEG.fcpbundle/Very Special Session/Render Files/High Quality Media/035AC536548CE8D8692D59A35D208CDF/._Frame 30720 - 31743
.f           IDLEG.fcpbundle/Very Special Session/Render Files/High Quality Media/035AC536548CE8D8692D59A35D208CDF/._Frame 31744 - 32767
.f           IDLEG.fcpbundle/Very Special Session/Render Files/High Quality Media/035AC536548CE8D8692D59A35D208CDF/._Frame 32768 - 33791
.f           IDLEG.fcpbundle/Very Special Session/Render Files/High Quality Media/035AC536548CE8D8692D59A35D208CDF/._Frame 33792 - 34815
.f           IDLEG.fcpbundle/Very Special Session/Render Files/High Quality Media/035AC536548CE8D8692D59A35D208CDF/._Frame 34816 - 35839
.f           IDLEG.fcpbundle/Very Special Session/Render Files/High Quality Media/035AC536548CE8D8692D59A35D208CDF/._Frame 35840 - 36863
.f           IDLEG.fcpbundle/Very Special Session/Render Files/High Quality Media/035AC536548CE8D8692D59A35D208CDF/._Frame 36864 - 37887
.f           IDLEG.fcpbundle/Very Special Session/Render Files/High Quality Media/035AC536548CE8D8692D59A35D208CDF/._Frame 37888 - 38911
.f           IDLEG.fcpbundle/Very Special Session/Render Files/High Quality Media/035AC536548CE8D8692D59A35D208CDF/._Frame 38912 - 39935
.f           IDLEG.fcpbundle/Very Special Session/Render Files/High Quality Media/035AC536548CE8D8692D59A35D208CDF/._Frame 39936 - 40959
.f           IDLEG.fcpbundle/Very Special Session/Render Files/High Quality Media/035AC536548CE8D8692D59A35D208CDF/._Frame 4096 - 5119
.f           IDLEG.fcpbundle/Very Special Session/Render Files/High Quality Media/035AC536548CE8D8692D59A35D208CDF/._Frame 40960 - 41983
.f           IDLEG.fcpbundle/Very Special Session/Render Files/High Quality Media/035AC536548CE8D8692D59A35D208CDF/._Frame 41984 - 43007
.f           IDLEG.fcpbundle/Very Special Session/Render Files/High Quality Media/035AC536548CE8D8692D59A35D208CDF/._Frame 43008 - 44031
.f           IDLEG.fcpbundle/Very Special Session/Render Files/High Quality Media/035AC536548CE8D8692D59A35D208CDF/._Frame 44032 - 45055
.f           IDLEG.fcpbundle/Very Special Session/Render Files/High Quality Media/035AC536548CE8D8692D59A35D208CDF/._Frame 45056 - 46079
.f           IDLEG.fcpbundle/Very Special Session/Render Files/High Quality Media/035AC536548CE8D8692D59A35D208CDF/._Frame 46080 - 47103
.f           IDLEG.fcpbundle/Very Special Session/Render Files/High Quality Media/035AC536548CE8D8692D59A35D208CDF/._Frame 47104 - 48127
.f           IDLEG.fcpbundle/Very Special Session/Render Files/High Quality Media/035AC536548CE8D8692D59A35D208CDF/._Frame 48128 - 49151
.f           IDLEG.fcpbundle/Very Special Session/Render Files/High Quality Media/035AC536548CE8D8692D59A35D208CDF/._Frame 49152 - 50175
.f           IDLEG.fcpbundle/Very Special Session/Render Files/High Quality Media/035AC536548CE8D8692D59A35D208CDF/._Frame 50176 - 51199
.f           IDLEG.fcpbundle/Very Special Session/Render Files/High Quality Media/035AC536548CE8D8692D59A35D208CDF/._Frame 5120 - 6143
.f           IDLEG.fcpbundle/Very Special Session/Render Files/High Quality Media/035AC536548CE8D8692D59A35D208CDF/._Frame 51200 - 52223
.f           IDLEG.fcpbundle/Very Special Session/Render Files/High Quality Media/035AC536548CE8D8692D59A35D208CDF/._Frame 52224 - 53247
.f           IDLEG.fcpbundle/Very Special Session/Render Files/High Quality Media/035AC536548CE8D8692D59A35D208CDF/._Frame 53248 - 54271
.f           IDLEG.fcpbundle/Very Special Session/Render Files/High Quality Media/035AC536548CE8D8692D59A35D208CDF/._Frame 54272 - 55295
.f           IDLEG.fcpbundle/Very Special Session/Render Files/High Quality Media/035AC536548CE8D8692D59A35D208CDF/._Frame 55296 - 56319
.f           IDLEG.fcpbundle/Very Special Session/Render Files/High Quality Media/035AC536548CE8D8692D59A35D208CDF/._Frame 56320 - 57343
.f           IDLEG.fcpbundle/Very Special Session/Render Files/High Quality Media/035AC536548CE8D8692D59A35D208CDF/._Frame 57344 - 58367
.f           IDLEG.fcpbundle/Very Special Session/Render Files/High Quality Media/035AC536548CE8D8692D59A35D208CDF/._Frame 58368 - 59391
.f           IDLEG.fcpbundle/Very Special Session/Render Files/High Quality Media/035AC536548CE8D8692D59A35D208CDF/._Frame 59392 - 60415
.f           IDLEG.fcpbundle/Very Special Session/Render Files/High Quality Media/035AC536548CE8D8692D59A35D208CDF/._Frame 60416 - 61439
.f           IDLEG.fcpbundle/Very Special Session/Render Files/High Quality Media/035AC536548CE8D8692D59A35D208CDF/._Frame 6144 - 7167
.f           IDLEG.fcpbundle/Very Special Session/Render Files/High Quality Media/035AC536548CE8D8692D59A35D208CDF/._Frame 61440 - 62463
.f           IDLEG.fcpbundle/Very Special Session/Render Files/High Quality Media/035AC536548CE8D8692D59A35D208CDF/._Frame 62464 - 63487
.f           IDLEG.fcpbundle/Very Special Session/Render Files/High Quality Media/035AC536548CE8D8692D59A35D208CDF/._Frame 63488 - 64511
.f           IDLEG.fcpbundle/Very Special Session/Render Files/High Quality Media/035AC536548CE8D8692D59A35D208CDF/._Frame 64512 - 65535
.f           IDLEG.fcpbundle/Very Special Session/Render Files/High Quality Media/035AC536548CE8D8692D59A35D208CDF/._Frame 65536 - 66559
.f           IDLEG.fcpbundle/Very Special Session/Render Files/High Quality Media/035AC536548CE8D8692D59A35D208CDF/._Frame 66560 - 67583
.f           IDLEG.fcpbundle/Very Special Session/Render Files/High Quality Media/035AC536548CE8D8692D59A35D208CDF/._Frame 67584 - 68607
.f           IDLEG.fcpbundle/Very Special Session/Render Files/High Quality Media/035AC536548CE8D8692D59A35D208CDF/._Frame 68608 - 69631
.f           IDLEG.fcpbundle/Very Special Session/Render Files/High Quality Media/035AC536548CE8D8692D59A35D208CDF/._Frame 69632 - 70655
.f           IDLEG.fcpbundle/Very Special Session/Render Files/High Quality Media/035AC536548CE8D8692D59A35D208CDF/._Frame 70656 - 71679
.f           IDLEG.fcpbundle/Very Special Session/Render Files/High Quality Media/035AC536548CE8D8692D59A35D208CDF/._Frame 7168 - 8191
.f           IDLEG.fcpbundle/Very Special Session/Render Files/High Quality Media/035AC536548CE8D8692D59A35D208CDF/._Frame 71680 - 72703
.f           IDLEG.fcpbundle/Very Special Session/Render Files/High Quality Media/035AC536548CE8D8692D59A35D208CDF/._Frame 72704 - 73727
.f           IDLEG.fcpbundle/Very Special Session/Render Files/High Quality Media/035AC536548CE8D8692D59A35D208CDF/._Frame 73728 - 74751
.f           IDLEG.fcpbundle/Very Special Session/Render Files/High Quality Media/035AC536548CE8D8692D59A35D208CDF/._Frame 74752 - 75775
.f           IDLEG.fcpbundle/Very Special Session/Render Files/High Quality Media/035AC536548CE8D8692D59A35D208CDF/._Frame 75776 - 76799
.f           IDLEG.fcpbundle/Very Special Session/Render Files/High Quality Media/035AC536548CE8D8692D59A35D208CDF/._Frame 76800 - 77823
.f           IDLEG.fcpbundle/Very Special Session/Render Files/High Quality Media/035AC536548CE8D8692D59A35D208CDF/._Frame 77824 - 78847
.f           IDLEG.fcpbundle/Very Special Session/Render Files/High Quality Media/035AC536548CE8D8692D59A35D208CDF/._Frame 78848 - 79871
.f           IDLEG.fcpbundle/Very Special Session/Render Files/High Quality Media/035AC536548CE8D8692D59A35D208CDF/._Frame 79872 - 80895
.f           IDLEG.fcpbundle/Very Special Session/Render Files/High Quality Media/035AC536548CE8D8692D59A35D208CDF/._Frame 80896 - 81919
.f           IDLEG.fcpbundle/Very Special Session/Render Files/High Quality Media/035AC536548CE8D8692D59A35D208CDF/._Frame 8192 - 9215
.f           IDLEG.fcpbundle/Very Special Session/Render Files/High Quality Media/035AC536548CE8D8692D59A35D208CDF/._Frame 81920 - 82943
.f           IDLEG.fcpbundle/Very Special Session/Render Files/High Quality Media/035AC536548CE8D8692D59A35D208CDF/._Frame 82944 - 83967
.f           IDLEG.fcpbundle/Very Special Session/Render Files/High Quality Media/035AC536548CE8D8692D59A35D208CDF/._Frame 83968 - 84991
.f           IDLEG.fcpbundle/Very Special Session/Render Files/High Quality Media/035AC536548CE8D8692D59A35D208CDF/._Frame 84992 - 86015
.f           IDLEG.fcpbundle/Very Special Session/Render Files/High Quality Media/035AC536548CE8D8692D59A35D208CDF/._Frame 86016 - 87039
.f           IDLEG.fcpbundle/Very Special Session/Render Files/High Quality Media/035AC536548CE8D8692D59A35D208CDF/._Frame 87040 - 88063
.f           IDLEG.fcpbundle/Very Special Session/Render Files/High Quality Media/035AC536548CE8D8692D59A35D208CDF/._Frame 88064 - 89087
.f           IDLEG.fcpbundle/Very Special Session/Render Files/High Quality Media/035AC536548CE8D8692D59A35D208CDF/._Frame 89088 - 90111
.f           IDLEG.fcpbundle/Very Special Session/Render Files/High Quality Media/035AC536548CE8D8692D59A35D208CDF/._Frame 90112 - 91135
.f           IDLEG.fcpbundle/Very Special Session/Render Files/High Quality Media/035AC536548CE8D8692D59A35D208CDF/._Frame 91136 - 92159
.f           IDLEG.fcpbundle/Very Special Session/Render Files/High Quality Media/035AC536548CE8D8692D59A35D208CDF/._Frame 9216 - 10239
.f           IDLEG.fcpbundle/Very Special Session/Render Files/High Quality Media/035AC536548CE8D8692D59A35D208CDF/._Frame 92160 - 93183
.f           IDLEG.fcpbundle/Very Special Session/Render Files/High Quality Media/035AC536548CE8D8692D59A35D208CDF/._Frame 93184 - 94207
.f           IDLEG.fcpbundle/Very Special Session/Render Files/High Quality Media/035AC536548CE8D8692D59A35D208CDF/._Frame 94208 - 95231
.f           IDLEG.fcpbundle/Very Special Session/Render Files/High Quality Media/035AC536548CE8D8692D59A35D208CDF/._Frame 95232 - 96255
.f           IDLEG.fcpbundle/Very Special Session/Render Files/High Quality Media/035AC536548CE8D8692D59A35D208CDF/._Frame 96256 - 97279
.f           IDLEG.fcpbundle/Very Special Session/Render Files/High Quality Media/035AC536548CE8D8692D59A35D208CDF/._Frame 97280 - 98303
.f           IDLEG.fcpbundle/Very Special Session/Render Files/High Quality Media/035AC536548CE8D8692D59A35D208CDF/._Frame 98304 - 99327
.f           IDLEG.fcpbundle/Very Special Session/Render Files/High Quality Media/035AC536548CE8D8692D59A35D208CDF/._Frame 99328 - 100351
.f           IDLEG.fcpbundle/Very Special Session/Render Files/High Quality Media/035AC536548CE8D8692D59A35D208CDF/._Info.plist
.f           IDLEG.fcpbundle/Very Special Session/Render Files/High Quality Media/035AC536548CE8D8692D59A35D208CDF/Frame 0 - 1023
.f           IDLEG.fcpbundle/Very Special Session/Render Files/High Quality Media/035AC536548CE8D8692D59A35D208CDF/Frame 100352 - 101375
.f           IDLEG.fcpbundle/Very Special Session/Render Files/High Quality Media/035AC536548CE8D8692D59A35D208CDF/Frame 101376 - 102399
.f           IDLEG.fcpbundle/Very Special Session/Render Files/High Quality Media/035AC536548CE8D8692D59A35D208CDF/Frame 1024 - 2047
.f           IDLEG.fcpbundle/Very Special Session/Render Files/High Quality Media/035AC536548CE8D8692D59A35D208CDF/Frame 10240 - 11263
.f           IDLEG.fcpbundle/Very Special Session/Render Files/High Quality Media/035AC536548CE8D8692D59A35D208CDF/Frame 102400 - 103423
.f           IDLEG.fcpbundle/Very Special Session/Render Files/High Quality Media/035AC536548CE8D8692D59A35D208CDF/Frame 103424 - 104447
.f           IDLEG.fcpbundle/Very Special Session/Render Files/High Quality Media/035AC536548CE8D8692D59A35D208CDF/Frame 105472 - 106495
.f           IDLEG.fcpbundle/Very Special Session/Render Files/High Quality Media/035AC536548CE8D8692D59A35D208CDF/Frame 106496 - 107519
.f           IDLEG.fcpbundle/Very Special Session/Render Files/High Quality Media/035AC536548CE8D8692D59A35D208CDF/Frame 107520 - 108543
.f           IDLEG.fcpbundle/Very Special Session/Render Files/High Quality Media/035AC536548CE8D8692D59A35D208CDF/Frame 108544 - 109567
.f           IDLEG.fcpbundle/Very Special Session/Render Files/High Quality Media/035AC536548CE8D8692D59A35D208CDF/Frame 109568 - 110591
.f           IDLEG.fcpbundle/Very Special Session/Render Files/High Quality Media/035AC536548CE8D8692D59A35D208CDF/Frame 110592 - 111615
.f           IDLEG.fcpbundle/Very Special Session/Render Files/High Quality Media/035AC536548CE8D8692D59A35D208CDF/Frame 111616 - 112639
.f           IDLEG.fcpbundle/Very Special Session/Render Files/High Quality Media/035AC536548CE8D8692D59A35D208CDF/Frame 11264 - 12287
.f           IDLEG.fcpbundle/Very Special Session/Render Files/High Quality Media/035AC536548CE8D8692D59A35D208CDF/Frame 113664 - 114687
.f           IDLEG.fcpbundle/Very Special Session/Render Files/High Quality Media/035AC536548CE8D8692D59A35D208CDF/Frame 114688 - 115711
.f           IDLEG.fcpbundle/Very Special Session/Render Files/High Quality Media/035AC536548CE8D8692D59A35D208CDF/Frame 115712 - 116735
.f           IDLEG.fcpbundle/Very Special Session/Render Files/High Quality Media/035AC536548CE8D8692D59A35D208CDF/Frame 116736 - 117759
.f           IDLEG.fcpbundle/Very Special Session/Render Files/High Quality Media/035AC536548CE8D8692D59A35D208CDF/Frame 117760 - 118783
.f           IDLEG.fcpbundle/Very Special Session/Render Files/High Quality Media/035AC536548CE8D8692D59A35D208CDF/Frame 118784 - 119807
.f           IDLEG.fcpbundle/Very Special Session/Render Files/High Quality Media/035AC536548CE8D8692D59A35D208CDF/Frame 119808 - 120831
.f           IDLEG.fcpbundle/Very Special Session/Render Files/High Quality Media/035AC536548CE8D8692D59A35D208CDF/Frame 120832 - 121855
.f           IDLEG.fcpbundle/Very Special Session/Render Files/High Quality Media/035AC536548CE8D8692D59A35D208CDF/Frame 121856 - 122879
.f           IDLEG.fcpbundle/Very Special Session/Render Files/High Quality Media/035AC536548CE8D8692D59A35D208CDF/Frame 12288 - 13311
.f           IDLEG.fcpbundle/Very Special Session/Render Files/High Quality Media/035AC536548CE8D8692D59A35D208CDF/Frame 13312 - 14335
.f           IDLEG.fcpbundle/Very Special Session/Render Files/High Quality Media/035AC536548CE8D8692D59A35D208CDF/Frame 14336 - 15359
.f           IDLEG.fcpbundle/Very Special Session/Render Files/High Quality Media/035AC536548CE8D8692D59A35D208CDF/Frame 15360 - 16383
.f           IDLEG.fcpbundle/Very Special Session/Render Files/High Quality Media/035AC536548CE8D8692D59A35D208CDF/Frame 16384 - 17407
.f           IDLEG.fcpbundle/Very Special Session/Render Files/High Quality Media/035AC536548CE8D8692D59A35D208CDF/Frame 17408 - 18431
.f           IDLEG.fcpbundle/Very Special Session/Render Files/High Quality Media/035AC536548CE8D8692D59A35D208CDF/Frame 18432 - 19455
.f           IDLEG.fcpbundle/Very Special Session/Render Files/High Quality Media/035AC536548CE8D8692D59A35D208CDF/Frame 19456 - 20479
.f           IDLEG.fcpbundle/Very Special Session/Render Files/High Quality Media/035AC536548CE8D8692D59A35D208CDF/Frame 2048 - 3071
.f           IDLEG.fcpbundle/Very Special Session/Render Files/High Quality Media/035AC536548CE8D8692D59A35D208CDF/Frame 20480 - 21503
.f           IDLEG.fcpbundle/Very Special Session/Render Files/High Quality Media/035AC536548CE8D8692D59A35D208CDF/Frame 21504 - 22527
.f           IDLEG.fcpbundle/Very Special Session/Render Files/High Quality Media/035AC536548CE8D8692D59A35D208CDF/Frame 22528 - 23551
.f           IDLEG.fcpbundle/Very Special Session/Render Files/High Quality Media/035AC536548CE8D8692D59A35D208CDF/Frame 23552 - 24575
.f           IDLEG.fcpbundle/Very Special Session/Render Files/High Quality Media/035AC536548CE8D8692D59A35D208CDF/Frame 24576 - 25599
.f           IDLEG.fcpbundle/Very Special Session/Render Files/High Quality Media/035AC536548CE8D8692D59A35D208CDF/Frame 25600 - 26623
.f           IDLEG.fcpbundle/Very Special Session/Render Files/High Quality Media/035AC536548CE8D8692D59A35D208CDF/Frame 26624 - 27647
.f           IDLEG.fcpbundle/Very Special Session/Render Files/High Quality Media/035AC536548CE8D8692D59A35D208CDF/Frame 27648 - 28671
.f           IDLEG.fcpbundle/Very Special Session/Render Files/High Quality Media/035AC536548CE8D8692D59A35D208CDF/Frame 28672 - 29695
.f           IDLEG.fcpbundle/Very Special Session/Render Files/High Quality Media/035AC536548CE8D8692D59A35D208CDF/Frame 29696 - 30719
.f           IDLEG.fcpbundle/Very Special Session/Render Files/High Quality Media/035AC536548CE8D8692D59A35D208CDF/Frame 3072 - 4095
.f           IDLEG.fcpbundle/Very Special Session/Render Files/High Quality Media/035AC536548CE8D8692D59A35D208CDF/Frame 30720 - 31743
.f           IDLEG.fcpbundle/Very Special Session/Render Files/High Quality Media/035AC536548CE8D8692D59A35D208CDF/Frame 31744 - 32767
.f           IDLEG.fcpbundle/Very Special Session/Render Files/High Quality Media/035AC536548CE8D8692D59A35D208CDF/Frame 32768 - 33791
.f           IDLEG.fcpbundle/Very Special Session/Render Files/High Quality Media/035AC536548CE8D8692D59A35D208CDF/Frame 33792 - 34815
.f           IDLEG.fcpbundle/Very Special Session/Render Files/High Quality Media/035AC536548CE8D8692D59A35D208CDF/Frame 34816 - 35839
.f           IDLEG.fcpbundle/Very Special Session/Render Files/High Quality Media/035AC536548CE8D8692D59A35D208CDF/Frame 35840 - 36863
.f           IDLEG.fcpbundle/Very Special Session/Render Files/High Quality Media/035AC536548CE8D8692D59A35D208CDF/Frame 36864 - 37887
.f           IDLEG.fcpbundle/Very Special Session/Render Files/High Quality Media/035AC536548CE8D8692D59A35D208CDF/Frame 37888 - 38911
.f           IDLEG.fcpbundle/Very Special Session/Render Files/High Quality Media/035AC536548CE8D8692D59A35D208CDF/Frame 38912 - 39935
.f           IDLEG.fcpbundle/Very Special Session/Render Files/High Quality Media/035AC536548CE8D8692D59A35D208CDF/Frame 39936 - 40959
.f           IDLEG.fcpbundle/Very Special Session/Render Files/High Quality Media/035AC536548CE8D8692D59A35D208CDF/Frame 4096 - 5119
.f           IDLEG.fcpbundle/Very Special Session/Render Files/High Quality Media/035AC536548CE8D8692D59A35D208CDF/Frame 40960 - 41983
.f           IDLEG.fcpbundle/Very Special Session/Render Files/High Quality Media/035AC536548CE8D8692D59A35D208CDF/Frame 41984 - 43007
.f           IDLEG.fcpbundle/Very Special Session/Render Files/High Quality Media/035AC536548CE8D8692D59A35D208CDF/Frame 43008 - 44031
.f           IDLEG.fcpbundle/Very Special Session/Render Files/High Quality Media/035AC536548CE8D8692D59A35D208CDF/Frame 44032 - 45055
.f           IDLEG.fcpbundle/Very Special Session/Render Files/High Quality Media/035AC536548CE8D8692D59A35D208CDF/Frame 45056 - 46079
.f           IDLEG.fcpbundle/Very Special Session/Render Files/High Quality Media/035AC536548CE8D8692D59A35D208CDF/Frame 46080 - 47103
.f           IDLEG.fcpbundle/Very Special Session/Render Files/High Quality Media/035AC536548CE8D8692D59A35D208CDF/Frame 47104 - 48127
.f           IDLEG.fcpbundle/Very Special Session/Render Files/High Quality Media/035AC536548CE8D8692D59A35D208CDF/Frame 48128 - 49151
.f           IDLEG.fcpbundle/Very Special Session/Render Files/High Quality Media/035AC536548CE8D8692D59A35D208CDF/Frame 49152 - 50175
.f           IDLEG.fcpbundle/Very Special Session/Render Files/High Quality Media/035AC536548CE8D8692D59A35D208CDF/Frame 50176 - 51199
.f           IDLEG.fcpbundle/Very Special Session/Render Files/High Quality Media/035AC536548CE8D8692D59A35D208CDF/Frame 5120 - 6143
.f           IDLEG.fcpbundle/Very Special Session/Render Files/High Quality Media/035AC536548CE8D8692D59A35D208CDF/Frame 51200 - 52223
.f           IDLEG.fcpbundle/Very Special Session/Render Files/High Quality Media/035AC536548CE8D8692D59A35D208CDF/Frame 52224 - 53247
.f           IDLEG.fcpbundle/Very Special Session/Render Files/High Quality Media/035AC536548CE8D8692D59A35D208CDF/Frame 53248 - 54271
.f           IDLEG.fcpbundle/Very Special Session/Render Files/High Quality Media/035AC536548CE8D8692D59A35D208CDF/Frame 54272 - 55295
.f           IDLEG.fcpbundle/Very Special Session/Render Files/High Quality Media/035AC536548CE8D8692D59A35D208CDF/Frame 55296 - 56319
.f           IDLEG.fcpbundle/Very Special Session/Render Files/High Quality Media/035AC536548CE8D8692D59A35D208CDF/Frame 56320 - 57343
.f           IDLEG.fcpbundle/Very Special Session/Render Files/High Quality Media/035AC536548CE8D8692D59A35D208CDF/Frame 57344 - 58367
.f           IDLEG.fcpbundle/Very Special Session/Render Files/High Quality Media/035AC536548CE8D8692D59A35D208CDF/Frame 58368 - 59391
.f           IDLEG.fcpbundle/Very Special Session/Render Files/High Quality Media/035AC536548CE8D8692D59A35D208CDF/Frame 59392 - 60415
.f           IDLEG.fcpbundle/Very Special Session/Render Files/High Quality Media/035AC536548CE8D8692D59A35D208CDF/Frame 60416 - 61439
.f           IDLEG.fcpbundle/Very Special Session/Render Files/High Quality Media/035AC536548CE8D8692D59A35D208CDF/Frame 6144 - 7167
.f           IDLEG.fcpbundle/Very Special Session/Render Files/High Quality Media/035AC536548CE8D8692D59A35D208CDF/Frame 61440 - 62463
.f           IDLEG.fcpbundle/Very Special Session/Render Files/High Quality Media/035AC536548CE8D8692D59A35D208CDF/Frame 62464 - 63487
.f           IDLEG.fcpbundle/Very Special Session/Render Files/High Quality Media/035AC536548CE8D8692D59A35D208CDF/Frame 63488 - 64511
.f           IDLEG.fcpbundle/Very Special Session/Render Files/High Quality Media/035AC536548CE8D8692D59A35D208CDF/Frame 64512 - 65535
.f           IDLEG.fcpbundle/Very Special Session/Render Files/High Quality Media/035AC536548CE8D8692D59A35D208CDF/Frame 65536 - 66559
.f           IDLEG.fcpbundle/Very Special Session/Render Files/High Quality Media/035AC536548CE8D8692D59A35D208CDF/Frame 66560 - 67583
.f           IDLEG.fcpbundle/Very Special Session/Render Files/High Quality Media/035AC536548CE8D8692D59A35D208CDF/Frame 67584 - 68607
.f           IDLEG.fcpbundle/Very Special Session/Render Files/High Quality Media/035AC536548CE8D8692D59A35D208CDF/Frame 68608 - 69631
.f           IDLEG.fcpbundle/Very Special Session/Render Files/High Quality Media/035AC536548CE8D8692D59A35D208CDF/Frame 69632 - 70655
.f           IDLEG.fcpbundle/Very Special Session/Render Files/High Quality Media/035AC536548CE8D8692D59A35D208CDF/Frame 70656 - 71679
.f           IDLEG.fcpbundle/Very Special Session/Render Files/High Quality Media/035AC536548CE8D8692D59A35D208CDF/Frame 7168 - 8191
.f           IDLEG.fcpbundle/Very Special Session/Render Files/High Quality Media/035AC536548CE8D8692D59A35D208CDF/Frame 71680 - 72703
.f           IDLEG.fcpbundle/Very Special Session/Render Files/High Quality Media/035AC536548CE8D8692D59A35D208CDF/Frame 72704 - 73727
.f           IDLEG.fcpbundle/Very Special Session/Render Files/High Quality Media/035AC536548CE8D8692D59A35D208CDF/Frame 73728 - 74751
.f           IDLEG.fcpbundle/Very Special Session/Render Files/High Quality Media/035AC536548CE8D8692D59A35D208CDF/Frame 74752 - 75775
.f           IDLEG.fcpbundle/Very Special Session/Render Files/High Quality Media/035AC536548CE8D8692D59A35D208CDF/Frame 75776 - 76799
.f           IDLEG.fcpbundle/Very Special Session/Render Files/High Quality Media/035AC536548CE8D8692D59A35D208CDF/Frame 76800 - 77823
.f           IDLEG.fcpbundle/Very Special Session/Render Files/High Quality Media/035AC536548CE8D8692D59A35D208CDF/Frame 77824 - 78847
.f           IDLEG.fcpbundle/Very Special Session/Render Files/High Quality Media/035AC536548CE8D8692D59A35D208CDF/Frame 78848 - 79871
.f           IDLEG.fcpbundle/Very Special Session/Render Files/High Quality Media/035AC536548CE8D8692D59A35D208CDF/Frame 79872 - 80895
.f           IDLEG.fcpbundle/Very Special Session/Render Files/High Quality Media/035AC536548CE8D8692D59A35D208CDF/Frame 80896 - 81919
.f           IDLEG.fcpbundle/Very Special Session/Render Files/High Quality Media/035AC536548CE8D8692D59A35D208CDF/Frame 8192 - 9215
.f           IDLEG.fcpbundle/Very Special Session/Render Files/High Quality Media/035AC536548CE8D8692D59A35D208CDF/Frame 81920 - 82943
.f           IDLEG.fcpbundle/Very Special Session/Render Files/High Quality Media/035AC536548CE8D8692D59A35D208CDF/Frame 82944 - 83967
.f           IDLEG.fcpbundle/Very Special Session/Render Files/High Quality Media/035AC536548CE8D8692D59A35D208CDF/Frame 83968 - 84991
.f           IDLEG.fcpbundle/Very Special Session/Render Files/High Quality Media/035AC536548CE8D8692D59A35D208CDF/Frame 84992 - 86015
.f           IDLEG.fcpbundle/Very Special Session/Render Files/High Quality Media/035AC536548CE8D8692D59A35D208CDF/Frame 86016 - 87039
.f           IDLEG.fcpbundle/Very Special Session/Render Files/High Quality Media/035AC536548CE8D8692D59A35D208CDF/Frame 87040 - 88063
.f           IDLEG.fcpbundle/Very Special Session/Render Files/High Quality Media/035AC536548CE8D8692D59A35D208CDF/Frame 88064 - 89087
.f           IDLEG.fcpbundle/Very Special Session/Render Files/High Quality Media/035AC536548CE8D8692D59A35D208CDF/Frame 89088 - 90111
.f           IDLEG.fcpbundle/Very Special Session/Render Files/High Quality Media/035AC536548CE8D8692D59A35D208CDF/Frame 90112 - 91135
.f           IDLEG.fcpbundle/Very Special Session/Render Files/High Quality Media/035AC536548CE8D8692D59A35D208CDF/Frame 91136 - 92159
.f           IDLEG.fcpbundle/Very Special Session/Render Files/High Quality Media/035AC536548CE8D8692D59A35D208CDF/Frame 9216 - 10239
.f           IDLEG.fcpbundle/Very Special Session/Render Files/High Quality Media/035AC536548CE8D8692D59A35D208CDF/Frame 92160 - 93183
.f           IDLEG.fcpbundle/Very Special Session/Render Files/High Quality Media/035AC536548CE8D8692D59A35D208CDF/Frame 93184 - 94207
.f           IDLEG.fcpbundle/Very Special Session/Render Files/High Quality Media/035AC536548CE8D8692D59A35D208CDF/Frame 94208 - 95231
.f           IDLEG.fcpbundle/Very Special Session/Render Files/High Quality Media/035AC536548CE8D8692D59A35D208CDF/Frame 95232 - 96255
.f           IDLEG.fcpbundle/Very Special Session/Render Files/High Quality Media/035AC536548CE8D8692D59A35D208CDF/Frame 96256 - 97279
.f           IDLEG.fcpbundle/Very Special Session/Render Files/High Quality Media/035AC536548CE8D8692D59A35D208CDF/Frame 97280 - 98303
.f           IDLEG.fcpbundle/Very Special Session/Render Files/High Quality Media/035AC536548CE8D8692D59A35D208CDF/Frame 98304 - 99327
.f           IDLEG.fcpbundle/Very Special Session/Render Files/High Quality Media/035AC536548CE8D8692D59A35D208CDF/Frame 99328 - 100351
.f           IDLEG.fcpbundle/Very Special Session/Render Files/High Quality Media/035AC536548CE8D8692D59A35D208CDF/Info.plist
.d           IDLEG.fcpbundle/Very Special Session/Render Files/Peaks Data/
.f           IDLEG.fcpbundle/Very Special Session/Render Files/Peaks Data/._39312E2B256F8A5EF5A467375402BCC4
.d           IDLEG.fcpbundle/Very Special Session/Render Files/Peaks Data/39312E2B256F8A5EF5A467375402BCC4/
.f           IDLEG.fcpbundle/Very Special Session/Render Files/Peaks Data/39312E2B256F8A5EF5A467375402BCC4/._Frame 0 - 1023
.f           IDLEG.fcpbundle/Very Special Session/Render Files/Peaks Data/39312E2B256F8A5EF5A467375402BCC4/._Frame 1024 - 2047
.f           IDLEG.fcpbundle/Very Special Session/Render Files/Peaks Data/39312E2B256F8A5EF5A467375402BCC4/._Info.plist
.f           IDLEG.fcpbundle/Very Special Session/Render Files/Peaks Data/39312E2B256F8A5EF5A467375402BCC4/Frame 0 - 1023
.f           IDLEG.fcpbundle/Very Special Session/Render Files/Peaks Data/39312E2B256F8A5EF5A467375402BCC4/Frame 1024 - 2047
.f           IDLEG.fcpbundle/Very Special Session/Render Files/Peaks Data/39312E2B256F8A5EF5A467375402BCC4/Info.plist
.d           IDLEG.fcpbundle/Very Special Session/Render Files/Thumbnail Media/
.f           IDLEG.fcpbundle/Very Special Session/Render Files/Thumbnail Media/._685C73AF31F8F1788182E0E9E2FAF732
.d           IDLEG.fcpbundle/Very Special Session/Render Files/Thumbnail Media/685C73AF31F8F1788182E0E9E2FAF732/
.f           IDLEG.fcpbundle/Very Special Session/Render Files/Thumbnail Media/685C73AF31F8F1788182E0E9E2FAF732/._Frame 0 - 1023
.f           IDLEG.fcpbundle/Very Special Session/Render Files/Thumbnail Media/685C73AF31F8F1788182E0E9E2FAF732/._Frame 100352 - 101375
.f           IDLEG.fcpbundle/Very Special Session/Render Files/Thumbnail Media/685C73AF31F8F1788182E0E9E2FAF732/._Frame 101376 - 102399
.f           IDLEG.fcpbundle/Very Special Session/Render Files/Thumbnail Media/685C73AF31F8F1788182E0E9E2FAF732/._Frame 1024 - 2047
.f           IDLEG.fcpbundle/Very Special Session/Render Files/Thumbnail Media/685C73AF31F8F1788182E0E9E2FAF732/._Frame 10240 - 11263
.f           IDLEG.fcpbundle/Very Special Session/Render Files/Thumbnail Media/685C73AF31F8F1788182E0E9E2FAF732/._Frame 102400 - 103423
.f           IDLEG.fcpbundle/Very Special Session/Render Files/Thumbnail Media/685C73AF31F8F1788182E0E9E2FAF732/._Frame 103424 - 104447
.f           IDLEG.fcpbundle/Very Special Session/Render Files/Thumbnail Media/685C73AF31F8F1788182E0E9E2FAF732/._Frame 104448 - 105471
.f           IDLEG.fcpbundle/Very Special Session/Render Files/Thumbnail Media/685C73AF31F8F1788182E0E9E2FAF732/._Frame 105472 - 106495
.f           IDLEG.fcpbundle/Very Special Session/Render Files/Thumbnail Media/685C73AF31F8F1788182E0E9E2FAF732/._Frame 106496 - 107519
.f           IDLEG.fcpbundle/Very Special Session/Render Files/Thumbnail Media/685C73AF31F8F1788182E0E9E2FAF732/._Frame 107520 - 108543
.f           IDLEG.fcpbundle/Very Special Session/Render Files/Thumbnail Media/685C73AF31F8F1788182E0E9E2FAF732/._Frame 108544 - 109567
.f           IDLEG.fcpbundle/Very Special Session/Render Files/Thumbnail Media/685C73AF31F8F1788182E0E9E2FAF732/._Frame 109568 - 110591
.f           IDLEG.fcpbundle/Very Special Session/Render Files/Thumbnail Media/685C73AF31F8F1788182E0E9E2FAF732/._Frame 110592 - 111615
.f           IDLEG.fcpbundle/Very Special Session/Render Files/Thumbnail Media/685C73AF31F8F1788182E0E9E2FAF732/._Frame 111616 - 112639
.f           IDLEG.fcpbundle/Very Special Session/Render Files/Thumbnail Media/685C73AF31F8F1788182E0E9E2FAF732/._Frame 112640 - 113663
.f           IDLEG.fcpbundle/Very Special Session/Render Files/Thumbnail Media/685C73AF31F8F1788182E0E9E2FAF732/._Frame 113664 - 114687
.f           IDLEG.fcpbundle/Very Special Session/Render Files/Thumbnail Media/685C73AF31F8F1788182E0E9E2FAF732/._Frame 114688 - 115711
.f           IDLEG.fcpbundle/Very Special Session/Render Files/Thumbnail Media/685C73AF31F8F1788182E0E9E2FAF732/._Frame 115712 - 116735
.f           IDLEG.fcpbundle/Very Special Session/Render Files/Thumbnail Media/685C73AF31F8F1788182E0E9E2FAF732/._Frame 116736 - 117759
.f           IDLEG.fcpbundle/Very Special Session/Render Files/Thumbnail Media/685C73AF31F8F1788182E0E9E2FAF732/._Frame 117760 - 118783
.f           IDLEG.fcpbundle/Very Special Session/Render Files/Thumbnail Media/685C73AF31F8F1788182E0E9E2FAF732/._Frame 118784 - 119807
.f           IDLEG.fcpbundle/Very Special Session/Render Files/Thumbnail Media/685C73AF31F8F1788182E0E9E2FAF732/._Frame 119808 - 120831
.f           IDLEG.fcpbundle/Very Special Session/Render Files/Thumbnail Media/685C73AF31F8F1788182E0E9E2FAF732/._Frame 120832 - 121855
.f           IDLEG.fcpbundle/Very Special Session/Render Files/Thumbnail Media/685C73AF31F8F1788182E0E9E2FAF732/._Frame 121856 - 122879
.f           IDLEG.fcpbundle/Very Special Session/Render Files/Thumbnail Media/685C73AF31F8F1788182E0E9E2FAF732/._Frame 12288 - 13311
.f           IDLEG.fcpbundle/Very Special Session/Render Files/Thumbnail Media/685C73AF31F8F1788182E0E9E2FAF732/._Frame 122880 - 123903
.f           IDLEG.fcpbundle/Very Special Session/Render Files/Thumbnail Media/685C73AF31F8F1788182E0E9E2FAF732/._Frame 123904 - 124927
.f           IDLEG.fcpbundle/Very Special Session/Render Files/Thumbnail Media/685C73AF31F8F1788182E0E9E2FAF732/._Frame 124928 - 125951
.f           IDLEG.fcpbundle/Very Special Session/Render Files/Thumbnail Media/685C73AF31F8F1788182E0E9E2FAF732/._Frame 125952 - 126975
.f           IDLEG.fcpbundle/Very Special Session/Render Files/Thumbnail Media/685C73AF31F8F1788182E0E9E2FAF732/._Frame 126976 - 127999
.f           IDLEG.fcpbundle/Very Special Session/Render Files/Thumbnail Media/685C73AF31F8F1788182E0E9E2FAF732/._Frame 13312 - 14335
.f           IDLEG.fcpbundle/Very Special Session/Render Files/Thumbnail Media/685C73AF31F8F1788182E0E9E2FAF732/._Frame 14336 - 15359
.f           IDLEG.fcpbundle/Very Special Session/Render Files/Thumbnail Media/685C73AF31F8F1788182E0E9E2FAF732/._Frame 15360 - 16383
.f           IDLEG.fcpbundle/Very Special Session/Render Files/Thumbnail Media/685C73AF31F8F1788182E0E9E2FAF732/._Frame 16384 - 17407
.f           IDLEG.fcpbundle/Very Special Session/Render Files/Thumbnail Media/685C73AF31F8F1788182E0E9E2FAF732/._Frame 17408 - 18431
.f           IDLEG.fcpbundle/Very Special Session/Render Files/Thumbnail Media/685C73AF31F8F1788182E0E9E2FAF732/._Frame 18432 - 19455
.f           IDLEG.fcpbundle/Very Special Session/Render Files/Thumbnail Media/685C73AF31F8F1788182E0E9E2FAF732/._Frame 19456 - 20479
.f           IDLEG.fcpbundle/Very Special Session/Render Files/Thumbnail Media/685C73AF31F8F1788182E0E9E2FAF732/._Frame 2048 - 3071
.f           IDLEG.fcpbundle/Very Special Session/Render Files/Thumbnail Media/685C73AF31F8F1788182E0E9E2FAF732/._Frame 20480 - 21503
.f           IDLEG.fcpbundle/Very Special Session/Render Files/Thumbnail Media/685C73AF31F8F1788182E0E9E2FAF732/._Frame 21504 - 22527
.f           IDLEG.fcpbundle/Very Special Session/Render Files/Thumbnail Media/685C73AF31F8F1788182E0E9E2FAF732/._Frame 22528 - 23551
.f           IDLEG.fcpbundle/Very Special Session/Render Files/Thumbnail Media/685C73AF31F8F1788182E0E9E2FAF732/._Frame 23552 - 24575
.f           IDLEG.fcpbundle/Very Special Session/Render Files/Thumbnail Media/685C73AF31F8F1788182E0E9E2FAF732/._Frame 24576 - 25599
.f           IDLEG.fcpbundle/Very Special Session/Render Files/Thumbnail Media/685C73AF31F8F1788182E0E9E2FAF732/._Frame 25600 - 26623
.f           IDLEG.fcpbundle/Very Special Session/Render Files/Thumbnail Media/685C73AF31F8F1788182E0E9E2FAF732/._Frame 26624 - 27647
.f           IDLEG.fcpbundle/Very Special Session/Render Files/Thumbnail Media/685C73AF31F8F1788182E0E9E2FAF732/._Frame 27648 - 28671
.f           IDLEG.fcpbundle/Very Special Session/Render Files/Thumbnail Media/685C73AF31F8F1788182E0E9E2FAF732/._Frame 28672 - 29695
.f           IDLEG.fcpbundle/Very Special Session/Render Files/Thumbnail Media/685C73AF31F8F1788182E0E9E2FAF732/._Frame 29696 - 30719
.f           IDLEG.fcpbundle/Very Special Session/Render Files/Thumbnail Media/685C73AF31F8F1788182E0E9E2FAF732/._Frame 3072 - 4095
.f           IDLEG.fcpbundle/Very Special Session/Render Files/Thumbnail Media/685C73AF31F8F1788182E0E9E2FAF732/._Frame 30720 - 31743
.f           IDLEG.fcpbundle/Very Special Session/Render Files/Thumbnail Media/685C73AF31F8F1788182E0E9E2FAF732/._Frame 31744 - 32767
.f           IDLEG.fcpbundle/Very Special Session/Render Files/Thumbnail Media/685C73AF31F8F1788182E0E9E2FAF732/._Frame 32768 - 33791
.f           IDLEG.fcpbundle/Very Special Session/Render Files/Thumbnail Media/685C73AF31F8F1788182E0E9E2FAF732/._Frame 33792 - 34815
.f           IDLEG.fcpbundle/Very Special Session/Render Files/Thumbnail Media/685C73AF31F8F1788182E0E9E2FAF732/._Frame 34816 - 35839
.f           IDLEG.fcpbundle/Very Special Session/Render Files/Thumbnail Media/685C73AF31F8F1788182E0E9E2FAF732/._Frame 35840 - 36863
.f           IDLEG.fcpbundle/Very Special Session/Render Files/Thumbnail Media/685C73AF31F8F1788182E0E9E2FAF732/._Frame 36864 - 37887
.f           IDLEG.fcpbundle/Very Special Session/Render Files/Thumbnail Media/685C73AF31F8F1788182E0E9E2FAF732/._Frame 37888 - 38911
.f           IDLEG.fcpbundle/Very Special Session/Render Files/Thumbnail Media/685C73AF31F8F1788182E0E9E2FAF732/._Frame 38912 - 39935
.f           IDLEG.fcpbundle/Very Special Session/Render Files/Thumbnail Media/685C73AF31F8F1788182E0E9E2FAF732/._Frame 39936 - 40959
.f           IDLEG.fcpbundle/Very Special Session/Render Files/Thumbnail Media/685C73AF31F8F1788182E0E9E2FAF732/._Frame 4096 - 5119
.f           IDLEG.fcpbundle/Very Special Session/Render Files/Thumbnail Media/685C73AF31F8F1788182E0E9E2FAF732/._Frame 40960 - 41983
.f           IDLEG.fcpbundle/Very Special Session/Render Files/Thumbnail Media/685C73AF31F8F1788182E0E9E2FAF732/._Frame 41984 - 43007
.f           IDLEG.fcpbundle/Very Special Session/Render Files/Thumbnail Media/685C73AF31F8F1788182E0E9E2FAF732/._Frame 43008 - 44031
.f           IDLEG.fcpbundle/Very Special Session/Render Files/Thumbnail Media/685C73AF31F8F1788182E0E9E2FAF732/._Frame 44032 - 45055
.f           IDLEG.fcpbundle/Very Special Session/Render Files/Thumbnail Media/685C73AF31F8F1788182E0E9E2FAF732/._Frame 45056 - 46079
.f           IDLEG.fcpbundle/Very Special Session/Render Files/Thumbnail Media/685C73AF31F8F1788182E0E9E2FAF732/._Frame 46080 - 47103
.f           IDLEG.fcpbundle/Very Special Session/Render Files/Thumbnail Media/685C73AF31F8F1788182E0E9E2FAF732/._Frame 47104 - 48127
.f           IDLEG.fcpbundle/Very Special Session/Render Files/Thumbnail Media/685C73AF31F8F1788182E0E9E2FAF732/._Frame 48128 - 49151
.f           IDLEG.fcpbundle/Very Special Session/Render Files/Thumbnail Media/685C73AF31F8F1788182E0E9E2FAF732/._Frame 49152 - 50175
.f           IDLEG.fcpbundle/Very Special Session/Render Files/Thumbnail Media/685C73AF31F8F1788182E0E9E2FAF732/._Frame 50176 - 51199
.f           IDLEG.fcpbundle/Very Special Session/Render Files/Thumbnail Media/685C73AF31F8F1788182E0E9E2FAF732/._Frame 5120 - 6143
.f           IDLEG.fcpbundle/Very Special Session/Render Files/Thumbnail Media/685C73AF31F8F1788182E0E9E2FAF732/._Frame 51200 - 52223
.f           IDLEG.fcpbundle/Very Special Session/Render Files/Thumbnail Media/685C73AF31F8F1788182E0E9E2FAF732/._Frame 52224 - 53247
.f           IDLEG.fcpbundle/Very Special Session/Render Files/Thumbnail Media/685C73AF31F8F1788182E0E9E2FAF732/._Frame 53248 - 54271
.f           IDLEG.fcpbundle/Very Special Session/Render Files/Thumbnail Media/685C73AF31F8F1788182E0E9E2FAF732/._Frame 54272 - 55295
.f           IDLEG.fcpbundle/Very Special Session/Render Files/Thumbnail Media/685C73AF31F8F1788182E0E9E2FAF732/._Frame 55296 - 56319
.f           IDLEG.fcpbundle/Very Special Session/Render Files/Thumbnail Media/685C73AF31F8F1788182E0E9E2FAF732/._Frame 56320 - 57343
.f           IDLEG.fcpbundle/Very Special Session/Render Files/Thumbnail Media/685C73AF31F8F1788182E0E9E2FAF732/._Frame 57344 - 58367
.f           IDLEG.fcpbundle/Very Special Session/Render Files/Thumbnail Media/685C73AF31F8F1788182E0E9E2FAF732/._Frame 58368 - 59391
.f           IDLEG.fcpbundle/Very Special Session/Render Files/Thumbnail Media/685C73AF31F8F1788182E0E9E2FAF732/._Frame 59392 - 60415
.f           IDLEG.fcpbundle/Very Special Session/Render Files/Thumbnail Media/685C73AF31F8F1788182E0E9E2FAF732/._Frame 60416 - 61439
.f           IDLEG.fcpbundle/Very Special Session/Render Files/Thumbnail Media/685C73AF31F8F1788182E0E9E2FAF732/._Frame 61440 - 62463
.f           IDLEG.fcpbundle/Very Special Session/Render Files/Thumbnail Media/685C73AF31F8F1788182E0E9E2FAF732/._Frame 62464 - 63487
.f           IDLEG.fcpbundle/Very Special Session/Render Files/Thumbnail Media/685C73AF31F8F1788182E0E9E2FAF732/._Frame 63488 - 64511
.f           IDLEG.fcpbundle/Very Special Session/Render Files/Thumbnail Media/685C73AF31F8F1788182E0E9E2FAF732/._Frame 64512 - 65535
.f           IDLEG.fcpbundle/Very Special Session/Render Files/Thumbnail Media/685C73AF31F8F1788182E0E9E2FAF732/._Frame 65536 - 66559
.f           IDLEG.fcpbundle/Very Special Session/Render Files/Thumbnail Media/685C73AF31F8F1788182E0E9E2FAF732/._Frame 66560 - 67583
.f           IDLEG.fcpbundle/Very Special Session/Render Files/Thumbnail Media/685C73AF31F8F1788182E0E9E2FAF732/._Frame 67584 - 68607
.f           IDLEG.fcpbundle/Very Special Session/Render Files/Thumbnail Media/685C73AF31F8F1788182E0E9E2FAF732/._Frame 68608 - 69631
.f           IDLEG.fcpbundle/Very Special Session/Render Files/Thumbnail Media/685C73AF31F8F1788182E0E9E2FAF732/._Frame 69632 - 70655
.f           IDLEG.fcpbundle/Very Special Session/Render Files/Thumbnail Media/685C73AF31F8F1788182E0E9E2FAF732/._Frame 70656 - 71679
.f           IDLEG.fcpbundle/Very Special Session/Render Files/Thumbnail Media/685C73AF31F8F1788182E0E9E2FAF732/._Frame 7168 - 8191
.f           IDLEG.fcpbundle/Very Special Session/Render Files/Thumbnail Media/685C73AF31F8F1788182E0E9E2FAF732/._Frame 71680 - 72703
.f           IDLEG.fcpbundle/Very Special Session/Render Files/Thumbnail Media/685C73AF31F8F1788182E0E9E2FAF732/._Frame 72704 - 73727
.f           IDLEG.fcpbundle/Very Special Session/Render Files/Thumbnail Media/685C73AF31F8F1788182E0E9E2FAF732/._Frame 73728 - 74751
.f           IDLEG.fcpbundle/Very Special Session/Render Files/Thumbnail Media/685C73AF31F8F1788182E0E9E2FAF732/._Frame 74752 - 75775
.f           IDLEG.fcpbundle/Very Special Session/Render Files/Thumbnail Media/685C73AF31F8F1788182E0E9E2FAF732/._Frame 75776 - 76799
.f           IDLEG.fcpbundle/Very Special Session/Render Files/Thumbnail Media/685C73AF31F8F1788182E0E9E2FAF732/._Frame 76800 - 77823
.f           IDLEG.fcpbundle/Very Special Session/Render Files/Thumbnail Media/685C73AF31F8F1788182E0E9E2FAF732/._Frame 77824 - 78847
.f           IDLEG.fcpbundle/Very Special Session/Render Files/Thumbnail Media/685C73AF31F8F1788182E0E9E2FAF732/._Frame 78848 - 79871
.f           IDLEG.fcpbundle/Very Special Session/Render Files/Thumbnail Media/685C73AF31F8F1788182E0E9E2FAF732/._Frame 79872 - 80895
.f           IDLEG.fcpbundle/Very Special Session/Render Files/Thumbnail Media/685C73AF31F8F1788182E0E9E2FAF732/._Frame 80896 - 81919
.f           IDLEG.fcpbundle/Very Special Session/Render Files/Thumbnail Media/685C73AF31F8F1788182E0E9E2FAF732/._Frame 8192 - 9215
.f           IDLEG.fcpbundle/Very Special Session/Render Files/Thumbnail Media/685C73AF31F8F1788182E0E9E2FAF732/._Frame 81920 - 82943
.f           IDLEG.fcpbundle/Very Special Session/Render Files/Thumbnail Media/685C73AF31F8F1788182E0E9E2FAF732/._Frame 82944 - 83967
.f           IDLEG.fcpbundle/Very Special Session/Render Files/Thumbnail Media/685C73AF31F8F1788182E0E9E2FAF732/._Frame 83968 - 84991
.f           IDLEG.fcpbundle/Very Special Session/Render Files/Thumbnail Media/685C73AF31F8F1788182E0E9E2FAF732/._Frame 84992 - 86015
.f           IDLEG.fcpbundle/Very Special Session/Render Files/Thumbnail Media/685C73AF31F8F1788182E0E9E2FAF732/._Frame 86016 - 87039
.f           IDLEG.fcpbundle/Very Special Session/Render Files/Thumbnail Media/685C73AF31F8F1788182E0E9E2FAF732/._Frame 87040 - 88063
.f           IDLEG.fcpbundle/Very Special Session/Render Files/Thumbnail Media/685C73AF31F8F1788182E0E9E2FAF732/._Frame 88064 - 89087
.f           IDLEG.fcpbundle/Very Special Session/Render Files/Thumbnail Media/685C73AF31F8F1788182E0E9E2FAF732/._Frame 89088 - 90111
.f           IDLEG.fcpbundle/Very Special Session/Render Files/Thumbnail Media/685C73AF31F8F1788182E0E9E2FAF732/._Frame 90112 - 91135
.f           IDLEG.fcpbundle/Very Special Session/Render Files/Thumbnail Media/685C73AF31F8F1788182E0E9E2FAF732/._Frame 91136 - 92159
.f           IDLEG.fcpbundle/Very Special Session/Render Files/Thumbnail Media/685C73AF31F8F1788182E0E9E2FAF732/._Frame 9216 - 10239
.f           IDLEG.fcpbundle/Very Special Session/Render Files/Thumbnail Media/685C73AF31F8F1788182E0E9E2FAF732/._Frame 92160 - 93183
.f           IDLEG.fcpbundle/Very Special Session/Render Files/Thumbnail Media/685C73AF31F8F1788182E0E9E2FAF732/._Frame 93184 - 94207
.f           IDLEG.fcpbundle/Very Special Session/Render Files/Thumbnail Media/685C73AF31F8F1788182E0E9E2FAF732/._Frame 94208 - 95231
.f           IDLEG.fcpbundle/Very Special Session/Render Files/Thumbnail Media/685C73AF31F8F1788182E0E9E2FAF732/._Frame 95232 - 96255
.f           IDLEG.fcpbundle/Very Special Session/Render Files/Thumbnail Media/685C73AF31F8F1788182E0E9E2FAF732/._Frame 96256 - 97279
.f           IDLEG.fcpbundle/Very Special Session/Render Files/Thumbnail Media/685C73AF31F8F1788182E0E9E2FAF732/._Frame 97280 - 98303
.f           IDLEG.fcpbundle/Very Special Session/Render Files/Thumbnail Media/685C73AF31F8F1788182E0E9E2FAF732/._Frame 98304 - 99327
.f           IDLEG.fcpbundle/Very Special Session/Render Files/Thumbnail Media/685C73AF31F8F1788182E0E9E2FAF732/._Frame 99328 - 100351
.f           IDLEG.fcpbundle/Very Special Session/Render Files/Thumbnail Media/685C73AF31F8F1788182E0E9E2FAF732/._Info.plist
.f           IDLEG.fcpbundle/Very Special Session/Render Files/Thumbnail Media/685C73AF31F8F1788182E0E9E2FAF732/Frame 0 - 1023
.f           IDLEG.fcpbundle/Very Special Session/Render Files/Thumbnail Media/685C73AF31F8F1788182E0E9E2FAF732/Frame 100352 - 101375
.f           IDLEG.fcpbundle/Very Special Session/Render Files/Thumbnail Media/685C73AF31F8F1788182E0E9E2FAF732/Frame 101376 - 102399
.f           IDLEG.fcpbundle/Very Special Session/Render Files/Thumbnail Media/685C73AF31F8F1788182E0E9E2FAF732/Frame 1024 - 2047
.f           IDLEG.fcpbundle/Very Special Session/Render Files/Thumbnail Media/685C73AF31F8F1788182E0E9E2FAF732/Frame 10240 - 11263
.f           IDLEG.fcpbundle/Very Special Session/Render Files/Thumbnail Media/685C73AF31F8F1788182E0E9E2FAF732/Frame 102400 - 103423
.f           IDLEG.fcpbundle/Very Special Session/Render Files/Thumbnail Media/685C73AF31F8F1788182E0E9E2FAF732/Frame 103424 - 104447
.f           IDLEG.fcpbundle/Very Special Session/Render Files/Thumbnail Media/685C73AF31F8F1788182E0E9E2FAF732/Frame 104448 - 105471
.f           IDLEG.fcpbundle/Very Special Session/Render Files/Thumbnail Media/685C73AF31F8F1788182E0E9E2FAF732/Frame 105472 - 106495
.f           IDLEG.fcpbundle/Very Special Session/Render Files/Thumbnail Media/685C73AF31F8F1788182E0E9E2FAF732/Frame 106496 - 107519
.f           IDLEG.fcpbundle/Very Special Session/Render Files/Thumbnail Media/685C73AF31F8F1788182E0E9E2FAF732/Frame 107520 - 108543
.f           IDLEG.fcpbundle/Very Special Session/Render Files/Thumbnail Media/685C73AF31F8F1788182E0E9E2FAF732/Frame 108544 - 109567
.f           IDLEG.fcpbundle/Very Special Session/Render Files/Thumbnail Media/685C73AF31F8F1788182E0E9E2FAF732/Frame 109568 - 110591
.f           IDLEG.fcpbundle/Very Special Session/Render Files/Thumbnail Media/685C73AF31F8F1788182E0E9E2FAF732/Frame 110592 - 111615
.f           IDLEG.fcpbundle/Very Special Session/Render Files/Thumbnail Media/685C73AF31F8F1788182E0E9E2FAF732/Frame 111616 - 112639
.f           IDLEG.fcpbundle/Very Special Session/Render Files/Thumbnail Media/685C73AF31F8F1788182E0E9E2FAF732/Frame 112640 - 113663
.f           IDLEG.fcpbundle/Very Special Session/Render Files/Thumbnail Media/685C73AF31F8F1788182E0E9E2FAF732/Frame 113664 - 114687
.f           IDLEG.fcpbundle/Very Special Session/Render Files/Thumbnail Media/685C73AF31F8F1788182E0E9E2FAF732/Frame 114688 - 115711
.f           IDLEG.fcpbundle/Very Special Session/Render Files/Thumbnail Media/685C73AF31F8F1788182E0E9E2FAF732/Frame 115712 - 116735
.f           IDLEG.fcpbundle/Very Special Session/Render Files/Thumbnail Media/685C73AF31F8F1788182E0E9E2FAF732/Frame 116736 - 117759
.f           IDLEG.fcpbundle/Very Special Session/Render Files/Thumbnail Media/685C73AF31F8F1788182E0E9E2FAF732/Frame 117760 - 118783
.f           IDLEG.fcpbundle/Very Special Session/Render Files/Thumbnail Media/685C73AF31F8F1788182E0E9E2FAF732/Frame 118784 - 119807
.f           IDLEG.fcpbundle/Very Special Session/Render Files/Thumbnail Media/685C73AF31F8F1788182E0E9E2FAF732/Frame 119808 - 120831
.f           IDLEG.fcpbundle/Very Special Session/Render Files/Thumbnail Media/685C73AF31F8F1788182E0E9E2FAF732/Frame 120832 - 121855
.f           IDLEG.fcpbundle/Very Special Session/Render Files/Thumbnail Media/685C73AF31F8F1788182E0E9E2FAF732/Frame 121856 - 122879
.f           IDLEG.fcpbundle/Very Special Session/Render Files/Thumbnail Media/685C73AF31F8F1788182E0E9E2FAF732/Frame 12288 - 13311
.f           IDLEG.fcpbundle/Very Special Session/Render Files/Thumbnail Media/685C73AF31F8F1788182E0E9E2FAF732/Frame 122880 - 123903
.f           IDLEG.fcpbundle/Very Special Session/Render Files/Thumbnail Media/685C73AF31F8F1788182E0E9E2FAF732/Frame 123904 - 124927
.f           IDLEG.fcpbundle/Very Special Session/Render Files/Thumbnail Media/685C73AF31F8F1788182E0E9E2FAF732/Frame 124928 - 125951
.f           IDLEG.fcpbundle/Very Special Session/Render Files/Thumbnail Media/685C73AF31F8F1788182E0E9E2FAF732/Frame 125952 - 126975
.f           IDLEG.fcpbundle/Very Special Session/Render Files/Thumbnail Media/685C73AF31F8F1788182E0E9E2FAF732/Frame 126976 - 127999
.f           IDLEG.fcpbundle/Very Special Session/Render Files/Thumbnail Media/685C73AF31F8F1788182E0E9E2FAF732/Frame 13312 - 14335
.f           IDLEG.fcpbundle/Very Special Session/Render Files/Thumbnail Media/685C73AF31F8F1788182E0E9E2FAF732/Frame 14336 - 15359
.f           IDLEG.fcpbundle/Very Special Session/Render Files/Thumbnail Media/685C73AF31F8F1788182E0E9E2FAF732/Frame 15360 - 16383
.f           IDLEG.fcpbundle/Very Special Session/Render Files/Thumbnail Media/685C73AF31F8F1788182E0E9E2FAF732/Frame 16384 - 17407
.f           IDLEG.fcpbundle/Very Special Session/Render Files/Thumbnail Media/685C73AF31F8F1788182E0E9E2FAF732/Frame 17408 - 18431
.f           IDLEG.fcpbundle/Very Special Session/Render Files/Thumbnail Media/685C73AF31F8F1788182E0E9E2FAF732/Frame 18432 - 19455
.f           IDLEG.fcpbundle/Very Special Session/Render Files/Thumbnail Media/685C73AF31F8F1788182E0E9E2FAF732/Frame 19456 - 20479
.f           IDLEG.fcpbundle/Very Special Session/Render Files/Thumbnail Media/685C73AF31F8F1788182E0E9E2FAF732/Frame 2048 - 3071
.f           IDLEG.fcpbundle/Very Special Session/Render Files/Thumbnail Media/685C73AF31F8F1788182E0E9E2FAF732/Frame 20480 - 21503
.f           IDLEG.fcpbundle/Very Special Session/Render Files/Thumbnail Media/685C73AF31F8F1788182E0E9E2FAF732/Frame 21504 - 22527
.f           IDLEG.fcpbundle/Very Special Session/Render Files/Thumbnail Media/685C73AF31F8F1788182E0E9E2FAF732/Frame 22528 - 23551
.f           IDLEG.fcpbundle/Very Special Session/Render Files/Thumbnail Media/685C73AF31F8F1788182E0E9E2FAF732/Frame 23552 - 24575
.f           IDLEG.fcpbundle/Very Special Session/Render Files/Thumbnail Media/685C73AF31F8F1788182E0E9E2FAF732/Frame 24576 - 25599
.f           IDLEG.fcpbundle/Very Special Session/Render Files/Thumbnail Media/685C73AF31F8F1788182E0E9E2FAF732/Frame 25600 - 26623
.f           IDLEG.fcpbundle/Very Special Session/Render Files/Thumbnail Media/685C73AF31F8F1788182E0E9E2FAF732/Frame 26624 - 27647
.f           IDLEG.fcpbundle/Very Special Session/Render Files/Thumbnail Media/685C73AF31F8F1788182E0E9E2FAF732/Frame 27648 - 28671
.f           IDLEG.fcpbundle/Very Special Session/Render Files/Thumbnail Media/685C73AF31F8F1788182E0E9E2FAF732/Frame 28672 - 29695
.f           IDLEG.fcpbundle/Very Special Session/Render Files/Thumbnail Media/685C73AF31F8F1788182E0E9E2FAF732/Frame 29696 - 30719
.f           IDLEG.fcpbundle/Very Special Session/Render Files/Thumbnail Media/685C73AF31F8F1788182E0E9E2FAF732/Frame 3072 - 4095
.f           IDLEG.fcpbundle/Very Special Session/Render Files/Thumbnail Media/685C73AF31F8F1788182E0E9E2FAF732/Frame 30720 - 31743
.f           IDLEG.fcpbundle/Very Special Session/Render Files/Thumbnail Media/685C73AF31F8F1788182E0E9E2FAF732/Frame 31744 - 32767
.f           IDLEG.fcpbundle/Very Special Session/Render Files/Thumbnail Media/685C73AF31F8F1788182E0E9E2FAF732/Frame 32768 - 33791
.f           IDLEG.fcpbundle/Very Special Session/Render Files/Thumbnail Media/685C73AF31F8F1788182E0E9E2FAF732/Frame 33792 - 34815
.f           IDLEG.fcpbundle/Very Special Session/Render Files/Thumbnail Media/685C73AF31F8F1788182E0E9E2FAF732/Frame 34816 - 35839
.f           IDLEG.fcpbundle/Very Special Session/Render Files/Thumbnail Media/685C73AF31F8F1788182E0E9E2FAF732/Frame 35840 - 36863
.f           IDLEG.fcpbundle/Very Special Session/Render Files/Thumbnail Media/685C73AF31F8F1788182E0E9E2FAF732/Frame 36864 - 37887
.f           IDLEG.fcpbundle/Very Special Session/Render Files/Thumbnail Media/685C73AF31F8F1788182E0E9E2FAF732/Frame 37888 - 38911
.f           IDLEG.fcpbundle/Very Special Session/Render Files/Thumbnail Media/685C73AF31F8F1788182E0E9E2FAF732/Frame 38912 - 39935
.f           IDLEG.fcpbundle/Very Special Session/Render Files/Thumbnail Media/685C73AF31F8F1788182E0E9E2FAF732/Frame 39936 - 40959
.f           IDLEG.fcpbundle/Very Special Session/Render Files/Thumbnail Media/685C73AF31F8F1788182E0E9E2FAF732/Frame 4096 - 5119
.f           IDLEG.fcpbundle/Very Special Session/Render Files/Thumbnail Media/685C73AF31F8F1788182E0E9E2FAF732/Frame 40960 - 41983
.f           IDLEG.fcpbundle/Very Special Session/Render Files/Thumbnail Media/685C73AF31F8F1788182E0E9E2FAF732/Frame 41984 - 43007
.f           IDLEG.fcpbundle/Very Special Session/Render Files/Thumbnail Media/685C73AF31F8F1788182E0E9E2FAF732/Frame 43008 - 44031
.f           IDLEG.fcpbundle/Very Special Session/Render Files/Thumbnail Media/685C73AF31F8F1788182E0E9E2FAF732/Frame 44032 - 45055
.f           IDLEG.fcpbundle/Very Special Session/Render Files/Thumbnail Media/685C73AF31F8F1788182E0E9E2FAF732/Frame 45056 - 46079
.f           IDLEG.fcpbundle/Very Special Session/Render Files/Thumbnail Media/685C73AF31F8F1788182E0E9E2FAF732/Frame 46080 - 47103
.f           IDLEG.fcpbundle/Very Special Session/Render Files/Thumbnail Media/685C73AF31F8F1788182E0E9E2FAF732/Frame 47104 - 48127
.f           IDLEG.fcpbundle/Very Special Session/Render Files/Thumbnail Media/685C73AF31F8F1788182E0E9E2FAF732/Frame 48128 - 49151
.f           IDLEG.fcpbundle/Very Special Session/Render Files/Thumbnail Media/685C73AF31F8F1788182E0E9E2FAF732/Frame 49152 - 50175
.f           IDLEG.fcpbundle/Very Special Session/Render Files/Thumbnail Media/685C73AF31F8F1788182E0E9E2FAF732/Frame 50176 - 51199
.f           IDLEG.fcpbundle/Very Special Session/Render Files/Thumbnail Media/685C73AF31F8F1788182E0E9E2FAF732/Frame 5120 - 6143
.f           IDLEG.fcpbundle/Very Special Session/Render Files/Thumbnail Media/685C73AF31F8F1788182E0E9E2FAF732/Frame 51200 - 52223
.f           IDLEG.fcpbundle/Very Special Session/Render Files/Thumbnail Media/685C73AF31F8F1788182E0E9E2FAF732/Frame 52224 - 53247
.f           IDLEG.fcpbundle/Very Special Session/Render Files/Thumbnail Media/685C73AF31F8F1788182E0E9E2FAF732/Frame 53248 - 54271
.f           IDLEG.fcpbundle/Very Special Session/Render Files/Thumbnail Media/685C73AF31F8F1788182E0E9E2FAF732/Frame 54272 - 55295
.f           IDLEG.fcpbundle/Very Special Session/Render Files/Thumbnail Media/685C73AF31F8F1788182E0E9E2FAF732/Frame 55296 - 56319
.f           IDLEG.fcpbundle/Very Special Session/Render Files/Thumbnail Media/685C73AF31F8F1788182E0E9E2FAF732/Frame 56320 - 57343
.f           IDLEG.fcpbundle/Very Special Session/Render Files/Thumbnail Media/685C73AF31F8F1788182E0E9E2FAF732/Frame 57344 - 58367
.f           IDLEG.fcpbundle/Very Special Session/Render Files/Thumbnail Media/685C73AF31F8F1788182E0E9E2FAF732/Frame 58368 - 59391
.f           IDLEG.fcpbundle/Very Special Session/Render Files/Thumbnail Media/685C73AF31F8F1788182E0E9E2FAF732/Frame 59392 - 60415
.f           IDLEG.fcpbundle/Very Special Session/Render Files/Thumbnail Media/685C73AF31F8F1788182E0E9E2FAF732/Frame 60416 - 61439
.f           IDLEG.fcpbundle/Very Special Session/Render Files/Thumbnail Media/685C73AF31F8F1788182E0E9E2FAF732/Frame 61440 - 62463
.f           IDLEG.fcpbundle/Very Special Session/Render Files/Thumbnail Media/685C73AF31F8F1788182E0E9E2FAF732/Frame 62464 - 63487
.f           IDLEG.fcpbundle/Very Special Session/Render Files/Thumbnail Media/685C73AF31F8F1788182E0E9E2FAF732/Frame 63488 - 64511
.f           IDLEG.fcpbundle/Very Special Session/Render Files/Thumbnail Media/685C73AF31F8F1788182E0E9E2FAF732/Frame 64512 - 65535
.f           IDLEG.fcpbundle/Very Special Session/Render Files/Thumbnail Media/685C73AF31F8F1788182E0E9E2FAF732/Frame 65536 - 66559
.f           IDLEG.fcpbundle/Very Special Session/Render Files/Thumbnail Media/685C73AF31F8F1788182E0E9E2FAF732/Frame 66560 - 67583
.f           IDLEG.fcpbundle/Very Special Session/Render Files/Thumbnail Media/685C73AF31F8F1788182E0E9E2FAF732/Frame 67584 - 68607
.f           IDLEG.fcpbundle/Very Special Session/Render Files/Thumbnail Media/685C73AF31F8F1788182E0E9E2FAF732/Frame 68608 - 69631
.f           IDLEG.fcpbundle/Very Special Session/Render Files/Thumbnail Media/685C73AF31F8F1788182E0E9E2FAF732/Frame 69632 - 70655
.f           IDLEG.fcpbundle/Very Special Session/Render Files/Thumbnail Media/685C73AF31F8F1788182E0E9E2FAF732/Frame 70656 - 71679
.f           IDLEG.fcpbundle/Very Special Session/Render Files/Thumbnail Media/685C73AF31F8F1788182E0E9E2FAF732/Frame 7168 - 8191
.f           IDLEG.fcpbundle/Very Special Session/Render Files/Thumbnail Media/685C73AF31F8F1788182E0E9E2FAF732/Frame 71680 - 72703
.f           IDLEG.fcpbundle/Very Special Session/Render Files/Thumbnail Media/685C73AF31F8F1788182E0E9E2FAF732/Frame 72704 - 73727
.f           IDLEG.fcpbundle/Very Special Session/Render Files/Thumbnail Media/685C73AF31F8F1788182E0E9E2FAF732/Frame 73728 - 74751
.f           IDLEG.fcpbundle/Very Special Session/Render Files/Thumbnail Media/685C73AF31F8F1788182E0E9E2FAF732/Frame 74752 - 75775
.f           IDLEG.fcpbundle/Very Special Session/Render Files/Thumbnail Media/685C73AF31F8F1788182E0E9E2FAF732/Frame 75776 - 76799
.f           IDLEG.fcpbundle/Very Special Session/Render Files/Thumbnail Media/685C73AF31F8F1788182E0E9E2FAF732/Frame 76800 - 77823
.f           IDLEG.fcpbundle/Very Special Session/Render Files/Thumbnail Media/685C73AF31F8F1788182E0E9E2FAF732/Frame 77824 - 78847
.f           IDLEG.fcpbundle/Very Special Session/Render Files/Thumbnail Media/685C73AF31F8F1788182E0E9E2FAF732/Frame 78848 - 79871
.f           IDLEG.fcpbundle/Very Special Session/Render Files/Thumbnail Media/685C73AF31F8F1788182E0E9E2FAF732/Frame 79872 - 80895
.f           IDLEG.fcpbundle/Very Special Session/Render Files/Thumbnail Media/685C73AF31F8F1788182E0E9E2FAF732/Frame 80896 - 81919
.f           IDLEG.fcpbundle/Very Special Session/Render Files/Thumbnail Media/685C73AF31F8F1788182E0E9E2FAF732/Frame 8192 - 9215
.f           IDLEG.fcpbundle/Very Special Session/Render Files/Thumbnail Media/685C73AF31F8F1788182E0E9E2FAF732/Frame 81920 - 82943
.f           IDLEG.fcpbundle/Very Special Session/Render Files/Thumbnail Media/685C73AF31F8F1788182E0E9E2FAF732/Frame 82944 - 83967
.f           IDLEG.fcpbundle/Very Special Session/Render Files/Thumbnail Media/685C73AF31F8F1788182E0E9E2FAF732/Frame 83968 - 84991
.f           IDLEG.fcpbundle/Very Special Session/Render Files/Thumbnail Media/685C73AF31F8F1788182E0E9E2FAF732/Frame 84992 - 86015
.f           IDLEG.fcpbundle/Very Special Session/Render Files/Thumbnail Media/685C73AF31F8F1788182E0E9E2FAF732/Frame 86016 - 87039
.f           IDLEG.fcpbundle/Very Special Session/Render Files/Thumbnail Media/685C73AF31F8F1788182E0E9E2FAF732/Frame 87040 - 88063
.f           IDLEG.fcpbundle/Very Special Session/Render Files/Thumbnail Media/685C73AF31F8F1788182E0E9E2FAF732/Frame 88064 - 89087
.f           IDLEG.fcpbundle/Very Special Session/Render Files/Thumbnail Media/685C73AF31F8F1788182E0E9E2FAF732/Frame 89088 - 90111
.f           IDLEG.fcpbundle/Very Special Session/Render Files/Thumbnail Media/685C73AF31F8F1788182E0E9E2FAF732/Frame 90112 - 91135
.f           IDLEG.fcpbundle/Very Special Session/Render Files/Thumbnail Media/685C73AF31F8F1788182E0E9E2FAF732/Frame 91136 - 92159
.f           IDLEG.fcpbundle/Very Special Session/Render Files/Thumbnail Media/685C73AF31F8F1788182E0E9E2FAF732/Frame 9216 - 10239
.f           IDLEG.fcpbundle/Very Special Session/Render Files/Thumbnail Media/685C73AF31F8F1788182E0E9E2FAF732/Frame 92160 - 93183
.f           IDLEG.fcpbundle/Very Special Session/Render Files/Thumbnail Media/685C73AF31F8F1788182E0E9E2FAF732/Frame 93184 - 94207
.f           IDLEG.fcpbundle/Very Special Session/Render Files/Thumbnail Media/685C73AF31F8F1788182E0E9E2FAF732/Frame 94208 - 95231
.f           IDLEG.fcpbundle/Very Special Session/Render Files/Thumbnail Media/685C73AF31F8F1788182E0E9E2FAF732/Frame 95232 - 96255
.f           IDLEG.fcpbundle/Very Special Session/Render Files/Thumbnail Media/685C73AF31F8F1788182E0E9E2FAF732/Frame 96256 - 97279
.f           IDLEG.fcpbundle/Very Special Session/Render Files/Thumbnail Media/685C73AF31F8F1788182E0E9E2FAF732/Frame 97280 - 98303
.f           IDLEG.fcpbundle/Very Special Session/Render Files/Thumbnail Media/685C73AF31F8F1788182E0E9E2FAF732/Frame 98304 - 99327
.f           IDLEG.fcpbundle/Very Special Session/Render Files/Thumbnail Media/685C73AF31F8F1788182E0E9E2FAF732/Frame 99328 - 100351
.f           IDLEG.fcpbundle/Very Special Session/Render Files/Thumbnail Media/685C73AF31F8F1788182E0E9E2FAF732/Info.plist
.d           IDLEG.fcpbundle/Very Special Session/Shared Items/
.f           IDLEG.fcpbundle/Very Special Session/Shared Items/._nyQeoF-ARNWyL0-wcxdl6g
.d           IDLEG.fcpbundle/Very Special Session/Shared Items/nyQeoF-ARNWyL0-wcxdl6g/
.f           IDLEG.fcpbundle/Very Special Session/Shared Items/nyQeoF-ARNWyL0-wcxdl6g/._ShareStatus.plist
.f           IDLEG.fcpbundle/Very Special Session/Shared Items/nyQeoF-ARNWyL0-wcxdl6g/ShareStatus.plist
.d           IDLEG.fcpbundle/Very Special Session/Untitled Project/
.f           IDLEG.fcpbundle/Very Special Session/Untitled Project/._CurrentVersion.fcpevent
.f           IDLEG.fcpbundle/Very Special Session/Untitled Project/CurrentVersion.fcpevent
.d           IDLEG.fcpbundle/__Temp/
.d           IR/
.f           IR/._Adobe Premiere Pro Audio Previews
.f           IR/._Adobe Premiere Pro Auto-Save
.f           IR/._Assets
.f           IR/._CVUP
.f           IR/._Idaho Reports.prproj
>fc.T....... IR/._SOP Idaho Reports Podcast.docx
>fc.T....... IR/._SOP Idaho Reports with Adobe Premiere.docx
.f           IR/._SOP Using the Export to YouTube preset.docx
.f           IR/._Season 48
.f           IR/._Season 49
.f           IR/._Season 49 summer
.f           IR/._misc
.f           IR/._sq-thumbnail.psd
.f           IR/Idaho Reports.prproj
.f           IR/SOP Idaho Reports Podcast.docx
.f           IR/SOP Idaho Reports with Adobe Premiere.docx
.f           IR/SOP Using the Export to YouTube preset.docx
.f           IR/sq-thumbnail.psd
.d           IR/Adobe Premiere Pro Audio Previews/
.f           IR/Adobe Premiere Pro Audio Previews/._Idaho Reports.PRV
.d           IR/Adobe Premiere Pro Audio Previews/Idaho Reports.PRV/
.f           IR/Adobe Premiere Pro Audio Previews/Idaho Reports.PRV/._092bfb0b-05e2-405e-abc1-0f7f74336e6b+4a014136-e565-3c9e-36b2-56a300000049 32000.cfa
.f           IR/Adobe Premiere Pro Audio Previews/Idaho Reports.PRV/._3c40a8e0-fe63-47b8-a655-da64fc1dc87f+867903ff-375d-d623-773d-192700000049 32000.cfa
.f           IR/Adobe Premiere Pro Audio Previews/Idaho Reports.PRV/._7905c2b1-4555-42bf-8fdf-22bae5d5bbd0+59c03947-fbb3-4d20-f6d3-51a200000049 32000.cfa
.f           IR/Adobe Premiere Pro Audio Previews/Idaho Reports.PRV/._7ca1ddc7-0f8f-44a7-a1dc-c08de790e492+333261b4-4ce2-4df1-49fb-fdeb00000049 32000.cfa
.f           IR/Adobe Premiere Pro Audio Previews/Idaho Reports.PRV/._8d857946-a8bc-426a-9f0d-b3dc151a1433+803769e8-f06b-85d1-adf3-702c00000049 32000.cfa
.f           IR/Adobe Premiere Pro Audio Previews/Idaho Reports.PRV/._8d857946-a8bc-426a-9f0d-b3dc151a1433+b165feeb-1b7b-e588-87e6-9e3400000049 32000.cfa
.f           IR/Adobe Premiere Pro Audio Previews/Idaho Reports.PRV/._Peak Files
.f           IR/Adobe Premiere Pro Audio Previews/Idaho Reports.PRV/._a984e39f-84a8-4683-9883-7c2943f79958+bdac0439-821d-868b-aeb8-d86500000049 32000.cfa
.f           IR/Adobe Premiere Pro Audio Previews/Idaho Reports.PRV/._bb31ca73-8916-42db-b258-948403066581+bcdf902b-5eb7-a349-ac9e-c36000000049 32000.cfa
.f           IR/Adobe Premiere Pro Audio Previews/Idaho Reports.PRV/._c73a4a8c-0b43-41f0-91e3-cb3d997870fb+11d155f8-4464-5330-c31c-86b000000049 32000.cfa
.f           IR/Adobe Premiere Pro Audio Previews/Idaho Reports.PRV/._d6d4dc14-8d03-4732-a404-123781abb76e+65d4d202-0ece-8145-03ce-74c600000049 32000.cfa
.f           IR/Adobe Premiere Pro Audio Previews/Idaho Reports.PRV/._e9f13ab3-60ec-41f4-9d7e-306d64af320e+76192fdf-5321-d8c0-6ebc-9f5b00000049 32000.cfa
.f           IR/Adobe Premiere Pro Audio Previews/Idaho Reports.PRV/._eb9a2d02-6d1e-4ea2-8b3c-3ed646a1532c+7989537a-6a76-4518-9be8-5e5100000049 32000.cfa
.f           IR/Adobe Premiere Pro Audio Previews/Idaho Reports.PRV/092bfb0b-05e2-405e-abc1-0f7f74336e6b+4a014136-e565-3c9e-36b2-56a300000049 32000.cfa
.f           IR/Adobe Premiere Pro Audio Previews/Idaho Reports.PRV/3c40a8e0-fe63-47b8-a655-da64fc1dc87f+867903ff-375d-d623-773d-192700000049 32000.cfa
.f           IR/Adobe Premiere Pro Audio Previews/Idaho Reports.PRV/7905c2b1-4555-42bf-8fdf-22bae5d5bbd0+59c03947-fbb3-4d20-f6d3-51a200000049 32000.cfa
.f           IR/Adobe Premiere Pro Audio Previews/Idaho Reports.PRV/7ca1ddc7-0f8f-44a7-a1dc-c08de790e492+333261b4-4ce2-4df1-49fb-fdeb00000049 32000.cfa
.f           IR/Adobe Premiere Pro Audio Previews/Idaho Reports.PRV/8d857946-a8bc-426a-9f0d-b3dc151a1433+803769e8-f06b-85d1-adf3-702c00000049 32000.cfa
.f           IR/Adobe Premiere Pro Audio Previews/Idaho Reports.PRV/8d857946-a8bc-426a-9f0d-b3dc151a1433+b165feeb-1b7b-e588-87e6-9e3400000049 32000.cfa
.f           IR/Adobe Premiere Pro Audio Previews/Idaho Reports.PRV/a984e39f-84a8-4683-9883-7c2943f79958+bdac0439-821d-868b-aeb8-d86500000049 32000.cfa
.f           IR/Adobe Premiere Pro Audio Previews/Idaho Reports.PRV/bb31ca73-8916-42db-b258-948403066581+bcdf902b-5eb7-a349-ac9e-c36000000049 32000.cfa
.f           IR/Adobe Premiere Pro Audio Previews/Idaho Reports.PRV/c73a4a8c-0b43-41f0-91e3-cb3d997870fb+11d155f8-4464-5330-c31c-86b000000049 32000.cfa
.f           IR/Adobe Premiere Pro Audio Previews/Idaho Reports.PRV/d6d4dc14-8d03-4732-a404-123781abb76e+65d4d202-0ece-8145-03ce-74c600000049 32000.cfa
.f           IR/Adobe Premiere Pro Audio Previews/Idaho Reports.PRV/e9f13ab3-60ec-41f4-9d7e-306d64af320e+76192fdf-5321-d8c0-6ebc-9f5b00000049 32000.cfa
.f           IR/Adobe Premiere Pro Audio Previews/Idaho Reports.PRV/eb9a2d02-6d1e-4ea2-8b3c-3ed646a1532c+7989537a-6a76-4518-9be8-5e5100000049 32000.cfa
.d           IR/Adobe Premiere Pro Audio Previews/Idaho Reports.PRV/Peak Files/
.f           IR/Adobe Premiere Pro Audio Previews/Idaho Reports.PRV/Peak Files/._092bfb0b-05e2-405e-abc1-0f7f74336e6b+4a014136-e565-3c9e-36b2-56a300000049 32000.pek
.f           IR/Adobe Premiere Pro Audio Previews/Idaho Reports.PRV/Peak Files/._3c40a8e0-fe63-47b8-a655-da64fc1dc87f+867903ff-375d-d623-773d-192700000049 32000.pek
.f           IR/Adobe Premiere Pro Audio Previews/Idaho Reports.PRV/Peak Files/._7905c2b1-4555-42bf-8fdf-22bae5d5bbd0+59c03947-fbb3-4d20-f6d3-51a200000049 32000.pek
.f           IR/Adobe Premiere Pro Audio Previews/Idaho Reports.PRV/Peak Files/._7ca1ddc7-0f8f-44a7-a1dc-c08de790e492+333261b4-4ce2-4df1-49fb-fdeb00000049 32000.pek
.f           IR/Adobe Premiere Pro Audio Previews/Idaho Reports.PRV/Peak Files/._8d857946-a8bc-426a-9f0d-b3dc151a1433+803769e8-f06b-85d1-adf3-702c00000049 32000.pek
.f           IR/Adobe Premiere Pro Audio Previews/Idaho Reports.PRV/Peak Files/._8d857946-a8bc-426a-9f0d-b3dc151a1433+b165feeb-1b7b-e588-87e6-9e3400000049 32000.pek
.f           IR/Adobe Premiere Pro Audio Previews/Idaho Reports.PRV/Peak Files/._a984e39f-84a8-4683-9883-7c2943f79958+bdac0439-821d-868b-aeb8-d86500000049 32000.pek
.f           IR/Adobe Premiere Pro Audio Previews/Idaho Reports.PRV/Peak Files/._bb31ca73-8916-42db-b258-948403066581+bcdf902b-5eb7-a349-ac9e-c36000000049 32000.pek
.f           IR/Adobe Premiere Pro Audio Previews/Idaho Reports.PRV/Peak Files/._c73a4a8c-0b43-41f0-91e3-cb3d997870fb+11d155f8-4464-5330-c31c-86b000000049 32000.pek
.f           IR/Adobe Premiere Pro Audio Previews/Idaho Reports.PRV/Peak Files/._d6d4dc14-8d03-4732-a404-123781abb76e+65d4d202-0ece-8145-03ce-74c600000049 32000.pek
.f           IR/Adobe Premiere Pro Audio Previews/Idaho Reports.PRV/Peak Files/._e9f13ab3-60ec-41f4-9d7e-306d64af320e+76192fdf-5321-d8c0-6ebc-9f5b00000049 32000.pek
.f           IR/Adobe Premiere Pro Audio Previews/Idaho Reports.PRV/Peak Files/._eb9a2d02-6d1e-4ea2-8b3c-3ed646a1532c+7989537a-6a76-4518-9be8-5e5100000049 32000.pek
.f           IR/Adobe Premiere Pro Audio Previews/Idaho Reports.PRV/Peak Files/092bfb0b-05e2-405e-abc1-0f7f74336e6b+4a014136-e565-3c9e-36b2-56a300000049 32000.pek
.f           IR/Adobe Premiere Pro Audio Previews/Idaho Reports.PRV/Peak Files/3c40a8e0-fe63-47b8-a655-da64fc1dc87f+867903ff-375d-d623-773d-192700000049 32000.pek
.f           IR/Adobe Premiere Pro Audio Previews/Idaho Reports.PRV/Peak Files/7905c2b1-4555-42bf-8fdf-22bae5d5bbd0+59c03947-fbb3-4d20-f6d3-51a200000049 32000.pek
.f           IR/Adobe Premiere Pro Audio Previews/Idaho Reports.PRV/Peak Files/7ca1ddc7-0f8f-44a7-a1dc-c08de790e492+333261b4-4ce2-4df1-49fb-fdeb00000049 32000.pek
.f           IR/Adobe Premiere Pro Audio Previews/Idaho Reports.PRV/Peak Files/8d857946-a8bc-426a-9f0d-b3dc151a1433+803769e8-f06b-85d1-adf3-702c00000049 32000.pek
.f           IR/Adobe Premiere Pro Audio Previews/Idaho Reports.PRV/Peak Files/8d857946-a8bc-426a-9f0d-b3dc151a1433+b165feeb-1b7b-e588-87e6-9e3400000049 32000.pek
.f           IR/Adobe Premiere Pro Audio Previews/Idaho Reports.PRV/Peak Files/a984e39f-84a8-4683-9883-7c2943f79958+bdac0439-821d-868b-aeb8-d86500000049 32000.pek
.f           IR/Adobe Premiere Pro Audio Previews/Idaho Reports.PRV/Peak Files/bb31ca73-8916-42db-b258-948403066581+bcdf902b-5eb7-a349-ac9e-c36000000049 32000.pek
.f           IR/Adobe Premiere Pro Audio Previews/Idaho Reports.PRV/Peak Files/c73a4a8c-0b43-41f0-91e3-cb3d997870fb+11d155f8-4464-5330-c31c-86b000000049 32000.pek
.f           IR/Adobe Premiere Pro Audio Previews/Idaho Reports.PRV/Peak Files/d6d4dc14-8d03-4732-a404-123781abb76e+65d4d202-0ece-8145-03ce-74c600000049 32000.pek
.f           IR/Adobe Premiere Pro Audio Previews/Idaho Reports.PRV/Peak Files/e9f13ab3-60ec-41f4-9d7e-306d64af320e+76192fdf-5321-d8c0-6ebc-9f5b00000049 32000.pek
.f           IR/Adobe Premiere Pro Audio Previews/Idaho Reports.PRV/Peak Files/eb9a2d02-6d1e-4ea2-8b3c-3ed646a1532c+7989537a-6a76-4518-9be8-5e5100000049 32000.pek
.d           IR/Adobe Premiere Pro Auto-Save/
.f           IR/Adobe Premiere Pro Auto-Save/._Idaho Reports-2021-02-02_23-07-27.prproj
.f           IR/Adobe Premiere Pro Auto-Save/._Idaho Reports-2021-02-02_23-23-36.prproj
.f           IR/Adobe Premiere Pro Auto-Save/._Idaho Reports-2021-02-02_23-37-23.prproj
.f           IR/Adobe Premiere Pro Auto-Save/._Idaho Reports-2021-02-03_00-01-46.prproj
.f           IR/Adobe Premiere Pro Auto-Save/._Idaho Reports-2021-02-03_00-18-09.prproj
.f           IR/Adobe Premiere Pro Auto-Save/._Idaho Reports-2021-02-03_00-35-31.prproj
.f           IR/Adobe Premiere Pro Auto-Save/._Idaho Reports-2021-02-03_00-52-19.prproj
.f           IR/Adobe Premiere Pro Auto-Save/._Idaho Reports-2021-02-03_01-11-11.prproj
.f           IR/Adobe Premiere Pro Auto-Save/._Idaho Reports-2021-02-03_01-27-07.prproj
.f           IR/Adobe Premiere Pro Auto-Save/._Idaho Reports-2021-02-03_01-46-36.prproj
.f           IR/Adobe Premiere Pro Auto-Save/._Idaho Reports-2021-02-10_23-14-12.prproj
.f           IR/Adobe Premiere Pro Auto-Save/._Idaho Reports-2021-02-10_23-29-28.prproj
.f           IR/Adobe Premiere Pro Auto-Save/._Idaho Reports-2021-02-10_23-59-08.prproj
.f           IR/Adobe Premiere Pro Auto-Save/._Idaho Reports-2021-02-11_22-33-10.prproj
.f           IR/Adobe Premiere Pro Auto-Save/._Idaho Reports-2021-02-11_22-46-53.prproj
.f           IR/Adobe Premiere Pro Auto-Save/._Idaho Reports-2021-02-12_13-32-33.prproj
.f           IR/Adobe Premiere Pro Auto-Save/._Idaho Reports-2021-02-12_14-56-12.prproj
.f           IR/Adobe Premiere Pro Auto-Save/._Idaho Reports-2021-02-12_15-37-30.prproj
.f           IR/Adobe Premiere Pro Auto-Save/._Idaho Reports-2021-02-12_16-28-19.prproj
.f           IR/Adobe Premiere Pro Auto-Save/._Idaho Reports-2021-05-28_16-53-21.prproj
.f           IR/Adobe Premiere Pro Auto-Save/._Idaho Reports.prproj
.f           IR/Adobe Premiere Pro Auto-Save/Idaho Reports-2021-02-02_23-07-27.prproj
.f           IR/Adobe Premiere Pro Auto-Save/Idaho Reports-2021-02-02_23-23-36.prproj
.f           IR/Adobe Premiere Pro Auto-Save/Idaho Reports-2021-02-02_23-37-23.prproj
.f           IR/Adobe Premiere Pro Auto-Save/Idaho Reports-2021-02-03_00-01-46.prproj
.f           IR/Adobe Premiere Pro Auto-Save/Idaho Reports-2021-02-03_00-18-09.prproj
.f           IR/Adobe Premiere Pro Auto-Save/Idaho Reports-2021-02-03_00-35-31.prproj
.f           IR/Adobe Premiere Pro Auto-Save/Idaho Reports-2021-02-03_00-52-19.prproj
.f           IR/Adobe Premiere Pro Auto-Save/Idaho Reports-2021-02-03_01-11-11.prproj
.f           IR/Adobe Premiere Pro Auto-Save/Idaho Reports-2021-02-03_01-27-07.prproj
.f           IR/Adobe Premiere Pro Auto-Save/Idaho Reports-2021-02-03_01-46-36.prproj
.f           IR/Adobe Premiere Pro Auto-Save/Idaho Reports-2021-02-10_23-14-12.prproj
.f           IR/Adobe Premiere Pro Auto-Save/Idaho Reports-2021-02-10_23-29-28.prproj
.f           IR/Adobe Premiere Pro Auto-Save/Idaho Reports-2021-02-10_23-59-08.prproj
.f           IR/Adobe Premiere Pro Auto-Save/Idaho Reports-2021-02-11_22-33-10.prproj
.f           IR/Adobe Premiere Pro Auto-Save/Idaho Reports-2021-02-11_22-46-53.prproj
.f           IR/Adobe Premiere Pro Auto-Save/Idaho Reports-2021-02-12_13-32-33.prproj
.f           IR/Adobe Premiere Pro Auto-Save/Idaho Reports-2021-02-12_14-56-12.prproj
.f           IR/Adobe Premiere Pro Auto-Save/Idaho Reports-2021-02-12_15-37-30.prproj
.f           IR/Adobe Premiere Pro Auto-Save/Idaho Reports-2021-02-12_16-28-19.prproj
.f           IR/Adobe Premiere Pro Auto-Save/Idaho Reports-2021-05-28_16-53-21.prproj
.f           IR/Adobe Premiere Pro Auto-Save/Idaho Reports.prproj
.d           IR/Assets/
.f           IR/Assets/.DS_Store
.f           IR/Assets/._.DS_Store
.f           IR/Assets/._COVID
.f           IR/Assets/._FC_FCD393_22_Momentum_Underscore_Deeley_Sawtell_985940.wav
.f           IR/Assets/._FC_FCD393_32_Momentum_Underscore_Deeley_Sawtell_985941.wav
.f           IR/Assets/._Funder.mxf
.f           IR/Assets/._IR Dome BG 45s Loop.mxf
.f           IR/Assets/._IR Open frame.psd
.f           IR/Assets/._IR banner logo for social.jpg
.f           IR/Assets/._IR banner logo medium.jpg
.f           IR/Assets/._IR banner square.jpg
.f           IR/Assets/._IR banner.png
.f           IR/Assets/._IR idaho logo Large.jpg
.f           IR/Assets/._IR idaho logo medium.jpg
.f           IR/Assets/._IR idaho logo social.jpg
.f           IR/Assets/._IdahoPTV-PBS Encoding Bug 1920x1080.png
.f           IR/Assets/._audio theme 30 sec.wav
.f           IR/Assets/._background-empty.jpg
.f           IR/Assets/._background-generic.png
.f           IR/Assets/._background-two-boxes.png
.f           IR/Assets/._bug-light.png
.f           IR/Assets/._bug-mid.png
.f           IR/Assets/._super-box.png
.f           IR/Assets/._super-full-screen.png
.f           IR/Assets/._super-half-screen.png
.f           IR/Assets/._super-name.png
.f           IR/Assets/._super-two-names.png
.f           IR/Assets/FC_FCD393_22_Momentum_Underscore_Deeley_Sawtell_985940.wav
.f           IR/Assets/FC_FCD393_32_Momentum_Underscore_Deeley_Sawtell_985941.wav
.f           IR/Assets/Funder.mxf
.f           IR/Assets/IR Dome BG 45s Loop.mxf
.f           IR/Assets/IR Open frame.psd
.f           IR/Assets/IR banner logo for social.jpg
.f           IR/Assets/IR banner logo medium.jpg
.f           IR/Assets/IR banner square.jpg
.f           IR/Assets/IR banner.png
.f           IR/Assets/IR idaho logo Large.jpg
.f           IR/Assets/IR idaho logo medium.jpg
.f           IR/Assets/IR idaho logo social.jpg
.f           IR/Assets/IdahoPTV-PBS Encoding Bug 1920x1080.png
.f           IR/Assets/audio theme 30 sec.wav
.f           IR/Assets/background-empty.jpg
.f           IR/Assets/background-generic.png
.f           IR/Assets/background-two-boxes.png
.f           IR/Assets/bug-light.png
.f           IR/Assets/bug-mid.png
.f           IR/Assets/super-box.png
.f           IR/Assets/super-full-screen.png
.f           IR/Assets/super-half-screen.png
.f           IR/Assets/super-name.png
.f           IR/Assets/super-two-names.png
.d           IR/Assets/COVID/
.f           IR/Assets/COVID/._Stage-1.jpeg
.f           IR/Assets/COVID/._Stage-2.jpeg
.f           IR/Assets/COVID/._Stage-3.jpeg
.f           IR/Assets/COVID/._Stage-4.jpeg
.f           IR/Assets/COVID/._Update Open.mov
.f           IR/Assets/COVID/._coronavirus.png
.f           IR/Assets/COVID/._rebound-black.jpg
.f           IR/Assets/COVID/._rebound-white.png
.f           IR/Assets/COVID/._title coronavirus update.png
.f           IR/Assets/COVID/Stage-1.jpeg
.f           IR/Assets/COVID/Stage-2.jpeg
.f           IR/Assets/COVID/Stage-3.jpeg
.f           IR/Assets/COVID/Stage-4.jpeg
.f           IR/Assets/COVID/Update Open.mov
.f           IR/Assets/COVID/coronavirus.png
.f           IR/Assets/COVID/rebound-black.jpg
.f           IR/Assets/COVID/rebound-white.png
.f           IR/Assets/COVID/title coronavirus update.png
.d           IR/CVUP/
.f           IR/CVUP/.DS_Store
.f           IR/CVUP/._.DS_Store
.f           IR/CVUP/._2020
.f           IR/CVUP/._2021
.f           IR/CVUP/._CVUP-thumbnail.jpg
.f           IR/CVUP/._CVUP-thumbnail2.jpg
.f           IR/CVUP/._IR-Weekly-CVUP_social.mp4
.f           IR/CVUP/CVUP-thumbnail.jpg
.f           IR/CVUP/CVUP-thumbnail2.jpg
.f           IR/CVUP/IR-Weekly-CVUP_social.mp4
.d           IR/CVUP/2020/
.f           IR/CVUP/2020/._CVUP0717-podcast.m4a
.f           IR/CVUP/2020/._CVUP0720-podcast.mp3
.f           IR/CVUP/2020/._CVUP0721-podcast.m4a
.f           IR/CVUP/2020/._CVUP0722-podcast.mp3
.f           IR/CVUP/2020/._CVUP0723.mp3
.f           IR/CVUP/2020/._CVUP0724-audio.m4a
.f           IR/CVUP/2020/._CVUP0727-podcast.mp3
.f           IR/CVUP/2020/._CVUP0728-podcast.mp3
.f           IR/CVUP/2020/._CVUP0730.mp3
.f           IR/CVUP/2020/._CVUP0731-social.m4a
.f           IR/CVUP/2020/._CVUP0803-podcast.mp3
.f           IR/CVUP/2020/._CVUP0804-podcast.mp3
.f           IR/CVUP/2020/._CVUP0805.mp3
.f           IR/CVUP/2020/._CVUP0806.mp3
>fc.T....... IR/CVUP/2020/._CVUP0807-audio.m4a
.f           IR/CVUP/2020/._CVUP0810-podcast.mp3
.f           IR/CVUP/2020/._CVUP0811-podcast.mp3
.f           IR/CVUP/2020/._CVUP0812.mp3
.f           IR/CVUP/2020/._CVUP0813.mp3
.f           IR/CVUP/2020/._CVUP0814-podcast.mp3
.f           IR/CVUP/2020/._CVUP0817-podcast.mp3
.f           IR/CVUP/2020/._CVUP0818.mp3
.f           IR/CVUP/2020/._CVUP0819-podcast.mp3
.f           IR/CVUP/2020/._CVUP0820.mp3
.f           IR/CVUP/2020/._CVUP0821-audio.mp3
.f           IR/CVUP/2020/._CVUP0824.mp3
.f           IR/CVUP/2020/._CVUP0825.mp3
.f           IR/CVUP/2020/._CVUP0826-podcast.mp3
.f           IR/CVUP/2020/._CVUP0827.mp3
.f           IR/CVUP/2020/._CVUP0828-audio.m4a
.f           IR/CVUP/2020/._CVUP0831-podcast.mp3
.f           IR/CVUP/2020/._CVUP0901.mp3
.f           IR/CVUP/2020/._CVUP0902.mp3
.f           IR/CVUP/2020/._CVUP0903.mp3
.f           IR/CVUP/2020/._CVUP0904.mp3
.f           IR/CVUP/2020/._CVUP0907.mp3
.f           IR/CVUP/2020/._CVUP0908-podcast.mp3
.f           IR/CVUP/2020/._CVUP0909-podcast.mp3
.f           IR/CVUP/2020/._CVUP0910-podcast.m4a
>fc.T....... IR/CVUP/2020/._CVUP0911.mp3
.f           IR/CVUP/2020/._CVUP0914.mp3
.f           IR/CVUP/2020/._CVUP0915-podcast.mp3
.f           IR/CVUP/2020/._CVUP0916.m4a
.f           IR/CVUP/2020/._CVUP0917.mp3
.f           IR/CVUP/2020/._CVUP0918.mp3
.f           IR/CVUP/2020/._CVUP0921-podcast.mp3
.f           IR/CVUP/2020/._CVUP0922.m4a
.f           IR/CVUP/2020/._CVUP0923-podcast.mp3
.f           IR/CVUP/2020/._CVUP0924.mp3
.f           IR/CVUP/2020/._CVUP0925.mp3
.f           IR/CVUP/2020/._CVUP0928-podcast.mp3
.f           IR/CVUP/2020/._CVUP0929.mp3
.f           IR/CVUP/2020/._CVUP0930-podcast.mp3
.f           IR/CVUP/2020/._CVUP1001.mp3
.f           IR/CVUP/2020/._CVUP1002.m4a
.f           IR/CVUP/2020/._CVUP1005-podcast.mp3
.f           IR/CVUP/2020/._CVUP1006.mp3
.f           IR/CVUP/2020/._CVUP1007-podcast.mp3
.f           IR/CVUP/2020/._CVUP1008.mp3
.f           IR/CVUP/2020/._CVUP1009.mp3
.f           IR/CVUP/2020/._CVUP1014-podcast.mp3
.f           IR/CVUP/2020/._CVUP1015.mp3
.f           IR/CVUP/2020/._CVUP1016-podcast.mp3
.f           IR/CVUP/2020/._CVUP1019.mp3
.f           IR/CVUP/2020/._CVUP1020-podcast.mp3
.f           IR/CVUP/2020/._CVUP1021.m4a
.f           IR/CVUP/2020/._CVUP1022.mp3
.f           IR/CVUP/2020/._CVUP1023.mp3
.f           IR/CVUP/2020/._CVUP1026-podcast.mp3
.f           IR/CVUP/2020/._CVUP1027.mp3
.f           IR/CVUP/2020/._CVUP1028-podcast.mp3
.f           IR/CVUP/2020/._CVUP1029.mp3
.f           IR/CVUP/2020/._CVUP1030-podcast.mp3
.f           IR/CVUP/2020/._CVUP1102-podcast.mp3
.f           IR/CVUP/2020/._CVUP1103.mp3
.f           IR/CVUP/2020/._CVUP1104-podcast.mp3
.f           IR/CVUP/2020/._CVUP1105.mp3
.f           IR/CVUP/2020/._CVUP1106-podcast.mp3
.f           IR/CVUP/2020/._CVUP1109-podcast.mp3
.f           IR/CVUP/2020/._CVUP1110.mp3
.f           IR/CVUP/2020/._CVUP1111-podcast.mp3
.f           IR/CVUP/2020/._CVUP1112.mp3
.f           IR/CVUP/2020/._CVUP1113-podcast.mp3
.f           IR/CVUP/2020/._CVUP1116-podcast.mp3
.f           IR/CVUP/2020/._CVUP1117.mp3
.f           IR/CVUP/2020/._CVUP1118-podcast.mp3
.f           IR/CVUP/2020/._CVUP1119.mp3
.f           IR/CVUP/2020/._CVUP1120.mp3
.f           IR/CVUP/2020/._CVUP1123.mp3
.f           IR/CVUP/2020/._CVUP1124.mp3
.f           IR/CVUP/2020/._CVUP1125.mp3
.f           IR/CVUP/2020/._CVUP1127.mp3
.f           IR/CVUP/2020/._CVUP1130-podcast.mp3
.f           IR/CVUP/2020/._CVUP1201-podcast.m4a
.f           IR/CVUP/2020/._CVUP1202-podcast.m4a
.f           IR/CVUP/2020/._CVUP1203-podcast.mp3
.f           IR/CVUP/2020/._CVUP1204-podcast.mp3
.f           IR/CVUP/2020/._CVUP1207-podcast.mp3
.f           IR/CVUP/2020/._CVUP1208.mp3
.f           IR/CVUP/2020/._CVUP1209-podcast.mp3
.f           IR/CVUP/2020/._CVUP1210-podcast.m4a
.f           IR/CVUP/2020/._CVUP1211-podcast.m4a
.f           IR/CVUP/2020/._CVUP1214-podcast.mp3
.f           IR/CVUP/2020/._CVUP1215.mp3
.f           IR/CVUP/2020/._CVUP1216-podcast.mp3
.f           IR/CVUP/2020/._CVUP1217.mp3
.f           IR/CVUP/2020/._CVUP1218.mp3
.f           IR/CVUP/2020/._CVUP1221-podcast.mp3
.f           IR/CVUP/2020/._CVUP1222-podcast.mp3
.f           IR/CVUP/2020/._CVUP1223.mp3
.f           IR/CVUP/2020/._CVUP1224.mp3
.f           IR/CVUP/2020/._CVUP1228-podcast.mp3
.f           IR/CVUP/2020/._CVUP1229-podcast.mp3
.f           IR/CVUP/2020/._CVUP1230.mp3
.f           IR/CVUP/2020/._CVUP1231.mp3
.f           IR/CVUP/2020/._IR Update 042720_social.m4a
.f           IR/CVUP/2020/._IR Update 042820_social.m4a
.f           IR/CVUP/2020/._IR Update 042920_social.m4a
.f           IR/CVUP/2020/._IR Update 043020_social.m4a
.f           IR/CVUP/2020/._IR Update 050120_social.m4a
.f           IR/CVUP/2020/._IR Update 050420_social.m4a
.f           IR/CVUP/2020/._IR Update 050520_social.m4a
.f           IR/CVUP/2020/._IR Update 050620_social.m4a
.f           IR/CVUP/2020/._IR Update 050720_social.m4a
.f           IR/CVUP/2020/._IR Update 050820_social.m4a
.f           IR/CVUP/2020/._IR Update 051120_social.m4a
.f           IR/CVUP/2020/._IR Update 051220_social.m4a
.f           IR/CVUP/2020/._IR Update 051320_social.m4a
.f           IR/CVUP/2020/._IR Update 051420_social.m4a
.f           IR/CVUP/2020/._IR Update 051520_social.m4a
.f           IR/CVUP/2020/._IR Update 051820_social.m4a
.f           IR/CVUP/2020/._IR Update 051920_social.m4a
.f           IR/CVUP/2020/._IR Update 052120_social.m4a
.f           IR/CVUP/2020/._IR Update 052220_social.m4a
>fc.T....... IR/CVUP/2020/._IR Update 052620_social.m4a
.f           IR/CVUP/2020/._IR Update 052720_social.m4a
.f           IR/CVUP/2020/._IR Update 052820_social.m4a
.f           IR/CVUP/2020/._IR Update 052920.mp3
.f           IR/CVUP/2020/._IR Update 060120_social.m4a
.f           IR/CVUP/2020/._IR Update 060220_social.m4a
.f           IR/CVUP/2020/._IR Update 060320_social.m4a
.f           IR/CVUP/2020/._IR Update 060420_social.m4a
.f           IR/CVUP/2020/._IR Update 060520_social.m4a
.f           IR/CVUP/2020/._IR Update 060820_social.m4a
>fc.T....... IR/CVUP/2020/._IR Update 060920_social.m4a
>fc.T....... IR/CVUP/2020/._IR Update 061020_social.m4a
>fc.T....... IR/CVUP/2020/._IR Update 061120_social.m4a
.f           IR/CVUP/2020/._IR Update 061220_social.mp3
.f           IR/CVUP/2020/._IR Update 061520_social.m4a
.f           IR/CVUP/2020/._IR Update 061720_social.m4a
.f           IR/CVUP/2020/._IR Update 061820_social.m4a
.f           IR/CVUP/2020/._IR Update 061920_social.m4a
.f           IR/CVUP/2020/._IR Update 070620.mp3
.f           IR/CVUP/2020/._IR Update 070720.mp3
.f           IR/CVUP/2020/._IR Update 070820.mp3
.f           IR/CVUP/2020/._IR Update 070920.mp3
.f           IR/CVUP/2020/._IR Update 071020.mp3
.f           IR/CVUP/2020/._IR Update 071320.mp3
.f           IR/CVUP/2020/._IR Update 071420.mp3
.f           IR/CVUP/2020/._IR Update 071520.mp3
.f           IR/CVUP/2020/._IR Update 071620.mp3
.f           IR/CVUP/2020/._cvup0729.m4a
.f           IR/CVUP/2020/CVUP0717-podcast.m4a
.f           IR/CVUP/2020/CVUP0720-podcast.mp3
.f           IR/CVUP/2020/CVUP0721-podcast.m4a
.f           IR/CVUP/2020/CVUP0722-podcast.mp3
.f           IR/CVUP/2020/CVUP0723.mp3
.f           IR/CVUP/2020/CVUP0724-audio.m4a
.f           IR/CVUP/2020/CVUP0727-podcast.mp3
.f           IR/CVUP/2020/CVUP0728-podcast.mp3
.f           IR/CVUP/2020/CVUP0730.mp3
.f           IR/CVUP/2020/CVUP0731-social.m4a
.f           IR/CVUP/2020/CVUP0803-podcast.mp3
.f           IR/CVUP/2020/CVUP0804-podcast.mp3
.f           IR/CVUP/2020/CVUP0805.mp3
.f           IR/CVUP/2020/CVUP0806.mp3
.f           IR/CVUP/2020/CVUP0807-audio.m4a
.f           IR/CVUP/2020/CVUP0810-podcast.mp3
.f           IR/CVUP/2020/CVUP0811-podcast.mp3
.f           IR/CVUP/2020/CVUP0812.mp3
.f           IR/CVUP/2020/CVUP0813.mp3
.f           IR/CVUP/2020/CVUP0814-podcast.mp3
.f           IR/CVUP/2020/CVUP0817-podcast.mp3
.f           IR/CVUP/2020/CVUP0818.mp3
.f           IR/CVUP/2020/CVUP0819-podcast.mp3
.f           IR/CVUP/2020/CVUP0820.mp3
.f           IR/CVUP/2020/CVUP0821-audio.mp3
.f           IR/CVUP/2020/CVUP0824.mp3
.f           IR/CVUP/2020/CVUP0825.mp3
.f           IR/CVUP/2020/CVUP0826-podcast.mp3
.f           IR/CVUP/2020/CVUP0827.mp3
.f           IR/CVUP/2020/CVUP0828-audio.m4a
.f           IR/CVUP/2020/CVUP0831-podcast.mp3
.f           IR/CVUP/2020/CVUP0901.mp3
.f           IR/CVUP/2020/CVUP0902.mp3
.f           IR/CVUP/2020/CVUP0903.mp3
.f           IR/CVUP/2020/CVUP0904.mp3
.f           IR/CVUP/2020/CVUP0907.mp3
.f           IR/CVUP/2020/CVUP0908-podcast.mp3
.f           IR/CVUP/2020/CVUP0909-podcast.mp3
.f           IR/CVUP/2020/CVUP0910-podcast.m4a
.f           IR/CVUP/2020/CVUP0911.mp3
.f           IR/CVUP/2020/CVUP0914.mp3
.f           IR/CVUP/2020/CVUP0915-podcast.mp3
.f           IR/CVUP/2020/CVUP0916.m4a
.f           IR/CVUP/2020/CVUP0917.mp3
.f           IR/CVUP/2020/CVUP0918.mp3
.f           IR/CVUP/2020/CVUP0921-podcast.mp3
.f           IR/CVUP/2020/CVUP0922.m4a
.f           IR/CVUP/2020/CVUP0923-podcast.mp3
.f           IR/CVUP/2020/CVUP0924.mp3
.f           IR/CVUP/2020/CVUP0925.mp3
.f           IR/CVUP/2020/CVUP0928-podcast.mp3
.f           IR/CVUP/2020/CVUP0929.mp3
.f           IR/CVUP/2020/CVUP0930-podcast.mp3
.f           IR/CVUP/2020/CVUP1001.mp3
.f           IR/CVUP/2020/CVUP1002.m4a
.f           IR/CVUP/2020/CVUP1005-podcast.mp3
.f           IR/CVUP/2020/CVUP1006.mp3
.f           IR/CVUP/2020/CVUP1007-podcast.mp3
.f           IR/CVUP/2020/CVUP1008.mp3
.f           IR/CVUP/2020/CVUP1009.mp3
.f           IR/CVUP/2020/CVUP1014-podcast.mp3
.f           IR/CVUP/2020/CVUP1015.mp3
.f           IR/CVUP/2020/CVUP1016-podcast.mp3
.f           IR/CVUP/2020/CVUP1019.mp3
.f           IR/CVUP/2020/CVUP1020-podcast.mp3
.f           IR/CVUP/2020/CVUP1021.m4a
.f           IR/CVUP/2020/CVUP1022.mp3
.f           IR/CVUP/2020/CVUP1023.mp3
.f           IR/CVUP/2020/CVUP1026-podcast.mp3
.f           IR/CVUP/2020/CVUP1027.mp3
.f           IR/CVUP/2020/CVUP1028-podcast.mp3
.f           IR/CVUP/2020/CVUP1029.mp3
.f           IR/CVUP/2020/CVUP1030-podcast.mp3
.f           IR/CVUP/2020/CVUP1102-podcast.mp3
.f           IR/CVUP/2020/CVUP1103.mp3
.f           IR/CVUP/2020/CVUP1104-podcast.mp3
.f           IR/CVUP/2020/CVUP1105.mp3
.f           IR/CVUP/2020/CVUP1106-podcast.mp3
.f           IR/CVUP/2020/CVUP1109-podcast.mp3
.f           IR/CVUP/2020/CVUP1110.mp3
.f           IR/CVUP/2020/CVUP1111-podcast.mp3
.f           IR/CVUP/2020/CVUP1112.mp3
.f           IR/CVUP/2020/CVUP1113-podcast.mp3
.f           IR/CVUP/2020/CVUP1116-podcast.mp3
.f           IR/CVUP/2020/CVUP1117.mp3
.f           IR/CVUP/2020/CVUP1118-podcast.mp3
.f           IR/CVUP/2020/CVUP1119.mp3
.f           IR/CVUP/2020/CVUP1120.mp3
.f           IR/CVUP/2020/CVUP1123.mp3
.f           IR/CVUP/2020/CVUP1124.mp3
.f           IR/CVUP/2020/CVUP1125.mp3
.f           IR/CVUP/2020/CVUP1127.mp3
.f           IR/CVUP/2020/CVUP1130-podcast.mp3
.f           IR/CVUP/2020/CVUP1201-podcast.m4a
.f           IR/CVUP/2020/CVUP1202-podcast.m4a
.f           IR/CVUP/2020/CVUP1203-podcast.mp3
.f           IR/CVUP/2020/CVUP1204-podcast.mp3
.f           IR/CVUP/2020/CVUP1207-podcast.mp3
.f           IR/CVUP/2020/CVUP1208.mp3
.f           IR/CVUP/2020/CVUP1209-podcast.mp3
.f           IR/CVUP/2020/CVUP1210-podcast.m4a
.f           IR/CVUP/2020/CVUP1211-podcast.m4a
.f           IR/CVUP/2020/CVUP1214-podcast.mp3
.f           IR/CVUP/2020/CVUP1215.mp3
.f           IR/CVUP/2020/CVUP1216-podcast.mp3
.f           IR/CVUP/2020/CVUP1217.mp3
.f           IR/CVUP/2020/CVUP1218.mp3
.f           IR/CVUP/2020/CVUP1221-podcast.mp3
.f           IR/CVUP/2020/CVUP1222-podcast.mp3
.f           IR/CVUP/2020/CVUP1223.mp3
.f           IR/CVUP/2020/CVUP1224.mp3
.f           IR/CVUP/2020/CVUP1228-podcast.mp3
.f           IR/CVUP/2020/CVUP1229-podcast.mp3
.f           IR/CVUP/2020/CVUP1230.mp3
.f           IR/CVUP/2020/CVUP1231.mp3
.f           IR/CVUP/2020/IR Update 042720_social.m4a
.f           IR/CVUP/2020/IR Update 042820_social.m4a
.f           IR/CVUP/2020/IR Update 042920_social.m4a
.f           IR/CVUP/2020/IR Update 043020_social.m4a
.f           IR/CVUP/2020/IR Update 050120_social.m4a
.f           IR/CVUP/2020/IR Update 050420_social.m4a
.f           IR/CVUP/2020/IR Update 050520_social.m4a
.f           IR/CVUP/2020/IR Update 050620_social.m4a
.f           IR/CVUP/2020/IR Update 050720_social.m4a
.f           IR/CVUP/2020/IR Update 050820_social.m4a
.f           IR/CVUP/2020/IR Update 051120_social.m4a
.f           IR/CVUP/2020/IR Update 051220_social.m4a
.f           IR/CVUP/2020/IR Update 051320_social.m4a
.f           IR/CVUP/2020/IR Update 051420_social.m4a
.f           IR/CVUP/2020/IR Update 051520_social.m4a
.f           IR/CVUP/2020/IR Update 051820_social.m4a
.f           IR/CVUP/2020/IR Update 051920_social.m4a
.f           IR/CVUP/2020/IR Update 052120_social.m4a
.f           IR/CVUP/2020/IR Update 052220_social.m4a
.f           IR/CVUP/2020/IR Update 052620_social.m4a
.f           IR/CVUP/2020/IR Update 052720_social.m4a
.f           IR/CVUP/2020/IR Update 052820_social.m4a
.f           IR/CVUP/2020/IR Update 052920.mp3
.f           IR/CVUP/2020/IR Update 060120_social.m4a
.f           IR/CVUP/2020/IR Update 060220_social.m4a
.f           IR/CVUP/2020/IR Update 060320_social.m4a
.f           IR/CVUP/2020/IR Update 060420_social.m4a
.f           IR/CVUP/2020/IR Update 060520_social.m4a
.f           IR/CVUP/2020/IR Update 060820_social.m4a
.f           IR/CVUP/2020/IR Update 060920_social.m4a
.f           IR/CVUP/2020/IR Update 061020_social.m4a
.f           IR/CVUP/2020/IR Update 061120_social.m4a
.f           IR/CVUP/2020/IR Update 061220_social.mp3
.f           IR/CVUP/2020/IR Update 061520_social.m4a
.f           IR/CVUP/2020/IR Update 061720_social.m4a
.f           IR/CVUP/2020/IR Update 061820_social.m4a
.f           IR/CVUP/2020/IR Update 061920_social.m4a
.f           IR/CVUP/2020/IR Update 070620.mp3
.f           IR/CVUP/2020/IR Update 070720.mp3
.f           IR/CVUP/2020/IR Update 070820.mp3
.f           IR/CVUP/2020/IR Update 070920.mp3
.f           IR/CVUP/2020/IR Update 071020.mp3
.f           IR/CVUP/2020/IR Update 071320.mp3
.f           IR/CVUP/2020/IR Update 071420.mp3
.f           IR/CVUP/2020/IR Update 071520.mp3
.f           IR/CVUP/2020/IR Update 071620.mp3
.f           IR/CVUP/2020/cvup0729.m4a
.d           IR/CVUP/2021/
.f           IR/CVUP/2021/._CVUP0104-podcast.mp3
.f           IR/CVUP/2021/._CVUP0105.mp3
.f           IR/CVUP/2021/._CVUP0106.mp3
.f           IR/CVUP/2021/._CVUP0107_podcast.mp3
.f           IR/CVUP/2021/._CVUP0108.mp3
.f           IR/CVUP/2021/._CVUP0111-podcast.mp3
.f           IR/CVUP/2021/._CVUP0112-podcast.m4a
.f           IR/CVUP/2021/._CVUP0113_podcast.mp3
.f           IR/CVUP/2021/._CVUP0114.mp3
.f           IR/CVUP/2021/._CVUP0115.mp3
.f           IR/CVUP/2021/._CVUP0119_podcast.mp3
.f           IR/CVUP/2021/._CVUP0120_podcast.m4a
.f           IR/CVUP/2021/._CVUP0121_podcast.mp3
.f           IR/CVUP/2021/._CVUP0122_podcast.mp3
.f           IR/CVUP/2021/._CVUP0125_podcast.mp3
.f           IR/CVUP/2021/._CVUP0126_pod.mp3
.f           IR/CVUP/2021/._CVUP0127-podcast.mp3
.f           IR/CVUP/2021/._CVUP0128_podcast.mp3
.f           IR/CVUP/2021/._CVUP0129-podcast.mp3
.f           IR/CVUP/2021/._CVUP0201-podcast.mp3
.f           IR/CVUP/2021/._CVUP0202.mp3
.f           IR/CVUP/2021/._CVUP0203-podcast.mp3
.f           IR/CVUP/2021/._CVUP0204_pod.mp3
.f           IR/CVUP/2021/._CVUP0205.mp3
.f           IR/CVUP/2021/._CVUP0208_podcast.mp3
.f           IR/CVUP/2021/._CVUP0209_podcast.mp3
.f           IR/CVUP/2021/._CVUP0210_podcast.m4a
.f           IR/CVUP/2021/._CVUP0211_podcast.mp3
.f           IR/CVUP/2021/._CVUP0212_podcast.mp3
.f           IR/CVUP/2021/._CVUP0216_podcast.mp3
.f           IR/CVUP/2021/._CVUP0217_podcast.m4a
.f           IR/CVUP/2021/._CVUP0218_pod.mp3
.f           IR/CVUP/2021/._CVUP0219.mp3
.f           IR/CVUP/2021/._CVUP0222.m4a
.f           IR/CVUP/2021/._CVUP0223_pod.mp3
.f           IR/CVUP/2021/._CVUP0224_pod.mp3
.f           IR/CVUP/2021/._CVUP0225_podcast.mp3
.f           IR/CVUP/2021/._CVUP0226-podcast.mp3
.f           IR/CVUP/2021/._CVUP0301-podcast.mp3
.f           IR/CVUP/2021/._CVUP0302_podcast.mp3
.f           IR/CVUP/2021/._CVUP0303-podcast.mp3
.f           IR/CVUP/2021/._CVUP0304_podcast.mp3
.f           IR/CVUP/2021/._CVUP0305.mp3
.f           IR/CVUP/2021/._CVUP0308.m4a
.f           IR/CVUP/2021/._CVUP0309_pod.mp3
.f           IR/CVUP/2021/._CVUP0310-podcast.mp3
.f           IR/CVUP/2021/._CVUP0311-podcast.m4a
.f           IR/CVUP/2021/._CVUP0312-podcast.mp3
.f           IR/CVUP/2021/._CVUP0315-podcast.mp3
.f           IR/CVUP/2021/._CVUP0316_podcast.mp3
.f           IR/CVUP/2021/._CVUP0317-podcast.mp3
.f           IR/CVUP/2021/._CVUP0318_podcast.mp3
.f           IR/CVUP/2021/._CVUP0319.mp3
.f           IR/CVUP/2021/._CVUP0322-podcast.mp3
.f           IR/CVUP/2021/._CVUP0323-podcast.m4a
.f           IR/CVUP/2021/._CVUP0324-podcast.mp3
.f           IR/CVUP/2021/._CVUP0325_podcast.m4a
.f           IR/CVUP/2021/._CVUP0326.mp3
.f           IR/CVUP/2021/._CVUP0329-podcast.mp3
.f           IR/CVUP/2021/._CVUP0330_pod.mp3
.f           IR/CVUP/2021/._CVUP0331-podcast.mp3
.f           IR/CVUP/2021/._CVUP0401_pod.mp3
.f           IR/CVUP/2021/._CVUP0402_pod.mp3
.f           IR/CVUP/2021/._CVUP0405-podcast.mp3
.f           IR/CVUP/2021/._CVUP0406-podcast.m4a
.f           IR/CVUP/2021/._CVUP0407-podcast.mp3
.f           IR/CVUP/2021/._CVUP0408.mp3
.f           IR/CVUP/2021/._CVUP0409.mp3
.f           IR/CVUP/2021/._CVUP0412-podcast.mp3
.f           IR/CVUP/2021/._CVUP0413-podcast.mp3
.f           IR/CVUP/2021/._CVUP0414-podcast.m4a
.f           IR/CVUP/2021/._CVUP0415-podcast.mp3
.f           IR/CVUP/2021/._CVUP0416-podcast.mp3
.f           IR/CVUP/2021/._CVUP0423.mp3
.f           IR/CVUP/2021/._CVUP0430-podcast.mp3
.f           IR/CVUP/2021/._CVUP0507-podcast.mp3
.f           IR/CVUP/2021/._CVUP0514-podcast.mp3
.f           IR/CVUP/2021/._CVUP0521.mp3
.f           IR/CVUP/2021/._CVUP0528.mp3
.f           IR/CVUP/2021/._CVUP0604-podcast.mp3
.f           IR/CVUP/2021/._CVUP0611.mp3
.f           IR/CVUP/2021/._CVUP0618-podcast.mp3
.f           IR/CVUP/2021/._CVUP0625.mp3
.f           IR/CVUP/2021/CVUP0104-podcast.mp3
.f           IR/CVUP/2021/CVUP0105.mp3
.f           IR/CVUP/2021/CVUP0106.mp3
.f           IR/CVUP/2021/CVUP0107_podcast.mp3
.f           IR/CVUP/2021/CVUP0108.mp3
.f           IR/CVUP/2021/CVUP0111-podcast.mp3
.f           IR/CVUP/2021/CVUP0112-podcast.m4a
.f           IR/CVUP/2021/CVUP0113_podcast.mp3
.f           IR/CVUP/2021/CVUP0114.mp3
.f           IR/CVUP/2021/CVUP0115.mp3
.f           IR/CVUP/2021/CVUP0119_podcast.mp3
.f           IR/CVUP/2021/CVUP0120_podcast.m4a
.f           IR/CVUP/2021/CVUP0121_podcast.mp3
.f           IR/CVUP/2021/CVUP0122_podcast.mp3
.f           IR/CVUP/2021/CVUP0125_podcast.mp3
.f           IR/CVUP/2021/CVUP0126_pod.mp3
.f           IR/CVUP/2021/CVUP0127-podcast.mp3
.f           IR/CVUP/2021/CVUP0128_podcast.mp3
.f           IR/CVUP/2021/CVUP0129-podcast.mp3
.f           IR/CVUP/2021/CVUP0201-podcast.mp3
.f           IR/CVUP/2021/CVUP0202.mp3
.f           IR/CVUP/2021/CVUP0203-podcast.mp3
.f           IR/CVUP/2021/CVUP0204_pod.mp3
.f           IR/CVUP/2021/CVUP0205.mp3
.f           IR/CVUP/2021/CVUP0208_podcast.mp3
.f           IR/CVUP/2021/CVUP0209_podcast.mp3
.f           IR/CVUP/2021/CVUP0210_podcast.m4a
.f           IR/CVUP/2021/CVUP0211_podcast.mp3
.f           IR/CVUP/2021/CVUP0212_podcast.mp3
.f           IR/CVUP/2021/CVUP0216_podcast.mp3
.f           IR/CVUP/2021/CVUP0217_podcast.m4a
.f           IR/CVUP/2021/CVUP0218_pod.mp3
.f           IR/CVUP/2021/CVUP0219.mp3
.f           IR/CVUP/2021/CVUP0222.m4a
.f           IR/CVUP/2021/CVUP0223_pod.mp3
.f           IR/CVUP/2021/CVUP0224_pod.mp3
.f           IR/CVUP/2021/CVUP0225_podcast.mp3
.f           IR/CVUP/2021/CVUP0226-podcast.mp3
.f           IR/CVUP/2021/CVUP0301-podcast.mp3
.f           IR/CVUP/2021/CVUP0302_podcast.mp3
.f           IR/CVUP/2021/CVUP0303-podcast.mp3
.f           IR/CVUP/2021/CVUP0304_podcast.mp3
.f           IR/CVUP/2021/CVUP0305.mp3
.f           IR/CVUP/2021/CVUP0308.m4a
.f           IR/CVUP/2021/CVUP0309_pod.mp3
.f           IR/CVUP/2021/CVUP0310-podcast.mp3
.f           IR/CVUP/2021/CVUP0311-podcast.m4a
.f           IR/CVUP/2021/CVUP0312-podcast.mp3
.f           IR/CVUP/2021/CVUP0315-podcast.mp3
.f           IR/CVUP/2021/CVUP0316_podcast.mp3
.f           IR/CVUP/2021/CVUP0317-podcast.mp3
.f           IR/CVUP/2021/CVUP0318_podcast.mp3
.f           IR/CVUP/2021/CVUP0319.mp3
.f           IR/CVUP/2021/CVUP0322-podcast.mp3
.f           IR/CVUP/2021/CVUP0323-podcast.m4a
.f           IR/CVUP/2021/CVUP0324-podcast.mp3
.f           IR/CVUP/2021/CVUP0325_podcast.m4a
.f           IR/CVUP/2021/CVUP0326.mp3
.f           IR/CVUP/2021/CVUP0329-podcast.mp3
.f           IR/CVUP/2021/CVUP0330_pod.mp3
.f           IR/CVUP/2021/CVUP0331-podcast.mp3
.f           IR/CVUP/2021/CVUP0401_pod.mp3
.f           IR/CVUP/2021/CVUP0402_pod.mp3
.f           IR/CVUP/2021/CVUP0405-podcast.mp3
.f           IR/CVUP/2021/CVUP0406-podcast.m4a
.f           IR/CVUP/2021/CVUP0407-podcast.mp3
.f           IR/CVUP/2021/CVUP0408.mp3
.f           IR/CVUP/2021/CVUP0409.mp3
.f           IR/CVUP/2021/CVUP0412-podcast.mp3
.f           IR/CVUP/2021/CVUP0413-podcast.mp3
.f           IR/CVUP/2021/CVUP0414-podcast.m4a
.f           IR/CVUP/2021/CVUP0415-podcast.mp3
.f           IR/CVUP/2021/CVUP0416-podcast.mp3
.f           IR/CVUP/2021/CVUP0423.mp3
.f           IR/CVUP/2021/CVUP0430-podcast.mp3
.f           IR/CVUP/2021/CVUP0507-podcast.mp3
.f           IR/CVUP/2021/CVUP0514-podcast.mp3
.f           IR/CVUP/2021/CVUP0521.mp3
.f           IR/CVUP/2021/CVUP0528.mp3
.f           IR/CVUP/2021/CVUP0604-podcast.mp3
.f           IR/CVUP/2021/CVUP0611.mp3
.f           IR/CVUP/2021/CVUP0618-podcast.mp3
.f           IR/CVUP/2021/CVUP0625.mp3
.d           IR/Season 48/
.f           IR/Season 48/._Gov Q and A 5-14-20.wav
.f           IR/Season 48/._IDRE_4813.xlsx
.f           IR/Season 48/._IDRE_4816.xlsx
.f           IR/Season 48/._IDRE_4817.xlsx
.f           IR/Season 48/._IDRE_4818.xlsx
.f           IR/Season 48/._IDRE_4819.xlsx
.f           IR/Season 48/._IDRE_4820.xlsx
.f           IR/Season 48/._IDRE_4821.xlsx
>fc.T....... IR/Season 48/._IDRE_4822.xlsx
>fc.T....... IR/Season 48/._IDRE_4823.xlsx
>fc.T....... IR/Season 48/._IDRE_4825.xlsx
>fc.T....... IR/Season 48/._IDRE_4826.xlsx
>fc.T....... IR/Season 48/._IDRE_4827.xlsx
>fc.T....... IR/Season 48/._IDRE_4828.xlsx
>fc.T....... IR/Season 48/._IDRE_4829.xlsx
>fc.T....... IR/Season 48/._IDRE_4830.xlsx
>fc.T....... IR/Season 48/._IDRE_4831.xlsx
>fc.T....... IR/Season 48/._IDRE_4832.xlsx
>fc.T....... IR/Season 48/._IDRE_4833.xlsx
>fc.T....... IR/Season 48/._IDRE_4834.xlsx
>fc.T....... IR/Season 48/._IDRE_4835.xlsx
>fc.T....... IR/Season 48/._IDRE_4836.xlsx
>fc.T....... IR/Season 48/._IDRE_4837.xlsx
>fc.T....... IR/Season 48/._IDRE_4838.xlsx
>fc.T....... IR/Season 48/._IDRE_4839.xlsx
>fc.T....... IR/Season 48/._IDRE_4840.xlsx
>fc.T....... IR/Season 48/._IDRE_4841.xlsx
>fc.T....... IR/Season 48/._IDRE_4842.xlsx
>fc.T....... IR/Season 48/._IDRE_4843.xlsx
>fc.T....... IR/Season 48/._IDRE_4844.xlsx
>fc.T....... IR/Season 48/._IDRE_4845.xlsx
>fc.T....... IR/Season 48/._IDRE_4846.xlsx
>fc.T....... IR/Season 48/._IDRE_4847.xlsx
.f           IR/Season 48/._IMG_0616.jpg
.f           IR/Season 48/._IMG_0678.jpg
.f           IR/Season 48/._IR Race special-podcast audio.wav
.f           IR/Season 48/._IR4822 MEZZ Photo.png
.f           IR/Season 48/._IR4822 SQUARE.jpg
.f           IR/Season 48/._IR4823-sq-thumbnail.jpg
.f           IR/Season 48/._IR4827-PODCAST.jpg
.f           IR/Season 48/._IR4827-PODCAST.mp3
.f           IR/Season 48/._IR4833-PODCAST.mp3
.f           IR/Season 48/._IR4835.mp3
.f           IR/Season 48/._IR4840-Podcast.mp3
.f           IR/Season 48/._IRTH_0402.xlsx
.f           IR/Season 48/._IRTH_0409.xlsx
.f           IR/Season 48/._IRTH_0416.xlsx
.f           IR/Season 48/._IRTH_0423.xlsx
.f           IR/Season 48/._IRTH_0430.xlsx
.f           IR/Season 48/._IRTH_0514.xlsx
>fc.T....... IR/Season 48/._IRTH_0604.xlsx
>fc.T....... IR/Season 48/._IRTH_0625.xlsx
.f           IR/Season 48/._Ir4823HDBA-podcast audo.wav
.f           IR/Season 48/._Web Extras
.f           IR/Season 48/._characters.xlsx
.f           IR/Season 48/._ir race th-0604.jpg
.f           IR/Season 48/._ir race-special-sq-thumb.jpg
.f           IR/Season 48/._ir4819-sq.jpg
.f           IR/Season 48/._ir4819.jpg
.f           IR/Season 48/._ir4819_audio.wav
.f           IR/Season 48/._ir4820_audio.wav
.f           IR/Season 48/._ir4821 audio.wav
.f           IR/Season 48/._ir4821.jpg
.f           IR/Season 48/._ir4821_SQ.jpg
.f           IR/Season 48/._ir4822 AUDIO.wav
.f           IR/Season 48/._ir4823_Mz.jpg
.f           IR/Season 48/._ir4824-thumbnail.jpg
.f           IR/Season 48/._ir4824_Mz.jpg
.f           IR/Season 48/._ir4824_audio.wav
.f           IR/Season 48/._ir4825_Mz.jpg
.f           IR/Season 48/._ir4825_POD.jpg
.f           IR/Season 48/._ir4825_audio.wav
.f           IR/Season 48/._ir4826-podcast.wav
.f           IR/Season 48/._ir4826_Mz.jpg
.f           IR/Season 48/._ir4826_POD.jpg
.f           IR/Season 48/._ir4827_Mz.jpg
.f           IR/Season 48/._ir4828-podcast.mp3
.f           IR/Season 48/._ir4828_Mz.jpg
.f           IR/Season 48/._ir4828_pod.jpg
.f           IR/Season 48/._ir4829_Mz.jpg
.f           IR/Season 48/._ir4829_pod.jpg
.f           IR/Season 48/._ir4829_podcast.mp3
.f           IR/Season 48/._ir4830-podcast.jpg
.f           IR/Season 48/._ir4830-podcast.mp3
.f           IR/Season 48/._ir4830_Mz.jpg
.f           IR/Season 48/._ir4831-podcast.jpg
.f           IR/Season 48/._ir4831-podcast.mp3
.f           IR/Season 48/._ir4831_Mz.jpg
.f           IR/Season 48/._ir4832-podcast.mp3
.f           IR/Season 48/._ir4832_Mz.jpg
.f           IR/Season 48/._ir4832_POD.jpg
.f           IR/Season 48/._ir4833_Mz.jpg
.f           IR/Season 48/._ir4833_pod.jpg
.f           IR/Season 48/._ir4834-podcast.mp3
.f           IR/Season 48/._ir4834_Mz.jpg
.f           IR/Season 48/._ir4834_pod.jpg
.f           IR/Season 48/._ir4835.jpg
.f           IR/Season 48/._ir4835_pod.jpg
.f           IR/Season 48/._ir4836_Mz.jpg
.f           IR/Season 48/._ir4836_POD.jpg
.f           IR/Season 48/._ir4836_podcast.mp3
.f           IR/Season 48/._ir4837-podcast.mp3
.f           IR/Season 48/._ir4837_Mz.jpg
.f           IR/Season 48/._ir4837_POD.jpg
.f           IR/Season 48/._ir4838_Mz.jpg
.f           IR/Season 48/._ir4838_Pod.jpg
.f           IR/Season 48/._ir4838_podcast.mp3
.f           IR/Season 48/._ir4839-podcast.jpg
.f           IR/Season 48/._ir4839-podcast.mp3
.f           IR/Season 48/._ir4839_Mz.jpg
.f           IR/Season 48/._ir4840_Mz.jpg
.f           IR/Season 48/._ir4840_POD.jpg
.f           IR/Season 48/._ir4841-podcast.mp3
.f           IR/Season 48/._ir4841_mz.jpg
.f           IR/Season 48/._ir4841_pod.jpg
.f           IR/Season 48/._ir4842-podcast.mp3
.f           IR/Season 48/._ir4842_Mz.jpg
.f           IR/Season 48/._ir4842_POD.jpg
.f           IR/Season 48/._ir4843-podcast.mp3
.f           IR/Season 48/._ir4843_Mz.jpg
.f           IR/Season 48/._ir4843_POD.jpg
.f           IR/Season 48/._ir4844-podcast.mp3
.f           IR/Season 48/._ir4844_Mz.jpg
.f           IR/Season 48/._ir4844_pod.jpg
.f           IR/Season 48/._ir4845-podcast audio.mp3
.f           IR/Season 48/._ir4845_Mz.jpg
.f           IR/Season 48/._ir4845_POD.jpg
.f           IR/Season 48/._ir4846_podcast.jpg
.f           IR/Season 48/._ir4846_podcast.mp3
.f           IR/Season 48/._ir4847_Bedke.mp4
.f           IR/Season 48/._ir4847_Mz.jpg
.f           IR/Season 48/._ir4847_podcast.jpg
.f           IR/Season 48/._ir4847_podcast.mp3
.f           IR/Season 48/._ir4847x_Rubel.mp4
.f           IR/Season 48/._irth0625.wav
.f           IR/Season 48/._irth0625_Mz.jpg
.f           IR/Season 48/._irth0625_POD.jpg
>fc.T....... IR/Season 48/._~$IDRE_4829.xlsx
>fc.T....... IR/Season 48/._~$IDRE_4832.xlsx
.f           IR/Season 48/Gov Q and A 5-14-20.wav
.f           IR/Season 48/IDRE_4813.xlsx
.f           IR/Season 48/IDRE_4816.xlsx
.f           IR/Season 48/IDRE_4817.xlsx
.f           IR/Season 48/IDRE_4818.xlsx
.f           IR/Season 48/IDRE_4819.xlsx
.f           IR/Season 48/IDRE_4820.xlsx
.f           IR/Season 48/IDRE_4821.xlsx
.f           IR/Season 48/IDRE_4822.xlsx
.f           IR/Season 48/IDRE_4823.xlsx
.f           IR/Season 48/IDRE_4825.xlsx
.f           IR/Season 48/IDRE_4826.xlsx
.f           IR/Season 48/IDRE_4827.xlsx
.f           IR/Season 48/IDRE_4828.xlsx
.f           IR/Season 48/IDRE_4829.xlsx
.f           IR/Season 48/IDRE_4830.xlsx
.f           IR/Season 48/IDRE_4831.xlsx
.f           IR/Season 48/IDRE_4832.xlsx
.f           IR/Season 48/IDRE_4833.xlsx
.f           IR/Season 48/IDRE_4834.xlsx
.f           IR/Season 48/IDRE_4835.xlsx
.f           IR/Season 48/IDRE_4836.xlsx
.f           IR/Season 48/IDRE_4837.xlsx
.f           IR/Season 48/IDRE_4838.xlsx
.f           IR/Season 48/IDRE_4839.xlsx
.f           IR/Season 48/IDRE_4840.xlsx
.f           IR/Season 48/IDRE_4841.xlsx
.f           IR/Season 48/IDRE_4842.xlsx
.f           IR/Season 48/IDRE_4843.xlsx
.f           IR/Season 48/IDRE_4844.xlsx
.f           IR/Season 48/IDRE_4845.xlsx
.f           IR/Season 48/IDRE_4846.xlsx
.f           IR/Season 48/IDRE_4847.xlsx
.f           IR/Season 48/IMG_0616.jpg
.f           IR/Season 48/IMG_0678.jpg
.f           IR/Season 48/IR Race special-podcast audio.wav
.f           IR/Season 48/IR4822 MEZZ Photo.png
.f           IR/Season 48/IR4822 SQUARE.jpg
.f           IR/Season 48/IR4823-sq-thumbnail.jpg
.f           IR/Season 48/IR4827-PODCAST.jpg
.f           IR/Season 48/IR4827-PODCAST.mp3
.f           IR/Season 48/IR4833-PODCAST.mp3
.f           IR/Season 48/IR4835.mp3
.f           IR/Season 48/IR4840-Podcast.mp3
.f           IR/Season 48/IRTH_0402.xlsx
.f           IR/Season 48/IRTH_0409.xlsx
.f           IR/Season 48/IRTH_0416.xlsx
.f           IR/Season 48/IRTH_0423.xlsx
.f           IR/Season 48/IRTH_0430.xlsx
.f           IR/Season 48/IRTH_0514.xlsx
.f           IR/Season 48/IRTH_0604.xlsx
.f           IR/Season 48/IRTH_0625.xlsx
.f           IR/Season 48/Ir4823HDBA-podcast audo.wav
.f           IR/Season 48/characters.xlsx
.f           IR/Season 48/ir race th-0604.jpg
.f           IR/Season 48/ir race-special-sq-thumb.jpg
.f           IR/Season 48/ir4819-sq.jpg
.f           IR/Season 48/ir4819.jpg
.f           IR/Season 48/ir4819_audio.wav
.f           IR/Season 48/ir4820_audio.wav
.f           IR/Season 48/ir4821 audio.wav
.f           IR/Season 48/ir4821.jpg
.f           IR/Season 48/ir4821_SQ.jpg
.f           IR/Season 48/ir4822 AUDIO.wav
.f           IR/Season 48/ir4823_Mz.jpg
.f           IR/Season 48/ir4824-thumbnail.jpg
.f           IR/Season 48/ir4824_Mz.jpg
.f           IR/Season 48/ir4824_audio.wav
.f           IR/Season 48/ir4825_Mz.jpg
.f           IR/Season 48/ir4825_POD.jpg
.f           IR/Season 48/ir4825_audio.wav
.f           IR/Season 48/ir4826-podcast.wav
.f           IR/Season 48/ir4826_Mz.jpg
.f           IR/Season 48/ir4826_POD.jpg
.f           IR/Season 48/ir4827_Mz.jpg
.f           IR/Season 48/ir4828-podcast.mp3
.f           IR/Season 48/ir4828_Mz.jpg
.f           IR/Season 48/ir4828_pod.jpg
.f           IR/Season 48/ir4829_Mz.jpg
.f           IR/Season 48/ir4829_pod.jpg
.f           IR/Season 48/ir4829_podcast.mp3
.f           IR/Season 48/ir4830-podcast.jpg
.f           IR/Season 48/ir4830-podcast.mp3
.f           IR/Season 48/ir4830_Mz.jpg
.f           IR/Season 48/ir4831-podcast.jpg
.f           IR/Season 48/ir4831-podcast.mp3
.f           IR/Season 48/ir4831_Mz.jpg
.f           IR/Season 48/ir4832-podcast.mp3
.f           IR/Season 48/ir4832_Mz.jpg
.f           IR/Season 48/ir4832_POD.jpg
.f           IR/Season 48/ir4833_Mz.jpg
.f           IR/Season 48/ir4833_pod.jpg
.f           IR/Season 48/ir4834-podcast.mp3
.f           IR/Season 48/ir4834_Mz.jpg
.f           IR/Season 48/ir4834_pod.jpg
.f           IR/Season 48/ir4835.jpg
.f           IR/Season 48/ir4835_pod.jpg
.f           IR/Season 48/ir4836_Mz.jpg
.f           IR/Season 48/ir4836_POD.jpg
.f           IR/Season 48/ir4836_podcast.mp3
.f           IR/Season 48/ir4837-podcast.mp3
.f           IR/Season 48/ir4837_Mz.jpg
.f           IR/Season 48/ir4837_POD.jpg
.f           IR/Season 48/ir4838_Mz.jpg
.f           IR/Season 48/ir4838_Pod.jpg
.f           IR/Season 48/ir4838_podcast.mp3
.f           IR/Season 48/ir4839-podcast.jpg
.f           IR/Season 48/ir4839-podcast.mp3
.f           IR/Season 48/ir4839_Mz.jpg
.f           IR/Season 48/ir4840_Mz.jpg
.f           IR/Season 48/ir4840_POD.jpg
.f           IR/Season 48/ir4841-podcast.mp3
.f           IR/Season 48/ir4841_mz.jpg
.f           IR/Season 48/ir4841_pod.jpg
.f           IR/Season 48/ir4842-podcast.mp3
.f           IR/Season 48/ir4842_Mz.jpg
.f           IR/Season 48/ir4842_POD.jpg
.f           IR/Season 48/ir4843-podcast.mp3
.f           IR/Season 48/ir4843_Mz.jpg
.f           IR/Season 48/ir4843_POD.jpg
.f           IR/Season 48/ir4844-podcast.mp3
.f           IR/Season 48/ir4844_Mz.jpg
.f           IR/Season 48/ir4844_pod.jpg
.f           IR/Season 48/ir4845-podcast audio.mp3
.f           IR/Season 48/ir4845_Mz.jpg
.f           IR/Season 48/ir4845_POD.jpg
.f           IR/Season 48/ir4846_podcast.jpg
.f           IR/Season 48/ir4846_podcast.mp3
.f           IR/Season 48/ir4847_Bedke.mp4
.f           IR/Season 48/ir4847_Mz.jpg
.f           IR/Season 48/ir4847_podcast.jpg
.f           IR/Season 48/ir4847_podcast.mp3
.f           IR/Season 48/ir4847x_Rubel.mp4
.f           IR/Season 48/irth0625.wav
.f           IR/Season 48/irth0625_Mz.jpg
.f           IR/Season 48/irth0625_POD.jpg
.f           IR/Season 48/~$IDRE_4829.xlsx
.f           IR/Season 48/~$IDRE_4832.xlsx
.d           IR/Season 48/Web Extras/
.f           IR/Season 48/Web Extras/._10:16 constitutional amendment HJR4
.f           IR/Season 48/Web Extras/._10:23 Kevin school districts
.f           IR/Season 48/Web Extras/._11:13 Chief Justice Burdick
.f           IR/Season 48/Web Extras/._4:17 Kevin Richert
.f           IR/Season 48/Web Extras/._4:23 Nicole Foy
.f           IR/Season 48/Web Extras/._4:24 Tommy Ahlquist
.f           IR/Season 48/Web Extras/._5:1 Kevin Richert
.f           IR/Season 48/Web Extras/._5:19 Primary Pundits Betsy Russell Bryan Clark
.f           IR/Season 48/Web Extras/._5:22 Tara Rowe 1918 Pandemic
.f           IR/Season 48/Web Extras/._6:5 Lisa Sanchez Michael Strickland
.f           IR/Season 48/Web Extras/._8:14 Pate, Pfannenstiel
.f           IR/Season 48/Web Extras/._8:19 Argonaut
.f           IR/Season 48/Web Extras/._8:21 Wintrow
.f           IR/Season 48/Web Extras/._8:24 Special Session
.f           IR/Season 48/Web Extras/._8:7 Ajit and Shive
.f           IR/Season 48/Web Extras/._9:19 full Rocky Betsy interviews
.f           IR/Season 48/Web Extras/._Pressers
.d           IR/Season 48/Web Extras/10:16 constitutional amendment HJR4/
.f           IR/Season 48/Web Extras/10:16 constitutional amendment HJR4/._HJR4-podcast.mp3
.f           IR/Season 48/Web Extras/10:16 constitutional amendment HJR4/._HJR4-thumbnail.jpg
.f           IR/Season 48/Web Extras/10:16 constitutional amendment HJR4/HJR4-podcast.mp3
.f           IR/Season 48/Web Extras/10:16 constitutional amendment HJR4/HJR4-thumbnail.jpg
.d           IR/Season 48/Web Extras/10:23 Kevin school districts/
.f           IR/Season 48/Web Extras/10:23 Kevin school districts/._IR4880x-Kevin.jpg
.f           IR/Season 48/Web Extras/10:23 Kevin school districts/._IR4880x-Kevin.mp3
.f           IR/Season 48/Web Extras/10:23 Kevin school districts/._Kevin Richert 10-23.mp4
.f           IR/Season 48/Web Extras/10:23 Kevin school districts/._Kevin-full.png
.f           IR/Season 48/Web Extras/10:23 Kevin school districts/IR4880x-Kevin.jpg
.f           IR/Season 48/Web Extras/10:23 Kevin school districts/IR4880x-Kevin.mp3
.f           IR/Season 48/Web Extras/10:23 Kevin school districts/Kevin Richert 10-23.mp4
.f           IR/Season 48/Web Extras/10:23 Kevin school districts/Kevin-full.png
.d           IR/Season 48/Web Extras/11:13 Chief Justice Burdick/
.f           IR/Season 48/Web Extras/11:13 Chief Justice Burdick/._Roger Burdick-podcast.mp3
.f           IR/Season 48/Web Extras/11:13 Chief Justice Burdick/._ir4843x_POD.jpg
.f           IR/Season 48/Web Extras/11:13 Chief Justice Burdick/Roger Burdick-podcast.mp3
.f           IR/Season 48/Web Extras/11:13 Chief Justice Burdick/ir4843x_POD.jpg
.d           IR/Season 48/Web Extras/4:17 Kevin Richert/
.f           IR/Season 48/Web Extras/4:17 Kevin Richert/._Kevin interview 4-17-20_audio.m4a
.f           IR/Season 48/Web Extras/4:17 Kevin Richert/._Kevin interview 4-17-20_social.mp4
.f           IR/Season 48/Web Extras/4:17 Kevin Richert/._Kevin-thumbnail.png
.f           IR/Season 48/Web Extras/4:17 Kevin Richert/Kevin interview 4-17-20_audio.m4a
.f           IR/Season 48/Web Extras/4:17 Kevin Richert/Kevin interview 4-17-20_social.mp4
.f           IR/Season 48/Web Extras/4:17 Kevin Richert/Kevin-thumbnail.png
.d           IR/Season 48/Web Extras/4:23 Nicole Foy/
.f           IR/Season 48/Web Extras/4:23 Nicole Foy/.DS_Store
.f           IR/Season 48/Web Extras/4:23 Nicole Foy/._.DS_Store
.f           IR/Season 48/Web Extras/4:23 Nicole Foy/._Nicole-Foy-Trimmed.mp4
.f           IR/Season 48/Web Extras/4:23 Nicole Foy/._Nicole-Foy-raw.mp4
.f           IR/Season 48/Web Extras/4:23 Nicole Foy/._Nicole-Foy-trimmed-2.m4a
.f           IR/Season 48/Web Extras/4:23 Nicole Foy/._Nicole-Foy-trimmed-2.mov
.f           IR/Season 48/Web Extras/4:23 Nicole Foy/._nicole-foy-img.png
.f           IR/Season 48/Web Extras/4:23 Nicole Foy/._nicole-foy-thumbnail-final.png
.f           IR/Season 48/Web Extras/4:23 Nicole Foy/Nicole-Foy-Trimmed.mp4
.f           IR/Season 48/Web Extras/4:23 Nicole Foy/Nicole-Foy-raw.mp4
.f           IR/Season 48/Web Extras/4:23 Nicole Foy/Nicole-Foy-trimmed-2.m4a
.f           IR/Season 48/Web Extras/4:23 Nicole Foy/Nicole-Foy-trimmed-2.mov
.f           IR/Season 48/Web Extras/4:23 Nicole Foy/nicole-foy-img.png
.f           IR/Season 48/Web Extras/4:23 Nicole Foy/nicole-foy-thumbnail-final.png
.d           IR/Season 48/Web Extras/4:24 Tommy Ahlquist/
.f           IR/Season 48/Web Extras/4:24 Tommy Ahlquist/.DS_Store
.f           IR/Season 48/Web Extras/4:24 Tommy Ahlquist/._.DS_Store
.f           IR/Season 48/Web Extras/4:24 Tommy Ahlquist/._Ahlquist-img.png
.f           IR/Season 48/Web Extras/4:24 Tommy Ahlquist/._Ahlquist-interview-edited.wav
.f           IR/Season 48/Web Extras/4:24 Tommy Ahlquist/._Ahlquist-thumbnail.png
.f           IR/Season 48/Web Extras/4:24 Tommy Ahlquist/._Tommy-Ahlquist -NTERVIEW.mp4
.f           IR/Season 48/Web Extras/4:24 Tommy Ahlquist/Ahlquist-img.png
.f           IR/Season 48/Web Extras/4:24 Tommy Ahlquist/Ahlquist-interview-edited.wav
.f           IR/Season 48/Web Extras/4:24 Tommy Ahlquist/Ahlquist-thumbnail.png
.f           IR/Season 48/Web Extras/4:24 Tommy Ahlquist/Tommy-Ahlquist -NTERVIEW.mp4
.d           IR/Season 48/Web Extras/5:1 Kevin Richert/
.f           IR/Season 48/Web Extras/5:1 Kevin Richert/._5-1 Kevin.wav
.f           IR/Season 48/Web Extras/5:1 Kevin Richert/._thumbnail-kevin-ed-news.jpg
.f           IR/Season 48/Web Extras/5:1 Kevin Richert/5-1 Kevin.wav
.f           IR/Season 48/Web Extras/5:1 Kevin Richert/thumbnail-kevin-ed-news.jpg
.d           IR/Season 48/Web Extras/5:19 Primary Pundits Betsy Russell Bryan Clark/
.f           IR/Season 48/Web Extras/5:19 Primary Pundits Betsy Russell Bryan Clark/._IR Election chat.mp4
.f           IR/Season 48/Web Extras/5:19 Primary Pundits Betsy Russell Bryan Clark/._IR election chat FINAL.m4a
.f           IR/Season 48/Web Extras/5:19 Primary Pundits Betsy Russell Bryan Clark/._IR election chat FINAL.mp4
.f           IR/Season 48/Web Extras/5:19 Primary Pundits Betsy Russell Bryan Clark/._Screen Shot 2020-05-19 at 3.13.02 PM.png
.f           IR/Season 48/Web Extras/5:19 Primary Pundits Betsy Russell Bryan Clark/._Screen Shot 2020-05-19 at 3.18.49 PM.png
.f           IR/Season 48/Web Extras/5:19 Primary Pundits Betsy Russell Bryan Clark/._primary-chat-sq.jpg
.f           IR/Season 48/Web Extras/5:19 Primary Pundits Betsy Russell Bryan Clark/IR Election chat.mp4
.f           IR/Season 48/Web Extras/5:19 Primary Pundits Betsy Russell Bryan Clark/IR election chat FINAL.m4a
.f           IR/Season 48/Web Extras/5:19 Primary Pundits Betsy Russell Bryan Clark/IR election chat FINAL.mp4
.f           IR/Season 48/Web Extras/5:19 Primary Pundits Betsy Russell Bryan Clark/Screen Shot 2020-05-19 at 3.13.02 PM.png
.f           IR/Season 48/Web Extras/5:19 Primary Pundits Betsy Russell Bryan Clark/Screen Shot 2020-05-19 at 3.18.49 PM.png
.f           IR/Season 48/Web Extras/5:19 Primary Pundits Betsy Russell Bryan Clark/primary-chat-sq.jpg
.d           IR/Season 48/Web Extras/5:22 Tara Rowe 1918 Pandemic/
>fc.T....... IR/Season 48/Web Extras/5:22 Tara Rowe 1918 Pandemic/._5-22_Tara-Rowe.m4a
>fc.T....... IR/Season 48/Web Extras/5:22 Tara Rowe 1918 Pandemic/._5-22_Tara-Rowe.mp4
.f           IR/Season 48/Web Extras/5:22 Tara Rowe 1918 Pandemic/._ROWE-1918-thumbnail.jpg
.f           IR/Season 48/Web Extras/5:22 Tara Rowe 1918 Pandemic/._Tara Rowe.png
.f           IR/Season 48/Web Extras/5:22 Tara Rowe 1918 Pandemic/._Tara Rowe_full_raw.mp4
.f           IR/Season 48/Web Extras/5:22 Tara Rowe 1918 Pandemic/5-22_Tara-Rowe.m4a
.f           IR/Season 48/Web Extras/5:22 Tara Rowe 1918 Pandemic/5-22_Tara-Rowe.mp4
.f           IR/Season 48/Web Extras/5:22 Tara Rowe 1918 Pandemic/ROWE-1918-thumbnail.jpg
.f           IR/Season 48/Web Extras/5:22 Tara Rowe 1918 Pandemic/Tara Rowe.png
.f           IR/Season 48/Web Extras/5:22 Tara Rowe 1918 Pandemic/Tara Rowe_full_raw.mp4
.d           IR/Season 48/Web Extras/6:5 Lisa Sanchez Michael Strickland/
.f           IR/Season 48/Web Extras/6:5 Lisa Sanchez Michael Strickland/._Sanchez-Strickland full interview_social.m4a
.f           IR/Season 48/Web Extras/6:5 Lisa Sanchez Michael Strickland/._Sanchez-Strickland full interview_social.mp4
.f           IR/Season 48/Web Extras/6:5 Lisa Sanchez Michael Strickland/._Sanchez-Strickland pod thumb.jpg
.f           IR/Season 48/Web Extras/6:5 Lisa Sanchez Michael Strickland/._Screen Shot 2020-06-05 at 3.37.44 PM.png
.f           IR/Season 48/Web Extras/6:5 Lisa Sanchez Michael Strickland/Sanchez-Strickland full interview_social.m4a
.f           IR/Season 48/Web Extras/6:5 Lisa Sanchez Michael Strickland/Sanchez-Strickland full interview_social.mp4
.f           IR/Season 48/Web Extras/6:5 Lisa Sanchez Michael Strickland/Sanchez-Strickland pod thumb.jpg
.f           IR/Season 48/Web Extras/6:5 Lisa Sanchez Michael Strickland/Screen Shot 2020-06-05 at 3.37.44 PM.png
.d           IR/Season 48/Web Extras/8:14 Pate, Pfannenstiel/
.f           IR/Season 48/Web Extras/8:14 Pate, Pfannenstiel/._Dr David Pate interview for IR podcast.mp3
.f           IR/Season 48/Web Extras/8:14 Pate, Pfannenstiel/._Kyle Pfannenstiel IR interview for social media.mp4
.f           IR/Season 48/Web Extras/8:14 Pate, Pfannenstiel/Dr David Pate interview for IR podcast.mp3
.f           IR/Season 48/Web Extras/8:14 Pate, Pfannenstiel/Kyle Pfannenstiel IR interview for social media.mp4
.d           IR/Season 48/Web Extras/8:19 Argonaut/
.f           IR/Season 48/Web Extras/8:19 Argonaut/._University of Idaho COVID-19 Testing.mp3
.f           IR/Season 48/Web Extras/8:19 Argonaut/._audio_only_16780290_Melissa_Davlin.m4a
.f           IR/Season 48/Web Extras/8:19 Argonaut/._audio_only_16781314_Alexis_Van_Horn.m4a
.f           IR/Season 48/Web Extras/8:19 Argonaut/._audio_only_16782338_Melissa_Davlin.m4a
.f           IR/Season 48/Web Extras/8:19 Argonaut/._audio_only_16784386_Angela_Palermo.m4a
.f           IR/Season 48/Web Extras/8:19 Argonaut/._uidaho-testing.jpg
.f           IR/Season 48/Web Extras/8:19 Argonaut/University of Idaho COVID-19 Testing.mp3
.f           IR/Season 48/Web Extras/8:19 Argonaut/audio_only_16780290_Melissa_Davlin.m4a
.f           IR/Season 48/Web Extras/8:19 Argonaut/audio_only_16781314_Alexis_Van_Horn.m4a
.f           IR/Season 48/Web Extras/8:19 Argonaut/audio_only_16782338_Melissa_Davlin.m4a
.f           IR/Season 48/Web Extras/8:19 Argonaut/audio_only_16784386_Angela_Palermo.m4a
.f           IR/Season 48/Web Extras/8:19 Argonaut/uidaho-testing.jpg
.d           IR/Season 48/Web Extras/8:21 Wintrow/
.f           IR/Season 48/Web Extras/8:21 Wintrow/._WINTROW-extra.jpg
.f           IR/Season 48/Web Extras/8:21 Wintrow/._Wintrow full interview for podcast.mp3
.f           IR/Season 48/Web Extras/8:21 Wintrow/WINTROW-extra.jpg
.f           IR/Season 48/Web Extras/8:21 Wintrow/Wintrow full interview for podcast.mp3
.d           IR/Season 48/Web Extras/8:24 Special Session/
.f           IR/Season 48/Web Extras/8:24 Special Session/._Special Session Day One.mp3
>fc.T....... IR/Season 48/Web Extras/8:24 Special Session/._Special Session Day Two.mp3
.f           IR/Season 48/Web Extras/8:24 Special Session/._special-session-1.jpg
.f           IR/Season 48/Web Extras/8:24 Special Session/._special-session-2.jpg
.f           IR/Season 48/Web Extras/8:24 Special Session/Special Session Day One.mp3
.f           IR/Season 48/Web Extras/8:24 Special Session/Special Session Day Two.mp3
.f           IR/Season 48/Web Extras/8:24 Special Session/special-session-1.jpg
.f           IR/Season 48/Web Extras/8:24 Special Session/special-session-2.jpg
.d           IR/Season 48/Web Extras/8:7 Ajit and Shive/
.f           IR/Season 48/Web Extras/8:7 Ajit and Shive/._Ajit and Shive for IR Facebook.m4a
.f           IR/Season 48/Web Extras/8:7 Ajit and Shive/._Ajit and Shive for IR Facebook.mp4
.f           IR/Season 48/Web Extras/8:7 Ajit and Shive/Ajit and Shive for IR Facebook.m4a
.f           IR/Season 48/Web Extras/8:7 Ajit and Shive/Ajit and Shive for IR Facebook.mp4
.d           IR/Season 48/Web Extras/9:19 full Rocky Betsy interviews/
.f           IR/Season 48/Web Extras/9:19 full Rocky Betsy interviews/._Betsy Russell-podcast.jpg
>fc.T....... IR/Season 48/Web Extras/9:19 full Rocky Betsy interviews/._Betsy Russell-podcast.mp3
.f           IR/Season 48/Web Extras/9:19 full Rocky Betsy interviews/._Rocky Barker-podcast.jpg
>fc.T....... IR/Season 48/Web Extras/9:19 full Rocky Betsy interviews/._Rocky Barker-podcast.mp3
.f           IR/Season 48/Web Extras/9:19 full Rocky Betsy interviews/Betsy Russell-podcast.jpg
.f           IR/Season 48/Web Extras/9:19 full Rocky Betsy interviews/Betsy Russell-podcast.mp3
.f           IR/Season 48/Web Extras/9:19 full Rocky Betsy interviews/Rocky Barker-podcast.jpg
.f           IR/Season 48/Web Extras/9:19 full Rocky Betsy interviews/Rocky Barker-podcast.mp3
.d           IR/Season 48/Web Extras/Pressers/
.f           IR/Season 48/Web Extras/Pressers/._Governor Presser 5.14.2020 (1).m4a
.f           IR/Season 48/Web Extras/Pressers/._Governor Presser 5.14.2020 (1).mp4
.f           IR/Season 48/Web Extras/Pressers/._Public Health districts 7:23
.f           IR/Season 48/Web Extras/Pressers/._School reopening
.f           IR/Season 48/Web Extras/Pressers/._bonuses
.f           IR/Season 48/Web Extras/Pressers/._presser Stage 1
.f           IR/Season 48/Web Extras/Pressers/._presser Stage 3
.f           IR/Season 48/Web Extras/Pressers/._presser Stage 4 redux
.f           IR/Season 48/Web Extras/Pressers/._presser stage 4
.f           IR/Season 48/Web Extras/Pressers/Governor Presser 5.14.2020 (1).m4a
.f           IR/Season 48/Web Extras/Pressers/Governor Presser 5.14.2020 (1).mp4
.d           IR/Season 48/Web Extras/Pressers/Public Health districts 7:23/
.f           IR/Season 48/Web Extras/Pressers/Public Health districts 7:23/._Gov presser-podcast.mp3
.f           IR/Season 48/Web Extras/Pressers/Public Health districts 7:23/._presser still.jpg
.f           IR/Season 48/Web Extras/Pressers/Public Health districts 7:23/Gov presser-podcast.mp3
.f           IR/Season 48/Web Extras/Pressers/Public Health districts 7:23/presser still.jpg
.d           IR/Season 48/Web Extras/Pressers/School reopening/
.f           IR/Season 48/Web Extras/Pressers/School reopening/._Back to School Press Conference Highlights.mov
.f           IR/Season 48/Web Extras/Pressers/School reopening/._Gov Little outlines school reopening plans and more.mp4
.f           IR/Season 48/Web Extras/Pressers/School reopening/._Gov School Opening and Stage 4 presser 7-9-20_audio.mp3
.f           IR/Season 48/Web Extras/Pressers/School reopening/._IMG_0616.JPG
.f           IR/Season 48/Web Extras/Pressers/School reopening/._IMG_0619.JPG
.f           IR/Season 48/Web Extras/Pressers/School reopening/._IMG_0620.JPG
.f           IR/Season 48/Web Extras/Pressers/School reopening/Back to School Press Conference Highlights.mov
.f           IR/Season 48/Web Extras/Pressers/School reopening/Gov Little outlines school reopening plans and more.mp4
.f           IR/Season 48/Web Extras/Pressers/School reopening/Gov School Opening and Stage 4 presser 7-9-20_audio.mp3
.f           IR/Season 48/Web Extras/Pressers/School reopening/IMG_0616.JPG
.f           IR/Season 48/Web Extras/Pressers/School reopening/IMG_0619.JPG
.f           IR/Season 48/Web Extras/Pressers/School reopening/IMG_0620.JPG
.d           IR/Season 48/Web Extras/Pressers/bonuses/
.f           IR/Season 48/Web Extras/Pressers/bonuses/._GOV Unemployment presser full length_social.mp4
.f           IR/Season 48/Web Extras/Pressers/bonuses/._Screen Shot 2020-06-05 at 4.24.18 PM.png
.f           IR/Season 48/Web Extras/Pressers/bonuses/._govpresser060520.m4a
.f           IR/Season 48/Web Extras/Pressers/bonuses/._govpresser060520.mp4
.f           IR/Season 48/Web Extras/Pressers/bonuses/GOV Unemployment presser full length_social.mp4
.f           IR/Season 48/Web Extras/Pressers/bonuses/Screen Shot 2020-06-05 at 4.24.18 PM.png
.f           IR/Season 48/Web Extras/Pressers/bonuses/govpresser060520.m4a
.f           IR/Season 48/Web Extras/Pressers/bonuses/govpresser060520.mp4
.d           IR/Season 48/Web Extras/Pressers/presser Stage 1/
.f           IR/Season 48/Web Extras/Pressers/presser Stage 1/.DS_Store
.f           IR/Season 48/Web Extras/Pressers/presser Stage 1/._.DS_Store
.f           IR/Season 48/Web Extras/Pressers/presser Stage 1/._Gov Little Stage 1 News Conference.m4a
.f           IR/Season 48/Web Extras/Pressers/presser Stage 1/._Gov Little Stage 1 News Conference.mp4
.f           IR/Season 48/Web Extras/Pressers/presser Stage 1/Gov Little Stage 1 News Conference.m4a
.f           IR/Season 48/Web Extras/Pressers/presser Stage 1/Gov Little Stage 1 News Conference.mp4
.d           IR/Season 48/Web Extras/Pressers/presser Stage 3/
.f           IR/Season 48/Web Extras/Pressers/presser Stage 3/._1 syndromic data.png
.f           IR/Season 48/Web Extras/Pressers/presser Stage 3/._2 epidemiologic data.png
.f           IR/Season 48/Web Extras/Pressers/presser Stage 3/._3 healthcare data.png
.f           IR/Season 48/Web Extras/Pressers/presser Stage 3/._4 healthcare data.png
.f           IR/Season 48/Web Extras/Pressers/presser Stage 3/._Brad-Little-presser.png
.f           IR/Season 48/Web Extras/Pressers/presser Stage 3/._Christine-Hahn.png
.f           IR/Season 48/Web Extras/Pressers/presser Stage 3/._Flattening-the-curve-of-COVID-19.jpg
>fc.T....... IR/Season 48/Web Extras/Pressers/presser Stage 3/._Full May 28th Presser.m4a
.f           IR/Season 48/Web Extras/Pressers/presser Stage 3/._Full May 28th Presser.mp4
>fc.T....... IR/Season 48/Web Extras/Pressers/presser Stage 3/._Hahn-solo.mp4
.f           IR/Season 48/Web Extras/Pressers/presser Stage 3/._Screen Shot 2020-06-01 at 11.50.31 AM.png
.f           IR/Season 48/Web Extras/Pressers/presser Stage 3/._Stage-3-metrics-extra-facebook.mp4
.f           IR/Season 48/Web Extras/Pressers/presser Stage 3/._gating-criteria-may11-24.pdf
.f           IR/Season 48/Web Extras/Pressers/presser Stage 3/1 syndromic data.png
.f           IR/Season 48/Web Extras/Pressers/presser Stage 3/2 epidemiologic data.png
.f           IR/Season 48/Web Extras/Pressers/presser Stage 3/3 healthcare data.png
.f           IR/Season 48/Web Extras/Pressers/presser Stage 3/4 healthcare data.png
.f           IR/Season 48/Web Extras/Pressers/presser Stage 3/Brad-Little-presser.png
.f           IR/Season 48/Web Extras/Pressers/presser Stage 3/Christine-Hahn.png
.f           IR/Season 48/Web Extras/Pressers/presser Stage 3/Flattening-the-curve-of-COVID-19.jpg
.f           IR/Season 48/Web Extras/Pressers/presser Stage 3/Full May 28th Presser.m4a
.f           IR/Season 48/Web Extras/Pressers/presser Stage 3/Full May 28th Presser.mp4
.f           IR/Season 48/Web Extras/Pressers/presser Stage 3/Hahn-solo.mp4
.f           IR/Season 48/Web Extras/Pressers/presser Stage 3/Screen Shot 2020-06-01 at 11.50.31 AM.png
.f           IR/Season 48/Web Extras/Pressers/presser Stage 3/Stage-3-metrics-extra-facebook.mp4
.f           IR/Season 48/Web Extras/Pressers/presser Stage 3/gating-criteria-may11-24.pdf
.d           IR/Season 48/Web Extras/Pressers/presser Stage 4 redux/
.f           IR/Season 48/Web Extras/Pressers/presser Stage 4 redux/._Governor Little Stage 4 Again press conference 6-25-20.wav
.f           IR/Season 48/Web Extras/Pressers/presser Stage 4 redux/._Open_Idaho_Staged_Approach_Metrics_STAGE_4_Staying Here 06 24 2020_FINAL.pdf
.f           IR/Season 48/Web Extras/Pressers/presser Stage 4 redux/._Screen Shot 2020-06-25 at 2.13.58 PM.png
.f           IR/Season 48/Web Extras/Pressers/presser Stage 4 redux/Governor Little Stage 4 Again press conference 6-25-20.wav
.f           IR/Season 48/Web Extras/Pressers/presser Stage 4 redux/Open_Idaho_Staged_Approach_Metrics_STAGE_4_Staying Here 06 24 2020_FINAL.pdf
.f           IR/Season 48/Web Extras/Pressers/presser Stage 4 redux/Screen Shot 2020-06-25 at 2.13.58 PM.png
.d           IR/Season 48/Web Extras/Pressers/presser stage 4/
.f           IR/Season 48/Web Extras/Pressers/presser stage 4/._Stage 4 full press conference 061120_podcast.wav
.f           IR/Season 48/Web Extras/Pressers/presser stage 4/Stage 4 full press conference 061120_podcast.wav
.d           IR/Season 49 summer/
.f           IR/Season 49 summer/._IRpod0616.jpg
.f           IR/Season 49 summer/._IRpod0616.mp3
.f           IR/Season 49 summer/._irPOD0616rawMayville-6db.wav
.f           IR/Season 49 summer/._irPOD0616rawMayville.wav
.f           IR/Season 49 summer/._irPOD0623rawTiddens-6db.wav
.f           IR/Season 49 summer/._irPOD0623rawTiddens.wav
.f           IR/Season 49 summer/._irpod0623-square-TW.mp4
.f           IR/Season 49 summer/._irpod0623.jpg
.f           IR/Season 49 summer/._irpod0623.mp3
.f           IR/Season 49 summer/IRpod0616.jpg
.f           IR/Season 49 summer/IRpod0616.mp3
.f           IR/Season 49 summer/irPOD0616rawMayville-6db.wav
.f           IR/Season 49 summer/irPOD0616rawMayville.wav
.f           IR/Season 49 summer/irPOD0623rawTiddens-6db.wav
.f           IR/Season 49 summer/irPOD0623rawTiddens.wav
.f           IR/Season 49 summer/irpod0623-square-TW.mp4
.f           IR/Season 49 summer/irpod0623.jpg
.f           IR/Season 49 summer/irpod0623.mp3
.d           IR/Season 49/
>fc.T....... IR/Season 49/._IDRE_4901.xlsx
>fc.T....... IR/Season 49/._IDRE_4902.xlsx
>fc.T....... IR/Season 49/._IDRE_4903.xlsx
>fc.T....... IR/Season 49/._IDRE_4904.xlsx
>fc.T....... IR/Season 49/._IDRE_4905.xlsx
>fc.T....... IR/Season 49/._IDRE_4906.xlsx
>fc.T....... IR/Season 49/._IDRE_4907.xlsx
>fc.T....... IR/Season 49/._IDRE_4908.xlsx
>fc.T....... IR/Season 49/._IDRE_4909.xlsx
>fc.T....... IR/Season 49/._IDRE_4910.xlsx
>fc.T....... IR/Season 49/._IDRE_4911.xlsx
>fc.T....... IR/Season 49/._IDRE_4912.xlsx
.f           IR/Season 49/._IDRE_4913.xlsx
>fc.T....... IR/Season 49/._IDRE_4914.xlsx
.f           IR/Season 49/._IDRE_4915.xlsx
>fc.T....... IR/Season 49/._IDRE_4916.xlsx
.f           IR/Season 49/._IDRE_4917.xlsx
.f           IR/Season 49/._IDRE_4918.xlsx
>fc.T....... IR/Season 49/._IDRE_4920.xlsx
.f           IR/Season 49/._IDRE_4921.xlsx
.f           IR/Season 49/._IDRE_4922.xlsx
.f           IR/Season 49/._IR4903x_Governor_Little.jpg
.f           IR/Season 49/._IR4903x_Governor_Little.png
.f           IR/Season 49/._IR4903x_Governor_Little_COVID-19_Emergency.m4a
.f           IR/Season 49/._IR4905_Podcast.mp3
.f           IR/Season 49/._IR4906-Podcast.mp3
.f           IR/Season 49/._IR4907_Podcast.mp3
.f           IR/Season 49/._IR4908_Podcast.mp3
.f           IR/Season 49/._IR4909-Podcast.mp3
.f           IR/Season 49/._IR4910-podcast.mp3
.f           IR/Season 49/._IR4911_Podcast.mp3
.f           IR/Season 49/._IR4912-Podcast.jpg
.f           IR/Season 49/._IR4912-Podcast.mp3
.f           IR/Season 49/._IR4913_Mz.jpg
.f           IR/Season 49/._IR4913_POD.jpg
.f           IR/Season 49/._IR4913_Podcast.mp3
.f           IR/Season 49/._IR4914-Podcast.mp3
.f           IR/Season 49/._IR4914_Mz.jpg
.f           IR/Season 49/._IR4914_POD.jpg
.f           IR/Season 49/._IR4915-Podcast.mp3
.f           IR/Season 49/._IR4917-Podcast.jpg
.f           IR/Season 49/._IR4917-Podcast.mp3
.f           IR/Season 49/._IR4917.jpg
.f           IR/Season 49/._IR4918-Podcast.jpg
.f           IR/Season 49/._IR4918-Podcast.mp3
.f           IR/Season 49/._IR4918_Mz.jpg
.f           IR/Season 49/._IR4919-Podcast.mp3
.f           IR/Season 49/._IR4920_Podcast.mp3
.f           IR/Season 49/._IR4921_Podcast.mp3
.f           IR/Season 49/._IR4921x.jpeg
.f           IR/Season 49/._IR4922-Podcast.mp3
.f           IR/Season 49/._IRUP00423-social.mp4
.f           IR/Season 49/._IRUP00507-Social.mp4
.f           IR/Season 49/._IRUP0108.mp4
.f           IR/Season 49/._IRUP0115.mp4
.f           IR/Season 49/._IRUP0122-social.mp4
.f           IR/Season 49/._IRUP0129.mp4
.f           IR/Season 49/._IRUP0205.mp4
.f           IR/Season 49/._IRUP0212-Social.mp4
.f           IR/Season 49/._IRUP0219.mp4
.f           IR/Season 49/._IRUP0226 Social.mp4
.f           IR/Season 49/._IRUP0305-Social.mp4
.f           IR/Season 49/._IRUP0312 - Social.mp4
.f           IR/Season 49/._IRUP0319 - Social.mp4
.f           IR/Season 49/._IRUP0326-Social.mp4
.f           IR/Season 49/._IRUP0402-Social.mp4
.f           IR/Season 49/._IRUP0409-Social.mp4
.f           IR/Season 49/._IRUP0416.mp4
.f           IR/Season 49/._IRUP0430-Social.mp4
.f           IR/Season 49/._IRUP0514.mp4
.f           IR/Season 49/._IRUP0521.mp4
.f           IR/Season 49/._IRUP0528_Social.mp4
.f           IR/Season 49/._IRUP0604-Social.mp4
.f           IR/Season 49/._ir4901_MEZ.jpg
.f           IR/Season 49/._ir4901_POD.jpg
.f           IR/Season 49/._ir4901_Podcast.mp3
.f           IR/Season 49/._ir4902_Mz.jpg
.f           IR/Season 49/._ir4902_POD.jpg
.f           IR/Season 49/._ir4902_podcast.mp3
.f           IR/Season 49/._ir4903_Mz.jpg
.f           IR/Season 49/._ir4903_Podcast.jpg
.f           IR/Season 49/._ir4903_Podcast.mp3
.f           IR/Season 49/._ir4904-POD.jpg
.f           IR/Season 49/._ir4904-podcast.mp3
.f           IR/Season 49/._ir4904_Mz.jpg
.f           IR/Season 49/._ir4905_Mz.jpg
.f           IR/Season 49/._ir4905_POD.jpg
.f           IR/Season 49/._ir4906_Mz.jpg
.f           IR/Season 49/._ir4906_pod.jpg
.f           IR/Season 49/._ir4906x Benjamin Cover
.f           IR/Season 49/._ir4906x-Benjamin-Cover-final.mp3
.f           IR/Season 49/._ir4906x_pod.jpg
.f           IR/Season 49/._ir4907_Podcast.jpg
.f           IR/Season 49/._ir4908_Mz.jpg
.f           IR/Season 49/._ir4908_pod.jpg
.f           IR/Season 49/._ir4909_Mz.jpg
.f           IR/Season 49/._ir4909_POD.jpg
.f           IR/Season 49/._ir4910_MZ.jpg
.f           IR/Season 49/._ir4910_POD.jpg
.f           IR/Season 49/._ir4911_Mz.jpg
.f           IR/Season 49/._ir4911_pod.jpg
.f           IR/Season 49/._ir4912_Mz.jpg
.f           IR/Season 49/._ir4913x Sen. Carl Crabtree _ Public Education Plans _ Idaho Reports.m4a
.f           IR/Season 49/._ir4914x-Burgoyne-Full_Podcast.mp3
.f           IR/Season 49/._ir4914x-Winder-Full_Podcast.mp3
.f           IR/Season 49/._ir4915_Mz.jpg
.f           IR/Season 49/._ir4915_POD.jpg
.f           IR/Season 49/._ir4916-podcast.mp3
.f           IR/Season 49/._ir4916_Mz.jpg
.f           IR/Season 49/._ir4916_pod.jpg
.f           IR/Season 49/._ir4919_Mz.jpg
.f           IR/Season 49/._ir4919_POD.jpg
.f           IR/Season 49/._ir4920_Mz.jpg
.f           IR/Season 49/._ir4920_POD.jpg
.f           IR/Season 49/._ir4921_Mz.jpg
.f           IR/Season 49/._ir4921_POD.jpg
.f           IR/Season 49/._ir4921x Necochea audio raw.m4a
.f           IR/Season 49/._ir4921x_POD.jpg
.f           IR/Season 49/._ir4922_Mz.jpg
.f           IR/Season 49/._ir4922_pod.jpg
.f           IR/Season 49/IDRE_4901.xlsx
.f           IR/Season 49/IDRE_4902.xlsx
.f           IR/Season 49/IDRE_4903.xlsx
.f           IR/Season 49/IDRE_4904.xlsx
.f           IR/Season 49/IDRE_4905.xlsx
.f           IR/Season 49/IDRE_4906.xlsx
.f           IR/Season 49/IDRE_4907.xlsx
.f           IR/Season 49/IDRE_4908.xlsx
.f           IR/Season 49/IDRE_4909.xlsx
.f           IR/Season 49/IDRE_4910.xlsx
.f           IR/Season 49/IDRE_4911.xlsx
.f           IR/Season 49/IDRE_4912.xlsx
.f           IR/Season 49/IDRE_4913.xlsx
.f           IR/Season 49/IDRE_4914.xlsx
.f           IR/Season 49/IDRE_4915.xlsx
.f           IR/Season 49/IDRE_4916.xlsx
.f           IR/Season 49/IDRE_4917.xlsx
.f           IR/Season 49/IDRE_4918.xlsx
.f           IR/Season 49/IDRE_4920.xlsx
.f           IR/Season 49/IDRE_4921.xlsx
.f           IR/Season 49/IDRE_4922.xlsx
.f           IR/Season 49/IR4903x_Governor_Little.jpg
.f           IR/Season 49/IR4903x_Governor_Little.png
.f           IR/Season 49/IR4903x_Governor_Little_COVID-19_Emergency.m4a
.f           IR/Season 49/IR4905_Podcast.mp3
.f           IR/Season 49/IR4906-Podcast.mp3
.f           IR/Season 49/IR4907_Podcast.mp3
.f           IR/Season 49/IR4908_Podcast.mp3
.f           IR/Season 49/IR4909-Podcast.mp3
.f           IR/Season 49/IR4910-podcast.mp3
.f           IR/Season 49/IR4911_Podcast.mp3
.f           IR/Season 49/IR4912-Podcast.jpg
.f           IR/Season 49/IR4912-Podcast.mp3
.f           IR/Season 49/IR4913_Mz.jpg
.f           IR/Season 49/IR4913_POD.jpg
.f           IR/Season 49/IR4913_Podcast.mp3
.f           IR/Season 49/IR4914-Podcast.mp3
.f           IR/Season 49/IR4914_Mz.jpg
.f           IR/Season 49/IR4914_POD.jpg
.f           IR/Season 49/IR4915-Podcast.mp3
.f           IR/Season 49/IR4917-Podcast.jpg
.f           IR/Season 49/IR4917-Podcast.mp3
.f           IR/Season 49/IR4917.jpg
.f           IR/Season 49/IR4918-Podcast.jpg
.f           IR/Season 49/IR4918-Podcast.mp3
.f           IR/Season 49/IR4918_Mz.jpg
.f           IR/Season 49/IR4919-Podcast.mp3
.f           IR/Season 49/IR4920_Podcast.mp3
.f           IR/Season 49/IR4921_Podcast.mp3
.f           IR/Season 49/IR4921x.jpeg
.f           IR/Season 49/IR4922-Podcast.mp3
.f           IR/Season 49/IRUP00423-social.mp4
.f           IR/Season 49/IRUP00507-Social.mp4
.f           IR/Season 49/IRUP0108.mp4
.f           IR/Season 49/IRUP0115.mp4
.f           IR/Season 49/IRUP0122-social.mp4
.f           IR/Season 49/IRUP0129.mp4
.f           IR/Season 49/IRUP0205.mp4
.f           IR/Season 49/IRUP0212-Social.mp4
.f           IR/Season 49/IRUP0219.mp4
.f           IR/Season 49/IRUP0226 Social.mp4
.f           IR/Season 49/IRUP0305-Social.mp4
.f           IR/Season 49/IRUP0312 - Social.mp4
.f           IR/Season 49/IRUP0319 - Social.mp4
.f           IR/Season 49/IRUP0326-Social.mp4
.f           IR/Season 49/IRUP0402-Social.mp4
.f           IR/Season 49/IRUP0409-Social.mp4
.f           IR/Season 49/IRUP0416.mp4
.f           IR/Season 49/IRUP0430-Social.mp4
.f           IR/Season 49/IRUP0514.mp4
.f           IR/Season 49/IRUP0521.mp4
.f           IR/Season 49/IRUP0528_Social.mp4
.f           IR/Season 49/IRUP0604-Social.mp4
.f           IR/Season 49/ir4901_MEZ.jpg
.f           IR/Season 49/ir4901_POD.jpg
.f           IR/Season 49/ir4901_Podcast.mp3
.f           IR/Season 49/ir4902_Mz.jpg
.f           IR/Season 49/ir4902_POD.jpg
.f           IR/Season 49/ir4902_podcast.mp3
.f           IR/Season 49/ir4903_Mz.jpg
.f           IR/Season 49/ir4903_Podcast.jpg
.f           IR/Season 49/ir4903_Podcast.mp3
.f           IR/Season 49/ir4904-POD.jpg
.f           IR/Season 49/ir4904-podcast.mp3
.f           IR/Season 49/ir4904_Mz.jpg
.f           IR/Season 49/ir4905_Mz.jpg
.f           IR/Season 49/ir4905_POD.jpg
.f           IR/Season 49/ir4906_Mz.jpg
.f           IR/Season 49/ir4906_pod.jpg
.f           IR/Season 49/ir4906x-Benjamin-Cover-final.mp3
.f           IR/Season 49/ir4906x_pod.jpg
.f           IR/Season 49/ir4907_Podcast.jpg
.f           IR/Season 49/ir4908_Mz.jpg
.f           IR/Season 49/ir4908_pod.jpg
.f           IR/Season 49/ir4909_Mz.jpg
.f           IR/Season 49/ir4909_POD.jpg
.f           IR/Season 49/ir4910_MZ.jpg
.f           IR/Season 49/ir4910_POD.jpg
.f           IR/Season 49/ir4911_Mz.jpg
.f           IR/Season 49/ir4911_pod.jpg
.f           IR/Season 49/ir4912_Mz.jpg
.f           IR/Season 49/ir4913x Sen. Carl Crabtree _ Public Education Plans _ Idaho Reports.m4a
.f           IR/Season 49/ir4914x-Burgoyne-Full_Podcast.mp3
.f           IR/Season 49/ir4914x-Winder-Full_Podcast.mp3
.f           IR/Season 49/ir4915_Mz.jpg
.f           IR/Season 49/ir4915_POD.jpg
.f           IR/Season 49/ir4916-podcast.mp3
.f           IR/Season 49/ir4916_Mz.jpg
.f           IR/Season 49/ir4916_pod.jpg
.f           IR/Season 49/ir4919_Mz.jpg
.f           IR/Season 49/ir4919_POD.jpg
.f           IR/Season 49/ir4920_Mz.jpg
.f           IR/Season 49/ir4920_POD.jpg
.f           IR/Season 49/ir4921_Mz.jpg
.f           IR/Season 49/ir4921_POD.jpg
.f           IR/Season 49/ir4921x Necochea audio raw.m4a
.f           IR/Season 49/ir4921x_POD.jpg
.f           IR/Season 49/ir4922_Mz.jpg
.f           IR/Season 49/ir4922_pod.jpg
.d           IR/Season 49/ir4906x Benjamin Cover/
.f           IR/Season 49/ir4906x Benjamin Cover/._Benjamin Cover first draft.mp3
>fc.T....... IR/Season 49/ir4906x Benjamin Cover/._Benjamin Cover intro read.rtf
.f           IR/Season 49/ir4906x Benjamin Cover/._HB88-housedebate.mp4
.f           IR/Season 49/ir4906x Benjamin Cover/._HouseChambers02-11-2021.mp4
.f           IR/Season 49/ir4906x Benjamin Cover/._TASCAM_0160S12.wav
.f           IR/Season 49/ir4906x Benjamin Cover/._TASCAM_0161S12.wav
.f           IR/Season 49/ir4906x Benjamin Cover/._ir4906x-Benjamin-Cover-final.mp3
.f           IR/Season 49/ir4906x Benjamin Cover/Benjamin Cover first draft.mp3
.f           IR/Season 49/ir4906x Benjamin Cover/Benjamin Cover intro read.rtf
.f           IR/Season 49/ir4906x Benjamin Cover/HB88-housedebate.mp4
.f           IR/Season 49/ir4906x Benjamin Cover/HouseChambers02-11-2021.mp4
.f           IR/Season 49/ir4906x Benjamin Cover/TASCAM_0160S12.wav
.f           IR/Season 49/ir4906x Benjamin Cover/TASCAM_0161S12.wav
.f           IR/Season 49/ir4906x Benjamin Cover/ir4906x-Benjamin-Cover-final.mp3
.d           IR/misc/
.f           IR/misc/._Export to YouTube.epr
.f           IR/misc/._IDAHO REPORTS SEASONS.docx
.f           IR/misc/._IR-podcast-stats.xlsx
.f           IR/misc/._MXF 1080i60 for Broadcast NO CC.epr
.f           IR/misc/._Nov 2020 Borah High
.f           IR/misc/._Paulette-Jordan-Comparison.xlsx
.f           IR/misc/._RSS.rtf
.f           IR/misc/Export to YouTube.epr
.f           IR/misc/IDAHO REPORTS SEASONS.docx
.f           IR/misc/IR-podcast-stats.xlsx
.f           IR/misc/MXF 1080i60 for Broadcast NO CC.epr
.f           IR/misc/Paulette-Jordan-Comparison.xlsx
.f           IR/misc/RSS.rtf
.d           IR/misc/Nov 2020 Borah High/
.f           IR/misc/Nov 2020 Borah High/._MVI_0664.MOV
.f           IR/misc/Nov 2020 Borah High/._MVI_0665.MOV
.f           IR/misc/Nov 2020 Borah High/._MVI_0666.MOV
.f           IR/misc/Nov 2020 Borah High/._MVI_0667.MOV
.f           IR/misc/Nov 2020 Borah High/._MVI_0668.MOV
.f           IR/misc/Nov 2020 Borah High/._MVI_0669.MOV
.f           IR/misc/Nov 2020 Borah High/._MVI_0670.MOV
.f           IR/misc/Nov 2020 Borah High/._MVI_0671.MOV
.f           IR/misc/Nov 2020 Borah High/._MVI_0672.MOV
.f           IR/misc/Nov 2020 Borah High/._MVI_0673.MOV
.f           IR/misc/Nov 2020 Borah High/._MVI_0674.MOV
.f           IR/misc/Nov 2020 Borah High/._MVI_0675.MOV
.f           IR/misc/Nov 2020 Borah High/._MVI_0676.MOV
.f           IR/misc/Nov 2020 Borah High/._MVI_0677.MOV
.f           IR/misc/Nov 2020 Borah High/._Screen Shot 2020-11-03 at 9.52.47 AM.png
.f           IR/misc/Nov 2020 Borah High/._Screen Shot 2020-11-03 at 9.53.19 AM.png
.f           IR/misc/Nov 2020 Borah High/._Screen Shot 2020-11-03 at 9.53.49 AM.png
.f           IR/misc/Nov 2020 Borah High/._Screen Shot 2020-11-03 at 9.54.20 AM.png
.f           IR/misc/Nov 2020 Borah High/MVI_0664.MOV
.f           IR/misc/Nov 2020 Borah High/MVI_0665.MOV
.f           IR/misc/Nov 2020 Borah High/MVI_0666.MOV
.f           IR/misc/Nov 2020 Borah High/MVI_0667.MOV
.f           IR/misc/Nov 2020 Borah High/MVI_0668.MOV
.f           IR/misc/Nov 2020 Borah High/MVI_0669.MOV
.f           IR/misc/Nov 2020 Borah High/MVI_0670.MOV
.f           IR/misc/Nov 2020 Borah High/MVI_0671.MOV
.f           IR/misc/Nov 2020 Borah High/MVI_0672.MOV
.f           IR/misc/Nov 2020 Borah High/MVI_0673.MOV
.f           IR/misc/Nov 2020 Borah High/MVI_0674.MOV
.f           IR/misc/Nov 2020 Borah High/MVI_0675.MOV
.f           IR/misc/Nov 2020 Borah High/MVI_0676.MOV
.f           IR/misc/Nov 2020 Borah High/MVI_0677.MOV
.f           IR/misc/Nov 2020 Borah High/Screen Shot 2020-11-03 at 9.52.47 AM.png
.f           IR/misc/Nov 2020 Borah High/Screen Shot 2020-11-03 at 9.53.19 AM.png
.f           IR/misc/Nov 2020 Borah High/Screen Shot 2020-11-03 at 9.53.49 AM.png
.f           IR/misc/Nov 2020 Borah High/Screen Shot 2020-11-03 at 9.54.20 AM.png
.d           Idaho Debates/
.f           Idaho Debates/.DS_Store
.f           Idaho Debates/._.DS_Store
.f           Idaho Debates/._2020 Debates logo square.jpg
.f           Idaho Debates/._2020 general
.f           Idaho Debates/._2020 primary
.f           Idaho Debates/._The Idaho Debates logo square.jpg
.f           Idaho Debates/2020 Debates logo square.jpg
.f           Idaho Debates/The Idaho Debates logo square.jpg
.d           Idaho Debates/2020 general/
.f           Idaho Debates/2020 general/._CD1
.f           Idaho Debates/2020 general/._CD2
.f           Idaho Debates/2020 general/._Senate
.d           Idaho Debates/2020 general/CD1/
.f           Idaho Debates/2020 general/CD1/._IDDE_2020_General_CD1_Mz.jpg
.f           Idaho Debates/2020 general/CD1/._IDDE_2020_General_CD1_POD.jpg
>fc.T....... Idaho Debates/2020 general/CD1/._IDDE_General_CD1_2020.xlsx
.f           Idaho Debates/2020 general/CD1/._Idaho Debates 2020 - CD1 General.wav
.f           Idaho Debates/2020 general/CD1/IDDE_2020_General_CD1_Mz.jpg
.f           Idaho Debates/2020 general/CD1/IDDE_2020_General_CD1_POD.jpg
.f           Idaho Debates/2020 general/CD1/IDDE_General_CD1_2020.xlsx
.f           Idaho Debates/2020 general/CD1/Idaho Debates 2020 - CD1 General.wav
.d           Idaho Debates/2020 general/CD2/
.f           Idaho Debates/2020 general/CD2/._CD2_Mz.jpg
.f           Idaho Debates/2020 general/CD2/._CD2_POD.jpg
.f           Idaho Debates/2020 general/CD2/._IDDE_2020_CD2_General_podcast.mp3
.f           Idaho Debates/2020 general/CD2/CD2_Mz.jpg
.f           Idaho Debates/2020 general/CD2/CD2_POD.jpg
.f           Idaho Debates/2020 general/CD2/IDDE_2020_CD2_General_podcast.mp3
.d           Idaho Debates/2020 general/Senate/
.f           Idaho Debates/2020 general/Senate/._Idaho Debates US SENATE.wav
.f           Idaho Debates/2020 general/Senate/._Senate_Mz.jpg
.f           Idaho Debates/2020 general/Senate/._Senate_POD.jpg
.f           Idaho Debates/2020 general/Senate/Idaho Debates US SENATE.wav
.f           Idaho Debates/2020 general/Senate/Senate_Mz.jpg
.f           Idaho Debates/2020 general/Senate/Senate_POD.jpg
.d           Idaho Debates/2020 primary/
.f           Idaho Debates/2020 primary/._CD1 Dems
.f           Idaho Debates/2020 primary/._CD1 GOP
.f           Idaho Debates/2020 primary/._Senate Dems
.d           Idaho Debates/2020 primary/CD1 Dems/
.f           Idaho Debates/2020 primary/CD1 Dems/.DS_Store
.f           Idaho Debates/2020 primary/CD1 Dems/._.DS_Store
.f           Idaho Debates/2020 primary/CD1 Dems/._Dem CD1 Debate Q & A-proof.mp4
.f           Idaho Debates/2020 primary/CD1 Dems/._Dem CD1 Debate Q&A.m4a
.f           Idaho Debates/2020 primary/CD1 Dems/._EXcUnzbUcAA2rBt.jpeg
.f           Idaho Debates/2020 primary/CD1 Dems/._IDDE_2020_Primary_CD1_Dem.xlsx
.f           Idaho Debates/2020 primary/CD1 Dems/._square.jpeg
.f           Idaho Debates/2020 primary/CD1 Dems/._square.jpg
.f           Idaho Debates/2020 primary/CD1 Dems/Dem CD1 Debate Q & A-proof.mp4
.f           Idaho Debates/2020 primary/CD1 Dems/Dem CD1 Debate Q&A.m4a
.f           Idaho Debates/2020 primary/CD1 Dems/EXcUnzbUcAA2rBt.jpeg
.f           Idaho Debates/2020 primary/CD1 Dems/IDDE_2020_Primary_CD1_Dem.xlsx
.f           Idaho Debates/2020 primary/CD1 Dems/square.jpeg
.f           Idaho Debates/2020 primary/CD1 Dems/square.jpg
.d           Idaho Debates/2020 primary/CD1 GOP/
.f           Idaho Debates/2020 primary/CD1 GOP/.DS_Store
.f           Idaho Debates/2020 primary/CD1 GOP/._.DS_Store
.f           Idaho Debates/2020 primary/CD1 GOP/._IDDE_2020_Primary_CD1_GOP.xlsx
.f           Idaho Debates/2020 primary/CD1 GOP/._Jones-Rhoades.jpg
.f           Idaho Debates/2020 primary/CD1 GOP/._Rep CD1 Debate Q & A-proof.m4a
.f           Idaho Debates/2020 primary/CD1 GOP/._Rep CD1 Debate Q & A-proof.mp4
.f           Idaho Debates/2020 primary/CD1 GOP/IDDE_2020_Primary_CD1_GOP.xlsx
.f           Idaho Debates/2020 primary/CD1 GOP/Jones-Rhoades.jpg
.f           Idaho Debates/2020 primary/CD1 GOP/Rep CD1 Debate Q & A-proof.m4a
.f           Idaho Debates/2020 primary/CD1 GOP/Rep CD1 Debate Q & A-proof.mp4
.d           Idaho Debates/2020 primary/Senate Dems/
.f           Idaho Debates/2020 primary/Senate Dems/.DS_Store
.f           Idaho Debates/2020 primary/Senate Dems/._.DS_Store
.f           Idaho Debates/2020 primary/Senate Dems/._1-Jordan.jpg
.f           Idaho Debates/2020 primary/Senate Dems/._1-Vandermass.jpg
.f           Idaho Debates/2020 primary/Senate Dems/._Dem Senate.m4a
.f           Idaho Debates/2020 primary/Senate Dems/._IDDE_2020_Primary_Senate_Dem.xlsx
.f           Idaho Debates/2020 primary/Senate Dems/._Vandermass-Jordan-square.jpg
.f           Idaho Debates/2020 primary/Senate Dems/._Vandermass-Jordan.jpg
.f           Idaho Debates/2020 primary/Senate Dems/1-Jordan.jpg
.f           Idaho Debates/2020 primary/Senate Dems/1-Vandermass.jpg
.f           Idaho Debates/2020 primary/Senate Dems/Dem Senate.m4a
.f           Idaho Debates/2020 primary/Senate Dems/IDDE_2020_Primary_Senate_Dem.xlsx
.f           Idaho Debates/2020 primary/Senate Dems/Vandermass-Jordan-square.jpg
.f           Idaho Debates/2020 primary/Senate Dems/Vandermass-Jordan.jpg
.d           Legislature/
.f           Legislature/.DS_Store
.f           Legislature/._.DS_Store
.f           Legislature/._IDLEG 2020
.f           Legislature/._IDLEG 2021
.d           Legislature/IDLEG 2020/
.f           Legislature/IDLEG 2020/.DS_Store
.f           Legislature/IDLEG 2020/._.DS_Store
.f           Legislature/IDLEG 2020/._Farm Bureau Policy 2020.pdf
.f           Legislature/IDLEG 2020/._Legislative Budget Book 2020.pdf
.f           Legislature/IDLEG 2020/._McClure stories
.f           Legislature/IDLEG 2020/._Property Tax Slides.potx.pdf
.f           Legislature/IDLEG 2020/._Rep-Green-Attny-Gen.pdf
.f           Legislature/IDLEG 2020/._State Law and County Services.pdf
.f           Legislature/IDLEG 2020/._notebook
.f           Legislature/IDLEG 2020/._photos
.f           Legislature/IDLEG 2020/Farm Bureau Policy 2020.pdf
.f           Legislature/IDLEG 2020/Legislative Budget Book 2020.pdf
.f           Legislature/IDLEG 2020/Property Tax Slides.potx.pdf
.f           Legislature/IDLEG 2020/Rep-Green-Attny-Gen.pdf
.f           Legislature/IDLEG 2020/State Law and County Services.pdf
.d           Legislature/IDLEG 2020/McClure stories/
.f           Legislature/IDLEG 2020/McClure stories/._1-16 Burgonye drug trafficking.docx
.f           Legislature/IDLEG 2020/McClure stories/._1-20 Presidential-Finalists.mp3
.f           Legislature/IDLEG 2020/McClure stories/._1-20 Presidential-finalists.docx
.f           Legislature/IDLEG 2020/McClure stories/._1-24 Tax bills.docx
.f           Legislature/IDLEG 2020/McClure stories/._1-29 Religious Freedom Day.docx
.f           Legislature/IDLEG 2020/McClure stories/._1-6 State of the State story.docx
.f           Legislature/IDLEG 2020/McClure stories/._1-9 Parole Rules alcohol - draft.docx
.f           Legislature/IDLEG 2020/McClure stories/._2-13 Fish and Game Partisan.docx
.f           Legislature/IDLEG 2020/McClure stories/._2-20 Property Tax Deep Dive.docx
.f           Legislature/IDLEG 2020/McClure stories/._2-21 4H KYG.docx
.f           Legislature/IDLEG 2020/McClure stories/._2-4 Bond election bills.docx
.f           Legislature/IDLEG 2020/McClure stories/._3-13 March Roundup.docx
.f           Legislature/IDLEG 2020/McClure stories/._3-3 Ballot Initiatives.docx
.f           Legislature/IDLEG 2020/McClure stories/._3-30 COVID Tax Relief Fund .docx
.f           Legislature/IDLEG 2020/McClure stories/._4-2 Veto Review.docx
.f           Legislature/IDLEG 2020/McClure stories/1-16 Burgonye drug trafficking.docx
.f           Legislature/IDLEG 2020/McClure stories/1-20 Presidential-Finalists.mp3
.f           Legislature/IDLEG 2020/McClure stories/1-20 Presidential-finalists.docx
.f           Legislature/IDLEG 2020/McClure stories/1-24 Tax bills.docx
.f           Legislature/IDLEG 2020/McClure stories/1-29 Religious Freedom Day.docx
.f           Legislature/IDLEG 2020/McClure stories/1-6 State of the State story.docx
.f           Legislature/IDLEG 2020/McClure stories/1-9 Parole Rules alcohol - draft.docx
.f           Legislature/IDLEG 2020/McClure stories/2-13 Fish and Game Partisan.docx
.f           Legislature/IDLEG 2020/McClure stories/2-20 Property Tax Deep Dive.docx
.f           Legislature/IDLEG 2020/McClure stories/2-21 4H KYG.docx
.f           Legislature/IDLEG 2020/McClure stories/2-4 Bond election bills.docx
.f           Legislature/IDLEG 2020/McClure stories/3-13 March Roundup.docx
.f           Legislature/IDLEG 2020/McClure stories/3-3 Ballot Initiatives.docx
.f           Legislature/IDLEG 2020/McClure stories/3-30 COVID Tax Relief Fund .docx
.f           Legislature/IDLEG 2020/McClure stories/4-2 Veto Review.docx
.d           Legislature/IDLEG 2020/notebook/
.f           Legislature/IDLEG 2020/notebook/.DS_Store
.f           Legislature/IDLEG 2020/notebook/._.DS_Store
.f           Legislature/IDLEG 2020/notebook/._1-13 House Jud.docx
.f           Legislature/IDLEG 2020/notebook/._1-14 House Transport.docx
.f           Legislature/IDLEG 2020/notebook/._1-16 Burgonye notes transcript .docx
.f           Legislature/IDLEG 2020/notebook/._1-16 House Environment.docx
.f           Legislature/IDLEG 2020/notebook/._1-21 House Judiciary.docx
.f           Legislature/IDLEG 2020/notebook/._1-21 House State Aff.docx
.f           Legislature/IDLEG 2020/notebook/._1-21 Sen Health Welfare.docx
.f           Legislature/IDLEG 2020/notebook/._1-22 House Rev & Tax.docx
.f           Legislature/IDLEG 2020/notebook/._1-27 H State Affairs.docx
.f           Legislature/IDLEG 2020/notebook/._1-27 House Floor.docx
.f           Legislature/IDLEG 2020/notebook/._1-27 Joint Judiciary IDOC presentation.docx
.f           Legislature/IDLEG 2020/notebook/._1-28 House Health Welfare.docx
.f           Legislature/IDLEG 2020/notebook/._1-29 House State Affairs.docx
.f           Legislature/IDLEG 2020/notebook/._1-30 House Floor .docx
.f           Legislature/IDLEG 2020/notebook/._1-6 Budget Preview.docx
.f           Legislature/IDLEG 2020/notebook/._1-7 JFAC opening meeting.docx
.f           Legislature/IDLEG 2020/notebook/._1-8 House Ed.docx
.f           Legislature/IDLEG 2020/notebook/._2-11 H Property Tax Freeze.docx
.f           Legislature/IDLEG 2020/notebook/._2-12 H StAff.docx
.f           Legislature/IDLEG 2020/notebook/._2-13 Ways and Means.docx
.f           Legislature/IDLEG 2020/notebook/._2-17 Sen State Affairs.docx
.f           Legislature/IDLEG 2020/notebook/._2-19 Dem Property Tax Press Conf.docx
.f           Legislature/IDLEG 2020/notebook/._2-19 Ways Means.docx
.f           Legislature/IDLEG 2020/notebook/._2-20 H Health Welf Medicaid counties.docx
.f           Legislature/IDLEG 2020/notebook/._2-25 H409 House Floor.docx
.f           Legislature/IDLEG 2020/notebook/._2-3 H Rev Tax.docx
.f           Legislature/IDLEG 2020/notebook/._2-4 House Rev Tax.docx
.f           Legislature/IDLEG 2020/notebook/._2-5 H Commerce HR.rtf
.f           Legislature/IDLEG 2020/notebook/._2-6 H StAff legislative vacancies.docx
.f           Legislature/IDLEG 2020/notebook/._2-6 House StAff.docx
.f           Legislature/IDLEG 2020/notebook/._2-6 Right to Repair
.f           Legislature/IDLEG 2020/notebook/._3-17 property tax bills.rtf
.f           Legislature/IDLEG 2020/notebook/._4-15 Little Amended Order Presser.rtf
.f           Legislature/IDLEG 2020/notebook/._4-6 SBOE .docx
.f           Legislature/IDLEG 2020/notebook/._H 340a
.f           Legislature/IDLEG 2020/notebook/._Sine Die Wrap notes.rtf
.f           Legislature/IDLEG 2020/notebook/._recordings
.f           Legislature/IDLEG 2020/notebook/._~$14 House State Affairs.docx
.f           Legislature/IDLEG 2020/notebook/1-13 House Jud.docx
.f           Legislature/IDLEG 2020/notebook/1-14 House Transport.docx
.f           Legislature/IDLEG 2020/notebook/1-16 Burgonye notes transcript .docx
.f           Legislature/IDLEG 2020/notebook/1-16 House Environment.docx
.f           Legislature/IDLEG 2020/notebook/1-21 House Judiciary.docx
.f           Legislature/IDLEG 2020/notebook/1-21 House State Aff.docx
.f           Legislature/IDLEG 2020/notebook/1-21 Sen Health Welfare.docx
.f           Legislature/IDLEG 2020/notebook/1-22 House Rev & Tax.docx
.f           Legislature/IDLEG 2020/notebook/1-27 H State Affairs.docx
.f           Legislature/IDLEG 2020/notebook/1-27 House Floor.docx
.f           Legislature/IDLEG 2020/notebook/1-27 Joint Judiciary IDOC presentation.docx
.f           Legislature/IDLEG 2020/notebook/1-28 House Health Welfare.docx
.f           Legislature/IDLEG 2020/notebook/1-29 House State Affairs.docx
.f           Legislature/IDLEG 2020/notebook/1-30 House Floor .docx
.f           Legislature/IDLEG 2020/notebook/1-6 Budget Preview.docx
.f           Legislature/IDLEG 2020/notebook/1-7 JFAC opening meeting.docx
.f           Legislature/IDLEG 2020/notebook/1-8 House Ed.docx
.f           Legislature/IDLEG 2020/notebook/2-11 H Property Tax Freeze.docx
.f           Legislature/IDLEG 2020/notebook/2-12 H StAff.docx
.f           Legislature/IDLEG 2020/notebook/2-13 Ways and Means.docx
.f           Legislature/IDLEG 2020/notebook/2-17 Sen State Affairs.docx
.f           Legislature/IDLEG 2020/notebook/2-19 Dem Property Tax Press Conf.docx
.f           Legislature/IDLEG 2020/notebook/2-19 Ways Means.docx
.f           Legislature/IDLEG 2020/notebook/2-20 H Health Welf Medicaid counties.docx
.f           Legislature/IDLEG 2020/notebook/2-25 H409 House Floor.docx
.f           Legislature/IDLEG 2020/notebook/2-3 H Rev Tax.docx
.f           Legislature/IDLEG 2020/notebook/2-4 House Rev Tax.docx
.f           Legislature/IDLEG 2020/notebook/2-5 H Commerce HR.rtf
.f           Legislature/IDLEG 2020/notebook/2-6 H StAff legislative vacancies.docx
.f           Legislature/IDLEG 2020/notebook/2-6 House StAff.docx
.f           Legislature/IDLEG 2020/notebook/3-17 property tax bills.rtf
.f           Legislature/IDLEG 2020/notebook/4-15 Little Amended Order Presser.rtf
.f           Legislature/IDLEG 2020/notebook/4-6 SBOE .docx
.f           Legislature/IDLEG 2020/notebook/Sine Die Wrap notes.rtf
.f           Legislature/IDLEG 2020/notebook/~$14 House State Affairs.docx
.d           Legislature/IDLEG 2020/notebook/2-6 Right to Repair/
.f           Legislature/IDLEG 2020/notebook/2-6 Right to Repair/._2-20 HEET Raybould Facial Rec, R2R.docx
.f           Legislature/IDLEG 2020/notebook/2-6 Right to Repair/._2-6 H Energy Enviro Tech.mp4
.f           Legislature/IDLEG 2020/notebook/2-6 Right to Repair/._2-6 Sen Commerce.mp4
.f           Legislature/IDLEG 2020/notebook/2-6 Right to Repair/._2-6 draft Right to Repair.docx
.f           Legislature/IDLEG 2020/notebook/2-6 Right to Repair/._Nelson RS.pdf
.f           Legislature/IDLEG 2020/notebook/2-6 Right to Repair/._R2R article.docx
.f           Legislature/IDLEG 2020/notebook/2-6 Right to Repair/2-20 HEET Raybould Facial Rec, R2R.docx
.f           Legislature/IDLEG 2020/notebook/2-6 Right to Repair/2-6 H Energy Enviro Tech.mp4
.f           Legislature/IDLEG 2020/notebook/2-6 Right to Repair/2-6 Sen Commerce.mp4
.f           Legislature/IDLEG 2020/notebook/2-6 Right to Repair/2-6 draft Right to Repair.docx
.f           Legislature/IDLEG 2020/notebook/2-6 Right to Repair/Nelson RS.pdf
.f           Legislature/IDLEG 2020/notebook/2-6 Right to Repair/R2R article.docx
.d           Legislature/IDLEG 2020/notebook/H 340a/
.f           Legislature/IDLEG 2020/notebook/H 340a/.DS_Store
.f           Legislature/IDLEG 2020/notebook/H 340a/._.DS_Store
.f           Legislature/IDLEG 2020/notebook/H 340a/._1-28 House Health Welf.mp4
.f           Legislature/IDLEG 2020/notebook/H 340a/._Child Drug-Alcohol Treatment notes.docx
.f           Legislature/IDLEG 2020/notebook/H 340a/._H340a
.f           Legislature/IDLEG 2020/notebook/H 340a/._S1099aa
.f           Legislature/IDLEG 2020/notebook/H 340a/1-28 House Health Welf.mp4
.f           Legislature/IDLEG 2020/notebook/H 340a/Child Drug-Alcohol Treatment notes.docx
.d           Legislature/IDLEG 2020/notebook/H 340a/H340a/
.f           Legislature/IDLEG 2020/notebook/H 340a/H340a/._2-25 General Orders.docx
.f           Legislature/IDLEG 2020/notebook/H 340a/H340a/._H0340.pdf
.f           Legislature/IDLEG 2020/notebook/H 340a/H340a/._H0340A2.pdf
.f           Legislature/IDLEG 2020/notebook/H 340a/H340a/._H0340E1.pdf
.f           Legislature/IDLEG 2020/notebook/H 340a/H340a/._H0340E1A2.pdf
.f           Legislature/IDLEG 2020/notebook/H 340a/H340a/._H0340E2.pdf
.f           Legislature/IDLEG 2020/notebook/H 340a/H340a/._H0340SOP.pdf
.f           Legislature/IDLEG 2020/notebook/H 340a/H340a/._H0340aa,aaS record.rtf
.f           Legislature/IDLEG 2020/notebook/H 340a/H340a/2-25 General Orders.docx
.f           Legislature/IDLEG 2020/notebook/H 340a/H340a/H0340.pdf
.f           Legislature/IDLEG 2020/notebook/H 340a/H340a/H0340A2.pdf
.f           Legislature/IDLEG 2020/notebook/H 340a/H340a/H0340E1.pdf
.f           Legislature/IDLEG 2020/notebook/H 340a/H340a/H0340E1A2.pdf
.f           Legislature/IDLEG 2020/notebook/H 340a/H340a/H0340E2.pdf
.f           Legislature/IDLEG 2020/notebook/H 340a/H340a/H0340SOP.pdf
.f           Legislature/IDLEG 2020/notebook/H 340a/H340a/H0340aa,aaS record.rtf
.d           Legislature/IDLEG 2020/notebook/H 340a/S1099aa/
.f           Legislature/IDLEG 2020/notebook/H 340a/S1099aa/._S1099.pdf
.f           Legislature/IDLEG 2020/notebook/H 340a/S1099aa/._S1099A1.pdf
.f           Legislature/IDLEG 2020/notebook/H 340a/S1099aa/._S1099E1.pdf
.f           Legislature/IDLEG 2020/notebook/H 340a/S1099aa/._S1099SOP.pdf
.f           Legislature/IDLEG 2020/notebook/H 340a/S1099aa/._S1099aa record.rtf
.f           Legislature/IDLEG 2020/notebook/H 340a/S1099aa/S1099.pdf
.f           Legislature/IDLEG 2020/notebook/H 340a/S1099aa/S1099A1.pdf
.f           Legislature/IDLEG 2020/notebook/H 340a/S1099aa/S1099E1.pdf
.f           Legislature/IDLEG 2020/notebook/H 340a/S1099aa/S1099SOP.pdf
.f           Legislature/IDLEG 2020/notebook/H 340a/S1099aa/S1099aa record.rtf
.d           Legislature/IDLEG 2020/notebook/recordings/
.f           Legislature/IDLEG 2020/notebook/recordings/.DS_Store
.f           Legislature/IDLEG 2020/notebook/recordings/._.DS_Store
.f           Legislature/IDLEG 2020/notebook/recordings/._1-13 HJud-low.wav
.f           Legislature/IDLEG 2020/notebook/recordings/._1-13 HJud.wav
.f           Legislature/IDLEG 2020/notebook/recordings/._1-15 Burgoyne interview.m4a
.f           Legislature/IDLEG 2020/notebook/recordings/._1-16 Senate Education.mp4
.f           Legislature/IDLEG 2020/notebook/recordings/._1-22 HRevTax.mp4
.f           Legislature/IDLEG 2020/notebook/recordings/._1-29 House StAff.mp4
.f           Legislature/IDLEG 2020/notebook/recordings/._1-30 H 347.mp4
.f           Legislature/IDLEG 2020/notebook/recordings/._1-30 House Jud.mp4
.f           Legislature/IDLEG 2020/notebook/recordings/._2-11 H RevTax.mp4
.f           Legislature/IDLEG 2020/notebook/recordings/._2-12 H RevTax.mp4
.f           Legislature/IDLEG 2020/notebook/recordings/._2-13 H RevTax.mp4
.f           Legislature/IDLEG 2020/notebook/recordings/._2-24 Sen StAff.mp4
.f           Legislature/IDLEG 2020/notebook/recordings/._2-26 H StAff.mp4
.f           Legislature/IDLEG 2020/notebook/recordings/._Wayne-Butts-testimony-480.mp4
.f           Legislature/IDLEG 2020/notebook/recordings/._Wayne-Butts-testimony.mov
.f           Legislature/IDLEG 2020/notebook/recordings/1-13 HJud-low.wav
.f           Legislature/IDLEG 2020/notebook/recordings/1-13 HJud.wav
.f           Legislature/IDLEG 2020/notebook/recordings/1-15 Burgoyne interview.m4a
.f           Legislature/IDLEG 2020/notebook/recordings/1-16 Senate Education.mp4
.f           Legislature/IDLEG 2020/notebook/recordings/1-22 HRevTax.mp4
.f           Legislature/IDLEG 2020/notebook/recordings/1-29 House StAff.mp4
.f           Legislature/IDLEG 2020/notebook/recordings/1-30 H 347.mp4
.f           Legislature/IDLEG 2020/notebook/recordings/1-30 House Jud.mp4
.f           Legislature/IDLEG 2020/notebook/recordings/2-11 H RevTax.mp4
.f           Legislature/IDLEG 2020/notebook/recordings/2-12 H RevTax.mp4
.f           Legislature/IDLEG 2020/notebook/recordings/2-13 H RevTax.mp4
.f           Legislature/IDLEG 2020/notebook/recordings/2-24 Sen StAff.mp4
.f           Legislature/IDLEG 2020/notebook/recordings/2-26 H StAff.mp4
.f           Legislature/IDLEG 2020/notebook/recordings/Wayne-Butts-testimony-480.mp4
.f           Legislature/IDLEG 2020/notebook/recordings/Wayne-Butts-testimony.mov
.d           Legislature/IDLEG 2020/photos/
.f           Legislature/IDLEG 2020/photos/.DS_Store
.f           Legislature/IDLEG 2020/photos/._.DS_Store
.f           Legislature/IDLEG 2020/photos/._3p1ywi.gif
.f           Legislature/IDLEG 2020/photos/._Boise-Womens-March-2020
.f           Legislature/IDLEG 2020/photos/._Keough Senate Ed
.f           Legislature/IDLEG 2020/photos/._NAMI-award.JPG
.f           Legislature/IDLEG 2020/photos/._NAMI-award2.JPG
.f           Legislature/IDLEG 2020/photos/._Uni-Presidents-JFAC
.f           Legislature/IDLEG 2020/photos/._Very Special Session
.f           Legislature/IDLEG 2020/photos/._Ybarra-JFAC
.f           Legislature/IDLEG 2020/photos/._assets
.f           Legislature/IDLEG 2020/photos/._jfac01092020.jpeg
.f           Legislature/IDLEG 2020/photos/3p1ywi.gif
.f           Legislature/IDLEG 2020/photos/NAMI-award.JPG
.f           Legislature/IDLEG 2020/photos/NAMI-award2.JPG
.f           Legislature/IDLEG 2020/photos/jfac01092020.jpeg
.d           Legislature/IDLEG 2020/photos/Boise-Womens-March-2020/
.f           Legislature/IDLEG 2020/photos/Boise-Womens-March-2020/._IMG_0001.jpeg
.f           Legislature/IDLEG 2020/photos/Boise-Womens-March-2020/._IMG_0010.jpeg
.f           Legislature/IDLEG 2020/photos/Boise-Womens-March-2020/._IMG_0014.jpeg
.f           Legislature/IDLEG 2020/photos/Boise-Womens-March-2020/._IMG_0015.jpeg
.f           Legislature/IDLEG 2020/photos/Boise-Womens-March-2020/._IMG_0020.jpeg
.f           Legislature/IDLEG 2020/photos/Boise-Womens-March-2020/._IMG_0028.jpeg
.f           Legislature/IDLEG 2020/photos/Boise-Womens-March-2020/._IMG_0032.jpeg
.f           Legislature/IDLEG 2020/photos/Boise-Womens-March-2020/._IMG_0034.jpeg
.f           Legislature/IDLEG 2020/photos/Boise-Womens-March-2020/._IMG_0049.jpeg
.f           Legislature/IDLEG 2020/photos/Boise-Womens-March-2020/._IMG_0053.jpeg
.f           Legislature/IDLEG 2020/photos/Boise-Womens-March-2020/._IMG_0054.jpeg
.f           Legislature/IDLEG 2020/photos/Boise-Womens-March-2020/._IMG_9882.jpeg
.f           Legislature/IDLEG 2020/photos/Boise-Womens-March-2020/._IMG_9884.jpeg
.f           Legislature/IDLEG 2020/photos/Boise-Womens-March-2020/._IMG_9897.jpeg
.f           Legislature/IDLEG 2020/photos/Boise-Womens-March-2020/._IMG_9902.jpeg
.f           Legislature/IDLEG 2020/photos/Boise-Womens-March-2020/._IMG_9906.jpeg
.f           Legislature/IDLEG 2020/photos/Boise-Womens-March-2020/._IMG_9907.jpeg
.f           Legislature/IDLEG 2020/photos/Boise-Womens-March-2020/._IMG_9913.jpeg
.f           Legislature/IDLEG 2020/photos/Boise-Womens-March-2020/._IMG_9945.jpeg
.f           Legislature/IDLEG 2020/photos/Boise-Womens-March-2020/._IMG_9953.jpeg
.f           Legislature/IDLEG 2020/photos/Boise-Womens-March-2020/._IMG_9954.jpeg
.f           Legislature/IDLEG 2020/photos/Boise-Womens-March-2020/._IMG_9965.jpeg
.f           Legislature/IDLEG 2020/photos/Boise-Womens-March-2020/._IMG_9970.jpeg
.f           Legislature/IDLEG 2020/photos/Boise-Womens-March-2020/._IMG_9974.jpeg
.f           Legislature/IDLEG 2020/photos/Boise-Womens-March-2020/IMG_0001.jpeg
.f           Legislature/IDLEG 2020/photos/Boise-Womens-March-2020/IMG_0010.jpeg
.f           Legislature/IDLEG 2020/photos/Boise-Womens-March-2020/IMG_0014.jpeg
.f           Legislature/IDLEG 2020/photos/Boise-Womens-March-2020/IMG_0015.jpeg
.f           Legislature/IDLEG 2020/photos/Boise-Womens-March-2020/IMG_0020.jpeg
.f           Legislature/IDLEG 2020/photos/Boise-Womens-March-2020/IMG_0028.jpeg
.f           Legislature/IDLEG 2020/photos/Boise-Womens-March-2020/IMG_0032.jpeg
.f           Legislature/IDLEG 2020/photos/Boise-Womens-March-2020/IMG_0034.jpeg
.f           Legislature/IDLEG 2020/photos/Boise-Womens-March-2020/IMG_0049.jpeg
.f           Legislature/IDLEG 2020/photos/Boise-Womens-March-2020/IMG_0053.jpeg
.f           Legislature/IDLEG 2020/photos/Boise-Womens-March-2020/IMG_0054.jpeg
.f           Legislature/IDLEG 2020/photos/Boise-Womens-March-2020/IMG_9882.jpeg
.f           Legislature/IDLEG 2020/photos/Boise-Womens-March-2020/IMG_9884.jpeg
.f           Legislature/IDLEG 2020/photos/Boise-Womens-March-2020/IMG_9897.jpeg
.f           Legislature/IDLEG 2020/photos/Boise-Womens-March-2020/IMG_9902.jpeg
.f           Legislature/IDLEG 2020/photos/Boise-Womens-March-2020/IMG_9906.jpeg
.f           Legislature/IDLEG 2020/photos/Boise-Womens-March-2020/IMG_9907.jpeg
.f           Legislature/IDLEG 2020/photos/Boise-Womens-March-2020/IMG_9913.jpeg
.f           Legislature/IDLEG 2020/photos/Boise-Womens-March-2020/IMG_9945.jpeg
.f           Legislature/IDLEG 2020/photos/Boise-Womens-March-2020/IMG_9953.jpeg
.f           Legislature/IDLEG 2020/photos/Boise-Womens-March-2020/IMG_9954.jpeg
.f           Legislature/IDLEG 2020/photos/Boise-Womens-March-2020/IMG_9965.jpeg
.f           Legislature/IDLEG 2020/photos/Boise-Womens-March-2020/IMG_9970.jpeg
.f           Legislature/IDLEG 2020/photos/Boise-Womens-March-2020/IMG_9974.jpeg
.d           Legislature/IDLEG 2020/photos/Keough Senate Ed/
.f           Legislature/IDLEG 2020/photos/Keough Senate Ed/._IMG_9834.jpeg
.f           Legislature/IDLEG 2020/photos/Keough Senate Ed/._IMG_9842.jpeg
.f           Legislature/IDLEG 2020/photos/Keough Senate Ed/._IMG_9851.jpeg
.f           Legislature/IDLEG 2020/photos/Keough Senate Ed/._IMG_9859.jpeg
.f           Legislature/IDLEG 2020/photos/Keough Senate Ed/IMG_9834.jpeg
.f           Legislature/IDLEG 2020/photos/Keough Senate Ed/IMG_9842.jpeg
.f           Legislature/IDLEG 2020/photos/Keough Senate Ed/IMG_9851.jpeg
.f           Legislature/IDLEG 2020/photos/Keough Senate Ed/IMG_9859.jpeg
.d           Legislature/IDLEG 2020/photos/Uni-Presidents-JFAC/
.f           Legislature/IDLEG 2020/photos/Uni-Presidents-JFAC/.DS_Store
.f           Legislature/IDLEG 2020/photos/Uni-Presidents-JFAC/._.DS_Store
.f           Legislature/IDLEG 2020/photos/Uni-Presidents-JFAC/._IMG_0063.jpeg
.f           Legislature/IDLEG 2020/photos/Uni-Presidents-JFAC/._IMG_0071.jpeg
.f           Legislature/IDLEG 2020/photos/Uni-Presidents-JFAC/._IMG_0072.jpeg
.f           Legislature/IDLEG 2020/photos/Uni-Presidents-JFAC/._IMG_0078.jpeg
.f           Legislature/IDLEG 2020/photos/Uni-Presidents-JFAC/._IMG_0081.jpeg
.f           Legislature/IDLEG 2020/photos/Uni-Presidents-JFAC/._IMG_0082.jpeg
.f           Legislature/IDLEG 2020/photos/Uni-Presidents-JFAC/._IMG_0083.jpeg
.f           Legislature/IDLEG 2020/photos/Uni-Presidents-JFAC/._IMG_0087.jpeg
.f           Legislature/IDLEG 2020/photos/Uni-Presidents-JFAC/._IMG_0089.jpeg
.f           Legislature/IDLEG 2020/photos/Uni-Presidents-JFAC/._IMG_0092.jpeg
.f           Legislature/IDLEG 2020/photos/Uni-Presidents-JFAC/._IMG_0100.jpeg
.f           Legislature/IDLEG 2020/photos/Uni-Presidents-JFAC/._IMG_0101.jpeg
.f           Legislature/IDLEG 2020/photos/Uni-Presidents-JFAC/._IMG_0138.jpeg
.f           Legislature/IDLEG 2020/photos/Uni-Presidents-JFAC/._IMG_0139.jpeg
.f           Legislature/IDLEG 2020/photos/Uni-Presidents-JFAC/._IMG_0151.jpeg
.f           Legislature/IDLEG 2020/photos/Uni-Presidents-JFAC/._IMG_0155.jpeg
.f           Legislature/IDLEG 2020/photos/Uni-Presidents-JFAC/._IMG_0163.jpeg
.f           Legislature/IDLEG 2020/photos/Uni-Presidents-JFAC/._IMG_0176.jpeg
.f           Legislature/IDLEG 2020/photos/Uni-Presidents-JFAC/._IMG_0181.jpeg
.f           Legislature/IDLEG 2020/photos/Uni-Presidents-JFAC/._IMG_0198.jpeg
.f           Legislature/IDLEG 2020/photos/Uni-Presidents-JFAC/._IMG_0199.jpeg
.f           Legislature/IDLEG 2020/photos/Uni-Presidents-JFAC/._IMG_0201.jpeg
.f           Legislature/IDLEG 2020/photos/Uni-Presidents-JFAC/._IMG_0205.jpeg
.f           Legislature/IDLEG 2020/photos/Uni-Presidents-JFAC/._IMG_0210.jpeg
.f           Legislature/IDLEG 2020/photos/Uni-Presidents-JFAC/IMG_0063.jpeg
.f           Legislature/IDLEG 2020/photos/Uni-Presidents-JFAC/IMG_0071.jpeg
.f           Legislature/IDLEG 2020/photos/Uni-Presidents-JFAC/IMG_0072.jpeg
.f           Legislature/IDLEG 2020/photos/Uni-Presidents-JFAC/IMG_0078.jpeg
.f           Legislature/IDLEG 2020/photos/Uni-Presidents-JFAC/IMG_0081.jpeg
.f           Legislature/IDLEG 2020/photos/Uni-Presidents-JFAC/IMG_0082.jpeg
.f           Legislature/IDLEG 2020/photos/Uni-Presidents-JFAC/IMG_0083.jpeg
.f           Legislature/IDLEG 2020/photos/Uni-Presidents-JFAC/IMG_0087.jpeg
.f           Legislature/IDLEG 2020/photos/Uni-Presidents-JFAC/IMG_0089.jpeg
.f           Legislature/IDLEG 2020/photos/Uni-Presidents-JFAC/IMG_0092.jpeg
.f           Legislature/IDLEG 2020/photos/Uni-Presidents-JFAC/IMG_0100.jpeg
.f           Legislature/IDLEG 2020/photos/Uni-Presidents-JFAC/IMG_0101.jpeg
.f           Legislature/IDLEG 2020/photos/Uni-Presidents-JFAC/IMG_0138.jpeg
.f           Legislature/IDLEG 2020/photos/Uni-Presidents-JFAC/IMG_0139.jpeg
.f           Legislature/IDLEG 2020/photos/Uni-Presidents-JFAC/IMG_0151.jpeg
.f           Legislature/IDLEG 2020/photos/Uni-Presidents-JFAC/IMG_0155.jpeg
.f           Legislature/IDLEG 2020/photos/Uni-Presidents-JFAC/IMG_0163.jpeg
.f           Legislature/IDLEG 2020/photos/Uni-Presidents-JFAC/IMG_0176.jpeg
.f           Legislature/IDLEG 2020/photos/Uni-Presidents-JFAC/IMG_0181.jpeg
.f           Legislature/IDLEG 2020/photos/Uni-Presidents-JFAC/IMG_0198.jpeg
.f           Legislature/IDLEG 2020/photos/Uni-Presidents-JFAC/IMG_0199.jpeg
.f           Legislature/IDLEG 2020/photos/Uni-Presidents-JFAC/IMG_0201.jpeg
.f           Legislature/IDLEG 2020/photos/Uni-Presidents-JFAC/IMG_0205.jpeg
.f           Legislature/IDLEG 2020/photos/Uni-Presidents-JFAC/IMG_0210.jpeg
.d           Legislature/IDLEG 2020/photos/Very Special Session/
.f           Legislature/IDLEG 2020/photos/Very Special Session/._IMG_0460.jpeg
.f           Legislature/IDLEG 2020/photos/Very Special Session/._IMG_0469.jpeg
.f           Legislature/IDLEG 2020/photos/Very Special Session/._IMG_0470.jpeg
.f           Legislature/IDLEG 2020/photos/Very Special Session/._IMG_0477.jpeg
.f           Legislature/IDLEG 2020/photos/Very Special Session/._IMG_0478.jpeg
.f           Legislature/IDLEG 2020/photos/Very Special Session/._IMG_0485.jpeg
.f           Legislature/IDLEG 2020/photos/Very Special Session/._IMG_0492.jpeg
.f           Legislature/IDLEG 2020/photos/Very Special Session/._IMG_0496.jpeg
.f           Legislature/IDLEG 2020/photos/Very Special Session/._IMG_0499.jpeg
.f           Legislature/IDLEG 2020/photos/Very Special Session/._IMG_0507.jpeg
.f           Legislature/IDLEG 2020/photos/Very Special Session/._IMG_0508.jpeg
.f           Legislature/IDLEG 2020/photos/Very Special Session/._IMG_0514.jpeg
.f           Legislature/IDLEG 2020/photos/Very Special Session/._IMG_0522.jpeg
.f           Legislature/IDLEG 2020/photos/Very Special Session/._IMG_0523.jpeg
.f           Legislature/IDLEG 2020/photos/Very Special Session/._IMG_0524.jpeg
.f           Legislature/IDLEG 2020/photos/Very Special Session/._IMG_0529.jpeg
.f           Legislature/IDLEG 2020/photos/Very Special Session/._IMG_0535.jpeg
.f           Legislature/IDLEG 2020/photos/Very Special Session/._IMG_0537.jpeg
.f           Legislature/IDLEG 2020/photos/Very Special Session/._IMG_0550.jpeg
.f           Legislature/IDLEG 2020/photos/Very Special Session/._IMG_0554.jpeg
.f           Legislature/IDLEG 2020/photos/Very Special Session/._IMG_0556.jpeg
.f           Legislature/IDLEG 2020/photos/Very Special Session/._IMG_0568.jpeg
.f           Legislature/IDLEG 2020/photos/Very Special Session/._IMG_0579.jpeg
.f           Legislature/IDLEG 2020/photos/Very Special Session/._IMG_0582.jpeg
.f           Legislature/IDLEG 2020/photos/Very Special Session/._IMG_0586.jpeg
.f           Legislature/IDLEG 2020/photos/Very Special Session/._IMG_0588.jpeg
.f           Legislature/IDLEG 2020/photos/Very Special Session/._IMG_0596.jpeg
.f           Legislature/IDLEG 2020/photos/Very Special Session/._IMG_0599.jpeg
.f           Legislature/IDLEG 2020/photos/Very Special Session/._IMG_0603.jpeg
.f           Legislature/IDLEG 2020/photos/Very Special Session/._discussion-low rez.mp4
.f           Legislature/IDLEG 2020/photos/Very Special Session/._discussion-trimmed.mov
.f           Legislature/IDLEG 2020/photos/Very Special Session/IMG_0460.jpeg
.f           Legislature/IDLEG 2020/photos/Very Special Session/IMG_0469.jpeg
.f           Legislature/IDLEG 2020/photos/Very Special Session/IMG_0470.jpeg
.f           Legislature/IDLEG 2020/photos/Very Special Session/IMG_0477.jpeg
.f           Legislature/IDLEG 2020/photos/Very Special Session/IMG_0478.jpeg
.f           Legislature/IDLEG 2020/photos/Very Special Session/IMG_0485.jpeg
.f           Legislature/IDLEG 2020/photos/Very Special Session/IMG_0492.jpeg
.f           Legislature/IDLEG 2020/photos/Very Special Session/IMG_0496.jpeg
.f           Legislature/IDLEG 2020/photos/Very Special Session/IMG_0499.jpeg
.f           Legislature/IDLEG 2020/photos/Very Special Session/IMG_0507.jpeg
.f           Legislature/IDLEG 2020/photos/Very Special Session/IMG_0508.jpeg
.f           Legislature/IDLEG 2020/photos/Very Special Session/IMG_0514.jpeg
.f           Legislature/IDLEG 2020/photos/Very Special Session/IMG_0522.jpeg
.f           Legislature/IDLEG 2020/photos/Very Special Session/IMG_0523.jpeg
.f           Legislature/IDLEG 2020/photos/Very Special Session/IMG_0524.jpeg
.f           Legislature/IDLEG 2020/photos/Very Special Session/IMG_0529.jpeg
.f           Legislature/IDLEG 2020/photos/Very Special Session/IMG_0535.jpeg
.f           Legislature/IDLEG 2020/photos/Very Special Session/IMG_0537.jpeg
.f           Legislature/IDLEG 2020/photos/Very Special Session/IMG_0550.jpeg
.f           Legislature/IDLEG 2020/photos/Very Special Session/IMG_0554.jpeg
.f           Legislature/IDLEG 2020/photos/Very Special Session/IMG_0556.jpeg
.f           Legislature/IDLEG 2020/photos/Very Special Session/IMG_0568.jpeg
.f           Legislature/IDLEG 2020/photos/Very Special Session/IMG_0579.jpeg
.f           Legislature/IDLEG 2020/photos/Very Special Session/IMG_0582.jpeg
.f           Legislature/IDLEG 2020/photos/Very Special Session/IMG_0586.jpeg
.f           Legislature/IDLEG 2020/photos/Very Special Session/IMG_0588.jpeg
.f           Legislature/IDLEG 2020/photos/Very Special Session/IMG_0596.jpeg
.f           Legislature/IDLEG 2020/photos/Very Special Session/IMG_0599.jpeg
.f           Legislature/IDLEG 2020/photos/Very Special Session/IMG_0603.jpeg
.f           Legislature/IDLEG 2020/photos/Very Special Session/discussion-low rez.mp4
.f           Legislature/IDLEG 2020/photos/Very Special Session/discussion-trimmed.mov
.d           Legislature/IDLEG 2020/photos/Ybarra-JFAC/
.f           Legislature/IDLEG 2020/photos/Ybarra-JFAC/._IMG_0241 copy.jpeg
.f           Legislature/IDLEG 2020/photos/Ybarra-JFAC/._IMG_0241.jpeg
.f           Legislature/IDLEG 2020/photos/Ybarra-JFAC/._IMG_0245.jpeg
.f           Legislature/IDLEG 2020/photos/Ybarra-JFAC/._IMG_0255.jpeg
.f           Legislature/IDLEG 2020/photos/Ybarra-JFAC/._IMG_0266.jpeg
.f           Legislature/IDLEG 2020/photos/Ybarra-JFAC/._IMG_0267.jpeg
.f           Legislature/IDLEG 2020/photos/Ybarra-JFAC/._IMG_0268.jpeg
.f           Legislature/IDLEG 2020/photos/Ybarra-JFAC/._IMG_0270 copy.jpeg
.f           Legislature/IDLEG 2020/photos/Ybarra-JFAC/._IMG_0270.jpeg
.f           Legislature/IDLEG 2020/photos/Ybarra-JFAC/._IMG_0274.jpeg
.f           Legislature/IDLEG 2020/photos/Ybarra-JFAC/._IMG_0277.jpeg
.f           Legislature/IDLEG 2020/photos/Ybarra-JFAC/IMG_0241 copy.jpeg
.f           Legislature/IDLEG 2020/photos/Ybarra-JFAC/IMG_0241.jpeg
.f           Legislature/IDLEG 2020/photos/Ybarra-JFAC/IMG_0245.jpeg
.f           Legislature/IDLEG 2020/photos/Ybarra-JFAC/IMG_0255.jpeg
.f           Legislature/IDLEG 2020/photos/Ybarra-JFAC/IMG_0266.jpeg
.f           Legislature/IDLEG 2020/photos/Ybarra-JFAC/IMG_0267.jpeg
.f           Legislature/IDLEG 2020/photos/Ybarra-JFAC/IMG_0268.jpeg
.f           Legislature/IDLEG 2020/photos/Ybarra-JFAC/IMG_0270 copy.jpeg
.f           Legislature/IDLEG 2020/photos/Ybarra-JFAC/IMG_0270.jpeg
.f           Legislature/IDLEG 2020/photos/Ybarra-JFAC/IMG_0274.jpeg
.f           Legislature/IDLEG 2020/photos/Ybarra-JFAC/IMG_0277.jpeg
.d           Legislature/IDLEG 2020/photos/assets/
.f           Legislature/IDLEG 2020/photos/assets/.DS_Store
.f           Legislature/IDLEG 2020/photos/assets/._.DS_Store
.f           Legislature/IDLEG 2020/photos/assets/._Bedke-id-ed-news.jpg
.f           Legislature/IDLEG 2020/photos/assets/._Brad_Little.jpg
.f           Legislature/IDLEG 2020/photos/assets/._Grant_Burgoyne.jpg
.f           Legislature/IDLEG 2020/photos/assets/._Idaho_Capitol_Building.jpeg
.f           Legislature/IDLEG 2020/photos/assets/._fish-game.png
.f           Legislature/IDLEG 2020/photos/assets/._kootenai-2-3-4.jpg
.f           Legislature/IDLEG 2020/photos/assets/Bedke-id-ed-news.jpg
.f           Legislature/IDLEG 2020/photos/assets/Brad_Little.jpg
.f           Legislature/IDLEG 2020/photos/assets/Grant_Burgoyne.jpg
.f           Legislature/IDLEG 2020/photos/assets/Idaho_Capitol_Building.jpeg
.f           Legislature/IDLEG 2020/photos/assets/fish-game.png
.f           Legislature/IDLEG 2020/photos/assets/kootenai-2-3-4.jpg
.d           Legislature/IDLEG 2021/
.f           Legislature/IDLEG 2021/.DS_Store
.f           Legislature/IDLEG 2021/._.DS_Store
.f           Legislature/IDLEG 2021/._1-11 State of the State 2021
.f           Legislature/IDLEG 2021/._1-22-21 Governor Little COVID-19 Emergency.mp4
.f           Legislature/IDLEG 2021/._1-26-vaccine-briefing.m4a
.f           Legislature/IDLEG 2021/._1-29-vaccine-brief-final-draft.docx
.f           Legislature/IDLEG 2021/._1-5 Dems property tax
.f           Legislature/IDLEG 2021/._2-1 Benjamin Cover stop the steal
.f           Legislature/IDLEG 2021/._2-18-SB1108-cc.rtf
.f           Legislature/IDLEG 2021/._BEKDE LT GOV
.f           Legislature/IDLEG 2021/._Health-Districts-Exploded_Color.jpg
.f           Legislature/IDLEG 2021/._Hispanic Profile Data Book 2021 - FINAL V3.pdf
.f           Legislature/IDLEG 2021/._History of Property Tax in Idaho.pdf
.f           Legislature/IDLEG 2021/._ID Property Tax Limitations and Initiatives 1978\#342\#200\#223present.pdf
.f           Legislature/IDLEG 2021/._IDAHO REPORTS SEASONS.docx
.f           Legislature/IDLEG 2021/._Idaho-Dept-Health-and-Welfare-logo.jpg
.f           Legislature/IDLEG 2021/._Idaho-Needs-Janice.mp4
.f           Legislature/IDLEG 2021/._LBB2021.pdf
.f           Legislature/IDLEG 2021/._Muffy Davis COVID rules
.f           Legislature/IDLEG 2021/._PROPERTY TAXES
.f           Legislature/IDLEG 2021/._Reps
.f           Legislature/IDLEG 2021/._SEX ED
.f           Legislature/IDLEG 2021/._Screen Shot 2021-04-21 at 1.30.24 PM.png
.f           Legislature/IDLEG 2021/._salmon returns dams.png
.f           Legislature/IDLEG 2021/._zoom_Ehardt_mental health_unedited.mp4
.f           Legislature/IDLEG 2021/1-22-21 Governor Little COVID-19 Emergency.mp4
.f           Legislature/IDLEG 2021/1-26-vaccine-briefing.m4a
.f           Legislature/IDLEG 2021/1-29-vaccine-brief-final-draft.docx
.f           Legislature/IDLEG 2021/2-18-SB1108-cc.rtf
.f           Legislature/IDLEG 2021/Health-Districts-Exploded_Color.jpg
.f           Legislature/IDLEG 2021/Hispanic Profile Data Book 2021 - FINAL V3.pdf
.f           Legislature/IDLEG 2021/History of Property Tax in Idaho.pdf
.f           Legislature/IDLEG 2021/ID Property Tax Limitations and Initiatives 1978\#342\#200\#223present.pdf
.f           Legislature/IDLEG 2021/IDAHO REPORTS SEASONS.docx
.f           Legislature/IDLEG 2021/Idaho-Dept-Health-and-Welfare-logo.jpg
.f           Legislature/IDLEG 2021/Idaho-Needs-Janice.mp4
.f           Legislature/IDLEG 2021/LBB2021.pdf
.f           Legislature/IDLEG 2021/Screen Shot 2021-04-21 at 1.30.24 PM.png
.f           Legislature/IDLEG 2021/salmon returns dams.png
.f           Legislature/IDLEG 2021/zoom_Ehardt_mental health_unedited.mp4
.d           Legislature/IDLEG 2021/1-11 State of the State 2021/
.f           Legislature/IDLEG 2021/1-11 State of the State 2021/.DS_Store
.f           Legislature/IDLEG 2021/1-11 State of the State 2021/._.DS_Store
.f           Legislature/IDLEG 2021/1-11 State of the State 2021/._2021 State of the State text.pdf
.f           Legislature/IDLEG 2021/1-11 State of the State 2021/._2021-SotS.png
.f           Legislature/IDLEG 2021/1-11 State of the State 2021/._Adams JFAC Slides to Present.pptx
.f           Legislature/IDLEG 2021/1-11 State of the State 2021/._Building Idaho's Future jpg.jpg
.f           Legislature/IDLEG 2021/1-11 State of the State 2021/._Building Idaho's Future one pager.pdf
.f           Legislature/IDLEG 2021/1-11 State of the State 2021/._DEM_PressMaterials_1.11.21.pdf
.f           Legislature/IDLEG 2021/1-11 State of the State 2021/._FY22 Budget Highlights.pdf
.f           Legislature/IDLEG 2021/1-11 State of the State 2021/._Idaho State of the State Address 2021 (January 11, 2021).mp4
.f           Legislature/IDLEG 2021/1-11 State of the State 2021/._Idaho State of the State Address 2021.m4a
.f           Legislature/IDLEG 2021/1-11 State of the State 2021/._SOS Pundits.mp3
.f           Legislature/IDLEG 2021/1-11 State of the State 2021/._SOS_2021.xlsx
.f           Legislature/IDLEG 2021/1-11 State of the State 2021/._SOS_Mz.jpg
.f           Legislature/IDLEG 2021/1-11 State of the State 2021/._SOS_Podcast.jpg
.f           Legislature/IDLEG 2021/1-11 State of the State 2021/._SotS Itinerary.rtf
.f           Legislature/IDLEG 2021/1-11 State of the State 2021/._conservative-agenda.jpg
.f           Legislature/IDLEG 2021/1-11 State of the State 2021/2021 State of the State text.pdf
.f           Legislature/IDLEG 2021/1-11 State of the State 2021/2021-SotS.png
.f           Legislature/IDLEG 2021/1-11 State of the State 2021/Adams JFAC Slides to Present.pptx
.f           Legislature/IDLEG 2021/1-11 State of the State 2021/Building Idaho's Future jpg.jpg
.f           Legislature/IDLEG 2021/1-11 State of the State 2021/Building Idaho's Future one pager.pdf
.f           Legislature/IDLEG 2021/1-11 State of the State 2021/DEM_PressMaterials_1.11.21.pdf
.f           Legislature/IDLEG 2021/1-11 State of the State 2021/FY22 Budget Highlights.pdf
.f           Legislature/IDLEG 2021/1-11 State of the State 2021/Idaho State of the State Address 2021 (January 11, 2021).mp4
.f           Legislature/IDLEG 2021/1-11 State of the State 2021/Idaho State of the State Address 2021.m4a
.f           Legislature/IDLEG 2021/1-11 State of the State 2021/SOS Pundits.mp3
.f           Legislature/IDLEG 2021/1-11 State of the State 2021/SOS_2021.xlsx
.f           Legislature/IDLEG 2021/1-11 State of the State 2021/SOS_Mz.jpg
.f           Legislature/IDLEG 2021/1-11 State of the State 2021/SOS_Podcast.jpg
.f           Legislature/IDLEG 2021/1-11 State of the State 2021/SotS Itinerary.rtf
.f           Legislature/IDLEG 2021/1-11 State of the State 2021/conservative-agenda.jpg
.d           Legislature/IDLEG 2021/1-5 Dems property tax/
.f           Legislature/IDLEG 2021/1-5 Dems property tax/._KMF066 Burgoyne.pdf
.f           Legislature/IDLEG 2021/1-5 Dems property tax/._KMF070 Necochea.pdf
.f           Legislature/IDLEG 2021/1-5 Dems property tax/._KMF128 Gannon.pdf
.f           Legislature/IDLEG 2021/1-5 Dems property tax/._PropTaxGraph_1.5.21.pdf
.f           Legislature/IDLEG 2021/1-5 Dems property tax/._PropTaxPressMaterials_1.5.21.pdf
.f           Legislature/IDLEG 2021/1-5 Dems property tax/KMF066 Burgoyne.pdf
.f           Legislature/IDLEG 2021/1-5 Dems property tax/KMF070 Necochea.pdf
.f           Legislature/IDLEG 2021/1-5 Dems property tax/KMF128 Gannon.pdf
.f           Legislature/IDLEG 2021/1-5 Dems property tax/PropTaxGraph_1.5.21.pdf
.f           Legislature/IDLEG 2021/1-5 Dems property tax/PropTaxPressMaterials_1.5.21.pdf
.d           Legislature/IDLEG 2021/2-1 Benjamin Cover stop the steal/
.f           Legislature/IDLEG 2021/2-1 Benjamin Cover stop the steal/._Benji-Cover-Interview.mp4
.f           Legislature/IDLEG 2021/2-1 Benjamin Cover stop the steal/._Cover-interview-edited.mp3
.f           Legislature/IDLEG 2021/2-1 Benjamin Cover stop the steal/._Russ Fulcher Objects.mp4
.f           Legislature/IDLEG 2021/2-1 Benjamin Cover stop the steal/Benji-Cover-Interview.mp4
.f           Legislature/IDLEG 2021/2-1 Benjamin Cover stop the steal/Cover-interview-edited.mp3
.f           Legislature/IDLEG 2021/2-1 Benjamin Cover stop the steal/Russ Fulcher Objects.mp4
.d           Legislature/IDLEG 2021/BEKDE LT GOV/
.f           Legislature/IDLEG 2021/BEKDE LT GOV/._785_0031.MXF
.f           Legislature/IDLEG 2021/BEKDE LT GOV/._785_0031M01.XML
.f           Legislature/IDLEG 2021/BEKDE LT GOV/._785_0031R01.BIM
.f           Legislature/IDLEG 2021/BEKDE LT GOV/._785_0032.MXF
.f           Legislature/IDLEG 2021/BEKDE LT GOV/._785_0032M01.XML
.f           Legislature/IDLEG 2021/BEKDE LT GOV/._785_0032R01.BIM
.f           Legislature/IDLEG 2021/BEKDE LT GOV/._785_0033.MXF
.f           Legislature/IDLEG 2021/BEKDE LT GOV/._785_0033M01.XML
.f           Legislature/IDLEG 2021/BEKDE LT GOV/._785_0033R01.BIM
.f           Legislature/IDLEG 2021/BEKDE LT GOV/._785_0034.MXF
.f           Legislature/IDLEG 2021/BEKDE LT GOV/._785_0034M01.XML
.f           Legislature/IDLEG 2021/BEKDE LT GOV/._785_0034R01.BIM
.f           Legislature/IDLEG 2021/BEKDE LT GOV/._785_0035.MXF
.f           Legislature/IDLEG 2021/BEKDE LT GOV/._785_0035M01.XML
.f           Legislature/IDLEG 2021/BEKDE LT GOV/._785_0035R01.BIM
.f           Legislature/IDLEG 2021/BEKDE LT GOV/._Image from iOS.jpg
.f           Legislature/IDLEG 2021/BEKDE LT GOV/._Screen Shot 2021-05-27 at 12.00.08 PM.png
.f           Legislature/IDLEG 2021/BEKDE LT GOV/._ir4101_Mz.jpg
.f           Legislature/IDLEG 2021/BEKDE LT GOV/785_0031.MXF
.f           Legislature/IDLEG 2021/BEKDE LT GOV/785_0031M01.XML
.f           Legislature/IDLEG 2021/BEKDE LT GOV/785_0031R01.BIM
.f           Legislature/IDLEG 2021/BEKDE LT GOV/785_0032.MXF
.f           Legislature/IDLEG 2021/BEKDE LT GOV/785_0032M01.XML
.f           Legislature/IDLEG 2021/BEKDE LT GOV/785_0032R01.BIM
.f           Legislature/IDLEG 2021/BEKDE LT GOV/785_0033.MXF
.f           Legislature/IDLEG 2021/BEKDE LT GOV/785_0033M01.XML
.f           Legislature/IDLEG 2021/BEKDE LT GOV/785_0033R01.BIM
.f           Legislature/IDLEG 2021/BEKDE LT GOV/785_0034.MXF
.f           Legislature/IDLEG 2021/BEKDE LT GOV/785_0034M01.XML
.f           Legislature/IDLEG 2021/BEKDE LT GOV/785_0034R01.BIM
.f           Legislature/IDLEG 2021/BEKDE LT GOV/785_0035.MXF
.f           Legislature/IDLEG 2021/BEKDE LT GOV/785_0035M01.XML
.f           Legislature/IDLEG 2021/BEKDE LT GOV/785_0035R01.BIM
.f           Legislature/IDLEG 2021/BEKDE LT GOV/Image from iOS.jpg
.f           Legislature/IDLEG 2021/BEKDE LT GOV/Screen Shot 2021-05-27 at 12.00.08 PM.png
.f           Legislature/IDLEG 2021/BEKDE LT GOV/ir4101_Mz.jpg
.d           Legislature/IDLEG 2021/Muffy Davis COVID rules/
.f           Legislature/IDLEG 2021/Muffy Davis COVID rules/._210119_hjud_0130PM-Meeting.mp4
.f           Legislature/IDLEG 2021/Muffy Davis COVID rules/._HouseChambers01-15-2021.mp4
.f           Legislature/IDLEG 2021/Muffy Davis COVID rules/._Muffy Davis Clip from Marcia.mp4
.f           Legislature/IDLEG 2021/Muffy Davis COVID rules/210119_hjud_0130PM-Meeting.mp4
.f           Legislature/IDLEG 2021/Muffy Davis COVID rules/HouseChambers01-15-2021.mp4
.f           Legislature/IDLEG 2021/Muffy Davis COVID rules/Muffy Davis Clip from Marcia.mp4
.d           Legislature/IDLEG 2021/PROPERTY TAXES/
.f           Legislature/IDLEG 2021/PROPERTY TAXES/._Data from the Ada County Clerk\#342\#200\#231s office shows the widening disparity between commercial and residential property taxes courtesy of the Ada County Clerk\#342\#200\#231s office.jpeg
.f           Legislature/IDLEG 2021/PROPERTY TAXES/._History of Property Tax in Idaho.pdf
.f           Legislature/IDLEG 2021/PROPERTY TAXES/._ID Property Tax Limitations and Initiatives 1978\#342\#200\#223present.pdf
.f           Legislature/IDLEG 2021/PROPERTY TAXES/._Property Tax Analysis.xlsx
.f           Legislature/IDLEG 2021/PROPERTY TAXES/Data from the Ada County Clerk\#342\#200\#231s office shows the widening disparity between commercial and residential property taxes courtesy of the Ada County Clerk\#342\#200\#231s office.jpeg
.f           Legislature/IDLEG 2021/PROPERTY TAXES/History of Property Tax in Idaho.pdf
.f           Legislature/IDLEG 2021/PROPERTY TAXES/ID Property Tax Limitations and Initiatives 1978\#342\#200\#223present.pdf
.f           Legislature/IDLEG 2021/PROPERTY TAXES/Property Tax Analysis.xlsx
.d           Legislature/IDLEG 2021/Reps/
.f           Legislature/IDLEG 2021/Reps/._Addis, Jim.jpg
.f           Legislature/IDLEG 2021/Reps/._Amador, Paul.jpg
.f           Legislature/IDLEG 2021/Reps/._Andrus, Kevin.jpg
.f           Legislature/IDLEG 2021/Reps/._Armstrong, Randy.jpg
.f           Legislature/IDLEG 2021/Reps/._Barbieri, Vito.jpg
.f           Legislature/IDLEG 2021/Reps/._Bedke, Scott.jpg
.f           Legislature/IDLEG 2021/Reps/._Berch, Steve.jpg
.f           Legislature/IDLEG 2021/Reps/._Blanksma, Megan.jpg
.f           Legislature/IDLEG 2021/Reps/._Boyle, Judy.jpg
.f           Legislature/IDLEG 2021/Reps/._Bundy, Matthew.jpg
.f           Legislature/IDLEG 2021/Reps/._Cannon, David.jpg
.f           Legislature/IDLEG 2021/Reps/._Chaney, Greg.jpg
.f           Legislature/IDLEG 2021/Reps/._Chew, Sue.jpg
.f           Legislature/IDLEG 2021/Reps/._Christensen, Chad.jpg
.f           Legislature/IDLEG 2021/Reps/._Clow, Lance.jpg
.f           Legislature/IDLEG 2021/Reps/._Crane, Brent.jpg
.f           Legislature/IDLEG 2021/Reps/._Davis, Muffy.jpg
.f           Legislature/IDLEG 2021/Reps/._DeMordaunt, Gayann.jpg
.f           Legislature/IDLEG 2021/Reps/._Dixon, Sage.jpg
.f           Legislature/IDLEG 2021/Reps/._Ehardt, Barbara.jpg
.f           Legislature/IDLEG 2021/Reps/._Erickson, Marco - 2.jpg
.f           Legislature/IDLEG 2021/Reps/._Ferch, Greg.jpg
.f           Legislature/IDLEG 2021/Reps/._Furniss, Rod.jpg
.f           Legislature/IDLEG 2021/Reps/._Galloway, Codi.jpg
.f           Legislature/IDLEG 2021/Reps/._Gannon, John.jpg
.f           Legislature/IDLEG 2021/Reps/._Gestrin, Terry.jpg
.f           Legislature/IDLEG 2021/Reps/._Gibbs, Marc.jpg
.f           Legislature/IDLEG 2021/Reps/._Giddings, Priscilla.jpg
.f           Legislature/IDLEG 2021/Reps/._Greene, Brooke.jpg
.f           Legislature/IDLEG 2021/Reps/._Hanks, Karey.jpg
.f           Legislature/IDLEG 2021/Reps/._Harris, Steve.jpg
.f           Legislature/IDLEG 2021/Reps/._Hartgen, Linda - 2.jpg
.f           Legislature/IDLEG 2021/Reps/._Holtzclaw, James.jpg
.f           Legislature/IDLEG 2021/Reps/._Horman, Wendy.jpg
.f           Legislature/IDLEG 2021/Reps/._Kauffman, Clark.jpg
.f           Legislature/IDLEG 2021/Reps/._Kerby, Ryan.jpg
.f           Legislature/IDLEG 2021/Reps/._Kingsley, Mike.jpg
.f           Legislature/IDLEG 2021/Reps/._Lickley, Laurie.jpg
.f           Legislature/IDLEG 2021/Reps/._Manwaring, Dustin.jpg
.f           Legislature/IDLEG 2021/Reps/._Marshall, Gary.jpg
.f           Legislature/IDLEG 2021/Reps/._Mathias, Chris.jpg
.f           Legislature/IDLEG 2021/Reps/._McCrostie, John.jpg
.f           Legislature/IDLEG 2021/Reps/._Mendive, Ron.jpg
.f           Legislature/IDLEG 2021/Reps/._Mitchell, Brandon.jpg
.f           Legislature/IDLEG 2021/Reps/._Monks, Jason.jpg
.f           Legislature/IDLEG 2021/Reps/._Moon, Dorothy.jpg
.f           Legislature/IDLEG 2021/Reps/._Moyle, Mike.jpg
.f           Legislature/IDLEG 2021/Reps/._Nash, Colin.jpg
.f           Legislature/IDLEG 2021/Reps/._Nate, Ron.jpg
.f           Legislature/IDLEG 2021/Reps/._Necochea, Lauren.jpg
.f           Legislature/IDLEG 2021/Reps/._Nichols, Tammy.jpg
.f           Legislature/IDLEG 2021/Reps/._Okuniewicz, Doug.jpg
.f           Legislature/IDLEG 2021/Reps/._Palmer, Joe.jpg
.f           Legislature/IDLEG 2021/Reps/._Rubel, Ilana.jpg
.f           Legislature/IDLEG 2021/Reps/._Ruchti, James.jpg
.f           Legislature/IDLEG 2021/Reps/._Scott, Heather.jpg
.f           Legislature/IDLEG 2021/Reps/._Shepherd, Charlie.jpg
.f           Legislature/IDLEG 2021/Reps/._Skaug, Bruce.jpg
.f           Legislature/IDLEG 2021/Reps/._Syme, Scott.jpg
.f           Legislature/IDLEG 2021/Reps/._Toone, Sally.jpg
.f           Legislature/IDLEG 2021/Reps/._Troy, Caroline.jpg
.f           Legislature/IDLEG 2021/Reps/._Vander Woude, John.jpg
.f           Legislature/IDLEG 2021/Reps/._Weber, John.jpg
.f           Legislature/IDLEG 2021/Reps/._Wisniewski, Tony.jpg
.f           Legislature/IDLEG 2021/Reps/._Wood, Fred.jpg
.f           Legislature/IDLEG 2021/Reps/._Yamamoto, Julie.jpg
.f           Legislature/IDLEG 2021/Reps/._Young, Julianne - 2.jpg
.f           Legislature/IDLEG 2021/Reps/._Youngblood, Rick.jpg
.f           Legislature/IDLEG 2021/Reps/._von Ehlinger, Aaron.jpg
.f           Legislature/IDLEG 2021/Reps/Addis, Jim.jpg
.f           Legislature/IDLEG 2021/Reps/Amador, Paul.jpg
.f           Legislature/IDLEG 2021/Reps/Andrus, Kevin.jpg
.f           Legislature/IDLEG 2021/Reps/Armstrong, Randy.jpg
.f           Legislature/IDLEG 2021/Reps/Barbieri, Vito.jpg
.f           Legislature/IDLEG 2021/Reps/Bedke, Scott.jpg
.f           Legislature/IDLEG 2021/Reps/Berch, Steve.jpg
.f           Legislature/IDLEG 2021/Reps/Blanksma, Megan.jpg
.f           Legislature/IDLEG 2021/Reps/Boyle, Judy.jpg
.f           Legislature/IDLEG 2021/Reps/Bundy, Matthew.jpg
.f           Legislature/IDLEG 2021/Reps/Cannon, David.jpg
.f           Legislature/IDLEG 2021/Reps/Chaney, Greg.jpg
.f           Legislature/IDLEG 2021/Reps/Chew, Sue.jpg
.f           Legislature/IDLEG 2021/Reps/Christensen, Chad.jpg
.f           Legislature/IDLEG 2021/Reps/Clow, Lance.jpg
.f           Legislature/IDLEG 2021/Reps/Crane, Brent.jpg
.f           Legislature/IDLEG 2021/Reps/Davis, Muffy.jpg
.f           Legislature/IDLEG 2021/Reps/DeMordaunt, Gayann.jpg
.f           Legislature/IDLEG 2021/Reps/Dixon, Sage.jpg
.f           Legislature/IDLEG 2021/Reps/Ehardt, Barbara.jpg
.f           Legislature/IDLEG 2021/Reps/Erickson, Marco - 2.jpg
.f           Legislature/IDLEG 2021/Reps/Ferch, Greg.jpg
.f           Legislature/IDLEG 2021/Reps/Furniss, Rod.jpg
.f           Legislature/IDLEG 2021/Reps/Galloway, Codi.jpg
.f           Legislature/IDLEG 2021/Reps/Gannon, John.jpg
.f           Legislature/IDLEG 2021/Reps/Gestrin, Terry.jpg
.f           Legislature/IDLEG 2021/Reps/Gibbs, Marc.jpg
.f           Legislature/IDLEG 2021/Reps/Giddings, Priscilla.jpg
.f           Legislature/IDLEG 2021/Reps/Greene, Brooke.jpg
.f           Legislature/IDLEG 2021/Reps/Hanks, Karey.jpg
.f           Legislature/IDLEG 2021/Reps/Harris, Steve.jpg
.f           Legislature/IDLEG 2021/Reps/Hartgen, Linda - 2.jpg
.f           Legislature/IDLEG 2021/Reps/Holtzclaw, James.jpg
.f           Legislature/IDLEG 2021/Reps/Horman, Wendy.jpg
.f           Legislature/IDLEG 2021/Reps/Kauffman, Clark.jpg
.f           Legislature/IDLEG 2021/Reps/Kerby, Ryan.jpg
.f           Legislature/IDLEG 2021/Reps/Kingsley, Mike.jpg
.f           Legislature/IDLEG 2021/Reps/Lickley, Laurie.jpg
.f           Legislature/IDLEG 2021/Reps/Manwaring, Dustin.jpg
.f           Legislature/IDLEG 2021/Reps/Marshall, Gary.jpg
.f           Legislature/IDLEG 2021/Reps/Mathias, Chris.jpg
.f           Legislature/IDLEG 2021/Reps/McCrostie, John.jpg
.f           Legislature/IDLEG 2021/Reps/Mendive, Ron.jpg
.f           Legislature/IDLEG 2021/Reps/Mitchell, Brandon.jpg
.f           Legislature/IDLEG 2021/Reps/Monks, Jason.jpg
.f           Legislature/IDLEG 2021/Reps/Moon, Dorothy.jpg
.f           Legislature/IDLEG 2021/Reps/Moyle, Mike.jpg
.f           Legislature/IDLEG 2021/Reps/Nash, Colin.jpg
.f           Legislature/IDLEG 2021/Reps/Nate, Ron.jpg
.f           Legislature/IDLEG 2021/Reps/Necochea, Lauren.jpg
.f           Legislature/IDLEG 2021/Reps/Nichols, Tammy.jpg
.f           Legislature/IDLEG 2021/Reps/Okuniewicz, Doug.jpg
.f           Legislature/IDLEG 2021/Reps/Palmer, Joe.jpg
.f           Legislature/IDLEG 2021/Reps/Rubel, Ilana.jpg
.f           Legislature/IDLEG 2021/Reps/Ruchti, James.jpg
.f           Legislature/IDLEG 2021/Reps/Scott, Heather.jpg
.f           Legislature/IDLEG 2021/Reps/Shepherd, Charlie.jpg
.f           Legislature/IDLEG 2021/Reps/Skaug, Bruce.jpg
.f           Legislature/IDLEG 2021/Reps/Syme, Scott.jpg
.f           Legislature/IDLEG 2021/Reps/Toone, Sally.jpg
.f           Legislature/IDLEG 2021/Reps/Troy, Caroline.jpg
.f           Legislature/IDLEG 2021/Reps/Vander Woude, John.jpg
.f           Legislature/IDLEG 2021/Reps/Weber, John.jpg
.f           Legislature/IDLEG 2021/Reps/Wisniewski, Tony.jpg
.f           Legislature/IDLEG 2021/Reps/Wood, Fred.jpg
.f           Legislature/IDLEG 2021/Reps/Yamamoto, Julie.jpg
.f           Legislature/IDLEG 2021/Reps/Young, Julianne - 2.jpg
.f           Legislature/IDLEG 2021/Reps/Youngblood, Rick.jpg
.f           Legislature/IDLEG 2021/Reps/von Ehlinger, Aaron.jpg
.d           Legislature/IDLEG 2021/SEX ED/
.f           Legislature/IDLEG 2021/SEX ED/._1970 SB 1519.pdf
.f           Legislature/IDLEG 2021/SEX ED/._1970 Senate Journal.pdf
.f           Legislature/IDLEG 2021/SEX ED/._33-1608 \#342\#200\#223 33-1611.pdf
.f           Legislature/IDLEG 2021/SEX ED/._33-1608 \#342\#200\#223 33-1611.rtf
.f           Legislature/IDLEG 2021/SEX ED/._Idaho Sex Education.pdf
.f           Legislature/IDLEG 2021/SEX ED/1970 SB 1519.pdf
.f           Legislature/IDLEG 2021/SEX ED/1970 Senate Journal.pdf
.f           Legislature/IDLEG 2021/SEX ED/33-1608 \#342\#200\#223 33-1611.pdf
.f           Legislature/IDLEG 2021/SEX ED/33-1608 \#342\#200\#223 33-1611.rtf
.f           Legislature/IDLEG 2021/SEX ED/Idaho Sex Education.pdf
.d           PREMIERE EXPORTS/
.f           PREMIERE EXPORTS/._Export to YouTube-COVID Update LOGAN.epr
.f           PREMIERE EXPORTS/._IR-Facebook-1080p-HD.epr
.f           PREMIERE EXPORTS/._IR-Twitter-1080p-HD.epr
.f           PREMIERE EXPORTS/._MXF 1080i60 for Broadcast NO CC.epr
.f           PREMIERE EXPORTS/._MXF 1080i60 for Broadcast WITH CC Embed.epr
.f           PREMIERE EXPORTS/Export to YouTube-COVID Update LOGAN.epr
.f           PREMIERE EXPORTS/IR-Facebook-1080p-HD.epr
.f           PREMIERE EXPORTS/IR-Twitter-1080p-HD.epr
.f           PREMIERE EXPORTS/MXF 1080i60 for Broadcast NO CC.epr
.f           PREMIERE EXPORTS/MXF 1080i60 for Broadcast WITH CC Embed.epr
.d           Paperwork/
.f           Paperwork/._Acknowledgement-Form-LF.pdf
.f           Paperwork/._ISP Reimbursements
.f           Paperwork/._Schlaefle stipend bio.docx
.f           Paperwork/Acknowledgement-Form-LF.pdf
.f           Paperwork/Schlaefle stipend bio.docx
.d           Paperwork/ISP Reimbursements/
.f           Paperwork/ISP Reimbursements/._Dec-ISP.pdf
.f           Paperwork/ISP Reimbursements/._ISP Reimbursement Form.docx
.f           Paperwork/ISP Reimbursements/._ISP Reimbursement Form.pdf
.f           Paperwork/ISP Reimbursements/._Mar-ISP.pdf
.f           Paperwork/ISP Reimbursements/._Q2 ISP Reimbursement Form.pdf
.f           Paperwork/ISP Reimbursements/._Q3 ISP Reimbursement Form.pdf
.f           Paperwork/ISP Reimbursements/._Q4 ISP Reimbursement Form.pdf
.f           Paperwork/ISP Reimbursements/Dec-ISP.pdf
.f           Paperwork/ISP Reimbursements/ISP Reimbursement Form.docx
.f           Paperwork/ISP Reimbursements/ISP Reimbursement Form.pdf
.f           Paperwork/ISP Reimbursements/Mar-ISP.pdf
.f           Paperwork/ISP Reimbursements/Q2 ISP Reimbursement Form.pdf
.f           Paperwork/ISP Reimbursements/Q3 ISP Reimbursement Form.pdf
.f           Paperwork/ISP Reimbursements/Q4 ISP Reimbursement Form.pdf
cd++++++++++ Seagate/
>f++++++++++ Seagate/._Registration
cd++++++++++ Seagate/Registration/
>f++++++++++ Seagate/Registration/._SerialNumber.xml
>f++++++++++ Seagate/Registration/SerialNumber.xml
.d           personal/
.f           personal/!The Bitter End.png
.f           personal/.DS_Store
.f           personal/._!The Bitter End.png
.f           personal/._.DS_Store
.f           personal/._0427201711b.jpg
.f           personal/._4-23-img1.png
.f           personal/._4-23-img2.png
.f           personal/._4-23-img3.png
.f           personal/._4-23-img5.png
.f           personal/._5-15-img1.jpg
.f           personal/._5-15-img2.jpg
.f           personal/._5-15-img3.jpg
.f           personal/._Davlin-letter.docx
.f           personal/._Davlin-letter.pdf
.f           personal/._IR_crew_2021.jpeg
.f           personal/._Sand Dunes
.f           personal/._Website May 2020.png
.f           personal/._back to office ice cream social June 2021.png
.f           personal/._tyjidptv.jpg
.f           personal/0427201711b.jpg
.f           personal/4-23-img1.png
.f           personal/4-23-img2.png
.f           personal/4-23-img3.png
.f           personal/4-23-img5.png
.f           personal/5-15-img1.jpg
.f           personal/5-15-img2.jpg
.f           personal/5-15-img3.jpg
.f           personal/Davlin-letter.docx
.f           personal/Davlin-letter.pdf
.f           personal/IR_crew_2021.jpeg
.f           personal/Website May 2020.png
.f           personal/back to office ice cream social June 2021.png
.f           personal/tyjidptv.jpg
.d           personal/Sand Dunes/
.f           personal/Sand Dunes/._IMG_0369.JPG
.f           personal/Sand Dunes/._IMG_0370.JPG
.f           personal/Sand Dunes/._IMG_0371.JPG
.f           personal/Sand Dunes/._IMG_0377.JPG
.f           personal/Sand Dunes/._IMG_0387.JPG
.f           personal/Sand Dunes/._IMG_0438.JPG
.f           personal/Sand Dunes/._MVI_0361.MOV
.f           personal/Sand Dunes/._MVI_0362.MOV
.f           personal/Sand Dunes/._MVI_0363.MOV
.f           personal/Sand Dunes/._MVI_0364.MOV
.f           personal/Sand Dunes/._MVI_0365.MOV
.f           personal/Sand Dunes/._MVI_0367.MOV
.f           personal/Sand Dunes/._MVI_0368.MOV
.f           personal/Sand Dunes/._MVI_0372.MOV
.f           personal/Sand Dunes/._MVI_0373.MOV
.f           personal/Sand Dunes/._MVI_0374.MOV
.f           personal/Sand Dunes/._MVI_0376.MOV
.f           personal/Sand Dunes/._MVI_0378.MOV
.f           personal/Sand Dunes/._MVI_0379.MOV
.f           personal/Sand Dunes/._MVI_0380.MOV
.f           personal/Sand Dunes/._MVI_0381.MOV
.f           personal/Sand Dunes/._MVI_0382.MOV
.f           personal/Sand Dunes/._MVI_0383.MOV
.f           personal/Sand Dunes/._MVI_0384.MOV
.f           personal/Sand Dunes/._MVI_0386.MOV
.f           personal/Sand Dunes/._MVI_0388.MOV
.f           personal/Sand Dunes/._MVI_0389.MOV
.f           personal/Sand Dunes/._MVI_0390.MOV
.f           personal/Sand Dunes/._MVI_0391.MOV
.f           personal/Sand Dunes/._MVI_0392.MOV
.f           personal/Sand Dunes/._MVI_0394.MOV
.f           personal/Sand Dunes/._MVI_0395.MOV
.f           personal/Sand Dunes/._MVI_0396.MOV
.f           personal/Sand Dunes/._MVI_0397.MOV
.f           personal/Sand Dunes/._MVI_0398.MOV
.f           personal/Sand Dunes/._MVI_0399.MOV
.f           personal/Sand Dunes/._MVI_0400.MOV
.f           personal/Sand Dunes/._MVI_0401.MOV
.f           personal/Sand Dunes/._MVI_0402.MOV
.f           personal/Sand Dunes/._MVI_0403.MOV
.f           personal/Sand Dunes/._MVI_0404.MOV
.f           personal/Sand Dunes/._MVI_0405.MOV
.f           personal/Sand Dunes/._MVI_0406.MOV
.f           personal/Sand Dunes/._MVI_0407.MOV
.f           personal/Sand Dunes/._MVI_0408.MOV
.f           personal/Sand Dunes/._MVI_0409.MOV
.f           personal/Sand Dunes/._MVI_0411.MOV
.f           personal/Sand Dunes/._MVI_0412.MOV
.f           personal/Sand Dunes/._MVI_0413.MOV
.f           personal/Sand Dunes/._MVI_0414.MOV
.f           personal/Sand Dunes/._MVI_0415.MOV
.f           personal/Sand Dunes/._MVI_0417.MOV
.f           personal/Sand Dunes/._MVI_0418.MOV
.f           personal/Sand Dunes/._MVI_0419.MOV
.f           personal/Sand Dunes/._MVI_0420.MOV
.f           personal/Sand Dunes/._MVI_0421.MOV
.f           personal/Sand Dunes/._MVI_0422.MOV
.f           personal/Sand Dunes/._MVI_0423.MOV
.f           personal/Sand Dunes/._MVI_0424.MOV
.f           personal/Sand Dunes/._MVI_0425.MOV
.f           personal/Sand Dunes/._MVI_0426.MOV
.f           personal/Sand Dunes/._MVI_0427.MOV
.f           personal/Sand Dunes/._MVI_0428.MOV
.f           personal/Sand Dunes/._MVI_0429.MOV
.f           personal/Sand Dunes/._MVI_0430.MOV
.f           personal/Sand Dunes/._MVI_0431.MOV
.f           personal/Sand Dunes/._MVI_0432.MOV
.f           personal/Sand Dunes/._MVI_0433.MOV
.f           personal/Sand Dunes/._MVI_0434.MOV
.f           personal/Sand Dunes/._MVI_0435.MOV
.f           personal/Sand Dunes/._MVI_0436.MOV
.f           personal/Sand Dunes/._MVI_0437.MOV
.f           personal/Sand Dunes/._MVI_0439.MOV
.f           personal/Sand Dunes/._MVI_0440.MOV
.f           personal/Sand Dunes/._MVI_0441.MOV
.f           personal/Sand Dunes/._MVI_0442.MOV
.f           personal/Sand Dunes/._MVI_0443.MOV
.f           personal/Sand Dunes/._MVI_0444.MOV
.f           personal/Sand Dunes/._MVI_0445.MOV
.f           personal/Sand Dunes/._MVI_0446.MOV
.f           personal/Sand Dunes/._MVI_0447.MOV
.f           personal/Sand Dunes/._MVI_0448.MOV
.f           personal/Sand Dunes/._MVI_0449.MOV
.f           personal/Sand Dunes/._MVI_0450.MOV
.f           personal/Sand Dunes/._MVI_0451.MOV
.f           personal/Sand Dunes/._MVI_0452.MOV
.f           personal/Sand Dunes/._MVI_0453.MOV
.f           personal/Sand Dunes/._MVI_0454.MOV
.f           personal/Sand Dunes/IMG_0369.JPG
.f           personal/Sand Dunes/IMG_0370.JPG
.f           personal/Sand Dunes/IMG_0371.JPG
.f           personal/Sand Dunes/IMG_0377.JPG
.f           personal/Sand Dunes/IMG_0387.JPG
.f           personal/Sand Dunes/IMG_0438.JPG
.f           personal/Sand Dunes/MVI_0361.MOV
.f           personal/Sand Dunes/MVI_0362.MOV
.f           personal/Sand Dunes/MVI_0363.MOV
.f           personal/Sand Dunes/MVI_0364.MOV
.f           personal/Sand Dunes/MVI_0365.MOV
.f           personal/Sand Dunes/MVI_0367.MOV
.f           personal/Sand Dunes/MVI_0368.MOV
.f           personal/Sand Dunes/MVI_0372.MOV
.f           personal/Sand Dunes/MVI_0373.MOV
.f           personal/Sand Dunes/MVI_0374.MOV
.f           personal/Sand Dunes/MVI_0376.MOV
.f           personal/Sand Dunes/MVI_0378.MOV
.f           personal/Sand Dunes/MVI_0379.MOV
.f           personal/Sand Dunes/MVI_0380.MOV
.f           personal/Sand Dunes/MVI_0381.MOV
.f           personal/Sand Dunes/MVI_0382.MOV
.f           personal/Sand Dunes/MVI_0383.MOV
.f           personal/Sand Dunes/MVI_0384.MOV
.f           personal/Sand Dunes/MVI_0386.MOV
.f           personal/Sand Dunes/MVI_0388.MOV
.f           personal/Sand Dunes/MVI_0389.MOV
.f           personal/Sand Dunes/MVI_0390.MOV
.f           personal/Sand Dunes/MVI_0391.MOV
.f           personal/Sand Dunes/MVI_0392.MOV
.f           personal/Sand Dunes/MVI_0394.MOV
.f           personal/Sand Dunes/MVI_0395.MOV
.f           personal/Sand Dunes/MVI_0396.MOV
.f           personal/Sand Dunes/MVI_0397.MOV
.f           personal/Sand Dunes/MVI_0398.MOV
.f           personal/Sand Dunes/MVI_0399.MOV
.f           personal/Sand Dunes/MVI_0400.MOV
.f           personal/Sand Dunes/MVI_0401.MOV
.f           personal/Sand Dunes/MVI_0402.MOV
.f           personal/Sand Dunes/MVI_0403.MOV
.f           personal/Sand Dunes/MVI_0404.MOV
.f           personal/Sand Dunes/MVI_0405.MOV
.f           personal/Sand Dunes/MVI_0406.MOV
.f           personal/Sand Dunes/MVI_0407.MOV
.f           personal/Sand Dunes/MVI_0408.MOV
.f           personal/Sand Dunes/MVI_0409.MOV
.f           personal/Sand Dunes/MVI_0411.MOV
.f           personal/Sand Dunes/MVI_0412.MOV
.f           personal/Sand Dunes/MVI_0413.MOV
.f           personal/Sand Dunes/MVI_0414.MOV
.f           personal/Sand Dunes/MVI_0415.MOV
.f           personal/Sand Dunes/MVI_0417.MOV
.f           personal/Sand Dunes/MVI_0418.MOV
.f           personal/Sand Dunes/MVI_0419.MOV
.f           personal/Sand Dunes/MVI_0420.MOV
.f           personal/Sand Dunes/MVI_0421.MOV
.f           personal/Sand Dunes/MVI_0422.MOV
.f           personal/Sand Dunes/MVI_0423.MOV
.f           personal/Sand Dunes/MVI_0424.MOV
.f           personal/Sand Dunes/MVI_0425.MOV
.f           personal/Sand Dunes/MVI_0426.MOV
.f           personal/Sand Dunes/MVI_0427.MOV
.f           personal/Sand Dunes/MVI_0428.MOV
.f           personal/Sand Dunes/MVI_0429.MOV
.f           personal/Sand Dunes/MVI_0430.MOV
.f           personal/Sand Dunes/MVI_0431.MOV
.f           personal/Sand Dunes/MVI_0432.MOV
.f           personal/Sand Dunes/MVI_0433.MOV
.f           personal/Sand Dunes/MVI_0434.MOV
.f           personal/Sand Dunes/MVI_0435.MOV
.f           personal/Sand Dunes/MVI_0436.MOV
.f           personal/Sand Dunes/MVI_0437.MOV
.f           personal/Sand Dunes/MVI_0439.MOV
.f           personal/Sand Dunes/MVI_0440.MOV
.f           personal/Sand Dunes/MVI_0441.MOV
.f           personal/Sand Dunes/MVI_0442.MOV
.f           personal/Sand Dunes/MVI_0443.MOV
.f           personal/Sand Dunes/MVI_0444.MOV
.f           personal/Sand Dunes/MVI_0445.MOV
.f           personal/Sand Dunes/MVI_0446.MOV
.f           personal/Sand Dunes/MVI_0447.MOV
.f           personal/Sand Dunes/MVI_0448.MOV
.f           personal/Sand Dunes/MVI_0449.MOV
.f           personal/Sand Dunes/MVI_0450.MOV
.f           personal/Sand Dunes/MVI_0451.MOV
.f           personal/Sand Dunes/MVI_0452.MOV
.f           personal/Sand Dunes/MVI_0453.MOV
.f           personal/Sand Dunes/MVI_0454.MOV

Number of files: 7,740 (reg: 7,107, dir: 631, link: 2)
Number of created files: 19 (reg: 17, dir: 2)
Number of deleted files: 0
Number of regular files transferred: 99
Total file size: 188.77G bytes
Total transferred file size: 1.89M bytes
Literal data: 0 bytes
Matched data: 0 bytes
File list size: 0
File list generation time: 33.515 seconds
File list transfer time: 0.000 seconds
Total bytes sent: 415.33K
Total bytes received: 24.17K

sent 415.33K bytes  received 24.17K bytes  84.72 bytes/sec
total size is 188.77G  speedup is 429,515.60 (DRY RUN)
